 ,Area,X,Y,Perim.,BX,BY,Width,Height,Circ.,Feret,FeretX,FeretY,FeretAngle,MinFeret,AR,Round,Solidity
1,42,960.643,40.190,38.870,956,34,10,12,0.349,14.422,957,46,56.310,6.326,3.408,0.293,0.587
2,29,1180.121,42.052,28.385,1177,39,7,8,0.452,9.220,1177,45,40.601,7.000,1.349,0.741,0.637
3,31,861.016,44.565,25.799,857,40,8,9,0.585,9.849,857,40,113.962,7.143,1.359,0.736,0.681
4,62,757.645,48.081,44.142,752,41,15,10,0.400,17.493,752,41,149.036,9.279,2.415,0.414,0.599
5,30,1027.833,44.267,23.799,1023,41,9,7,0.666,10.817,1023,42,146.310,4.992,2.789,0.359,0.714
6,121,948.963,48.971,52.527,942,43,14,14,0.551,16.643,946,57,57.265,13.460,1.062,0.941,0.771
7,29,1066.948,50.362,31.314,1065,43,4,14,0.372,14.142,1066,43,98.130,4.000,4.013,0.249,0.707
8,39,875.782,51.167,32.385,872,47,9,10,0.467,12.207,874,57,55.008,7.632,1.876,0.533,0.650
9,37,866.608,52.230,34.870,862,48,9,8,0.382,11.402,862,55,37.875,8.000,1.364,0.733,0.587
10,29,1083.397,52.155,24.728,1079,48,7,8,0.596,9.220,1079,54,40.601,7.000,1.280,0.781,0.716
11,35,1033.129,53.900,32.971,1029,50,10,7,0.405,10.770,1029,53,158.199,7.000,1.378,0.726,0.625
12,25,880.940,54.180,18.142,878,51,6,6,0.954,7.810,879,51,129.806,4.950,1.667,0.600,0.877
13,36,998.389,56.278,30.627,992,53,12,7,0.482,13.000,992,59,22.620,5.659,2.757,0.363,0.679
14,47,1079.266,57.904,33.213,1072,55,13,7,0.535,13.928,1072,56,158.962,6.261,2.781,0.360,0.701
15,43,954.058,62.965,38.870,950,56,7,15,0.358,15.811,950,56,108.435,5.907,3.187,0.314,0.632
16,39,936.500,64.090,29.456,932,59,8,10,0.565,11.662,933,69,59.036,6.450,2.198,0.455,0.696
17,36,1002.556,61.722,24.971,998,59,9,6,0.726,10.296,998,65,29.055,6.000,1.629,0.614,0.828
18,26,1065.769,64.115,21.556,1062,61,8,6,0.703,8.944,1062,62,153.435,6.000,1.567,0.638,0.743
19,36,784.028,67.778,34.042,778,62,11,10,0.390,14.213,778,71,39.289,4.950,3.576,0.280,0.637
20,60,905.250,70.050,41.213,902,64,7,12,0.444,13.000,903,64,112.620,6.905,2.118,0.472,0.779
21,27,800.056,70.648,30.728,793,66,11,7,0.359,12.207,793,73,34.992,5.547,2.639,0.379,0.581
22,32,948.062,69.438,25.213,943,66,10,7,0.633,11.180,943,66,153.435,5.199,2.775,0.360,0.744
23,39,1131.910,81.269,27.213,1127,78,9,8,0.662,10.630,1127,78,131.186,7.071,1.522,0.657,0.765
24,30,1165.667,83.900,28.385,1161,79,8,10,0.468,12.207,1161,79,124.992,4.802,3.212,0.311,0.652
25,36,1017.833,83.722,24.142,1015,80,6,8,0.776,9.434,1015,80,122.005,6.000,1.614,0.620,0.847
26,29,1082.259,85.224,23.556,1078,81,7,7,0.657,9.899,1078,88,45.000,6.364,1.598,0.626,0.817
27,77,1131.136,90.903,55.598,1125,83,13,17,0.313,17.804,1127,100,51.843,12.754,1.453,0.688,0.508
28,29,938.362,91.224,33.213,935,87,7,9,0.330,10.817,935,87,123.690,6.668,1.615,0.619,0.580
29,42,1042.024,95.881,33.799,1037,90,8,11,0.462,11.402,1041,90,105.255,8.000,1.563,0.640,0.661
30,39,1049.244,96.115,24.971,1046,91,7,9,0.786,9.487,1047,100,71.565,6.957,1.412,0.708,0.812
31,37,1084.257,97.068,29.213,1081,92,8,10,0.545,10.817,1083,101,56.310,7.276,1.462,0.684,0.649
32,34,1118.500,94.000,28.728,1112,92,12,5,0.518,12.649,1112,93,161.565,4.315,3.743,0.267,0.747
33,49,1159.643,94.602,37.213,1153,92,14,6,0.445,14.142,1153,95,8.130,6.000,2.540,0.394,0.731
34,42,1066.881,99.833,31.213,1063,96,9,9,0.542,12.042,1063,104,41.634,7.778,2.198,0.455,0.706
35,34,1009.912,99.794,27.799,1005,97,11,6,0.553,11.705,1005,97,160.017,5.590,2.449,0.408,0.701
36,32,1104.781,101.812,25.213,1101,98,8,9,0.633,9.487,1102,98,108.435,7.155,1.532,0.653,0.681
37,71,1208.007,104.458,52.770,1201,98,14,13,0.320,15.232,1201,101,156.801,10.927,1.442,0.693,0.584
38,25,843.300,101.260,20.385,840,99,7,5,0.756,8.062,840,103,29.745,5.000,1.753,0.571,0.806
39,57,1076.623,112.763,41.113,1071,108,11,9,0.424,12.530,1071,115,28.610,8.918,1.537,0.651,0.704
40,50,1173.760,112.920,34.042,1170,108,8,11,0.542,12.083,1173,119,65.556,8.000,1.344,0.744,0.714
41,33,975.076,113.045,23.556,972,109,7,7,0.747,9.220,973,109,130.601,6.517,1.485,0.673,0.815
42,42,1181.405,115.833,29.799,1177,110,9,10,0.594,12.207,1178,120,55.008,7.042,2.061,0.485,0.689
43,25,1147.460,114.620,20.728,1145,111,5,7,0.731,8.062,1145,118,60.255,5.000,1.793,0.558,0.794
44,25,1212.660,118.260,21.556,1210,114,6,8,0.676,10.000,1210,114,126.870,4.400,2.684,0.373,0.794
45,46,1189.543,122.826,40.042,1185,116,9,15,0.361,16.553,1185,116,115.017,6.462,3.737,0.268,0.558
46,37,1041.689,123.365,25.799,1038,119,7,9,0.699,9.220,1042,128,77.471,6.472,1.503,0.666,0.771
47,26,1160.115,121.192,26.728,1154,119,12,4,0.457,12.166,1154,120,170.538,3.922,3.812,0.262,0.732
48,116,1180.345,125.784,55.355,1173,119,14,12,0.476,17.804,1173,120,141.843,11.816,1.490,0.671,0.746
49,44,1148.750,124.886,32.627,1145,120,9,9,0.519,10.817,1145,122,146.310,8.627,1.345,0.744,0.698
50,94,1242.457,129.947,49.941,1238,120,11,18,0.474,18.682,1243,120,105.524,9.925,2.314,0.432,0.657
51,32,1159.344,127.969,28.042,1154,124,11,8,0.511,12.530,1154,131,28.610,5.115,3.197,0.313,0.640
52,43,1247.919,128.267,25.556,1244,124,7,9,0.827,10.296,1245,124,119.055,6.499,1.700,0.588,0.843
53,36,1135.083,131.611,34.870,1131,126,9,10,0.372,10.770,1134,136,68.199,8.104,1.206,0.829,0.585
54,43,814.314,131.686,27.799,809,128,11,6,0.699,11.402,809,134,15.255,6.000,1.920,0.521,0.843
55,57,1215.518,132.833,43.941,1209,128,13,9,0.371,13.601,1209,131,162.897,8.629,1.523,0.657,0.679
56,31,1163.242,132.145,22.971,1159,129,8,6,0.738,8.944,1159,134,26.565,5.942,1.860,0.538,0.775
57,60,1203.317,135.250,44.527,1198,129,13,11,0.380,15.264,1198,131,148.392,9.550,1.620,0.617,0.622
58,53,1228.198,136.009,41.698,1223,130,10,14,0.383,14.422,1223,132,123.690,8.408,2.091,0.478,0.586
59,45,1173.189,135.767,35.213,1166,131,12,9,0.456,12.207,1166,138,34.992,9.000,1.420,0.704,0.625
60,35,1186.186,134.786,31.213,1180,132,12,7,0.451,12.369,1180,133,165.964,7.000,1.823,0.548,0.636
61,27,1034.833,137.352,19.556,1032,134,6,7,0.887,8.062,1032,134,119.745,5.336,1.575,0.635,0.818
62,25,1194.660,139.420,27.799,1192,134,5,11,0.407,11.402,1192,145,74.745,4.577,3.004,0.333,0.617
63,39,1041.962,140.474,32.042,1039,135,7,11,0.477,11.180,1040,135,100.305,7.000,1.639,0.610,0.667
64,44,1222.886,142.955,34.971,1221,136,5,15,0.452,15.133,1221,151,82.405,5.000,3.000,0.333,0.793
65,25,1162.260,140.100,17.899,1160,137,5,6,0.981,7.071,1160,137,135.000,5.000,1.072,0.933,0.909
66,30,942.133,140.233,26.142,936,138,11,4,0.552,11.180,936,139,169.695,4.000,3.102,0.322,0.789
67,37,1216.230,142.527,28.971,1212,138,7,9,0.554,9.487,1216,138,108.435,7.000,1.439,0.695,0.779
68,48,1185.062,144.750,34.042,1181,139,9,10,0.521,12.042,1182,140,131.634,8.800,1.322,0.757,0.696
69,64,1276.828,147.297,44.627,1272,140,12,12,0.404,14.422,1272,143,146.310,10.304,1.522,0.657,0.621
70,25,1148.460,144.380,26.385,1143,141,9,6,0.451,9.487,1143,145,18.435,6.000,1.968,0.508,0.617
71,27,1250.241,144.981,26.142,1245,142,11,5,0.496,12.083,1245,142,155.556,4.331,3.768,0.265,0.720
72,25,1130.180,147.500,24.385,1127,143,6,9,0.528,9.487,1130,152,71.565,5.657,2.091,0.478,0.633
73,25,1135.740,147.700,24.142,1134,143,4,10,0.539,10.440,1134,153,73.301,4.000,2.888,0.346,0.781
74,60,1212.217,149.200,39.213,1207,145,13,8,0.490,14.318,1207,145,155.225,8.000,1.874,0.534,0.714
75,26,567.077,150.962,24.971,563,146,7,9,0.524,10.630,563,154,48.814,5.121,2.856,0.350,0.642
76,56,1193.696,153.732,39.698,1189,146,8,14,0.447,15.232,1191,146,113.199,8.000,2.230,0.448,0.651
77,33,1153.227,151.864,24.971,1150,148,6,8,0.665,10.000,1150,148,126.870,5.942,1.834,0.545,0.805
78,61,1117.074,154.811,46.284,1109,149,15,10,0.358,15.133,1109,154,172.405,9.950,1.380,0.725,0.592
79,26,1259.115,150.808,22.142,1255,149,9,4,0.666,9.487,1255,153,18.435,4.000,2.327,0.430,0.812
80,39,1225.808,156.218,27.556,1222,152,8,8,0.645,10.000,1223,152,126.870,7.562,1.378,0.726,0.743
81,54,1245.685,159.315,44.284,1242,153,7,14,0.346,14.866,1243,153,109.654,6.957,2.001,0.500,0.671
82,63,1255.341,159.056,47.355,1249,153,14,11,0.353,17.205,1249,153,144.462,10.028,1.685,0.593,0.597
83,38,1075.553,157.553,31.213,1071,154,9,8,0.490,10.000,1072,154,126.870,8.000,1.121,0.892,0.667
84,45,1167.478,159.722,32.627,1162,155,9,9,0.531,12.728,1162,164,45.000,7.653,1.603,0.624,0.714
85,50,1083.680,161.020,30.971,1079,157,9,10,0.655,11.180,1082,167,63.435,8.666,1.398,0.715,0.741
86,55,1209.791,164.609,43.456,1205,158,8,14,0.366,14.318,1205,159,114.775,8.000,2.164,0.462,0.651
87,32,1304.719,164.469,27.799,1301,161,9,7,0.520,10.000,1302,168,36.870,7.000,1.644,0.608,0.667
88,39,1268.731,166.218,27.799,1265,162,9,9,0.634,9.849,1265,169,23.962,7.778,1.560,0.641,0.696
89,32,1183.062,169.062,33.456,1178,164,9,9,0.359,10.817,1180,164,123.690,7.555,1.309,0.764,0.557
90,41,1193.183,171.037,39.456,1189,165,10,11,0.331,12.728,1190,165,135.000,7.071,1.667,0.600,0.599
91,37,1217.635,167.419,26.971,1213,165,11,5,0.639,11.402,1213,165,164.745,5.000,2.203,0.454,0.841
92,31,1225.532,169.371,27.213,1220,165,10,8,0.526,12.207,1220,173,34.992,5.098,3.261,0.307,0.667
93,40,1241.625,172.100,34.627,1239,166,6,12,0.419,12.649,1241,178,71.565,6.000,2.412,0.415,0.611
94,85,1259.300,172.194,54.284,1251,167,18,9,0.362,18.248,1251,175,9.462,9.000,2.185,0.458,0.637
95,44,1273.795,176.636,31.456,1269,171,9,10,0.559,10.630,1269,178,41.186,8.910,1.236,0.809,0.682
96,72,1172.833,179.042,45.698,1168,173,13,11,0.433,17.029,1168,173,139.764,9.731,1.756,0.570,0.689
97,29,1217.948,176.017,26.385,1213,173,11,5,0.523,11.402,1213,174,164.745,4.808,3.086,0.324,0.699
98,25,1236.500,176.700,21.556,1234,173,6,7,0.676,7.810,1234,174,129.806,5.571,1.597,0.626,0.746
99,30,1189.667,180.833,31.213,1186,176,8,11,0.387,12.806,1186,187,51.340,5.316,2.807,0.356,0.583
100,43,1150.453,181.523,29.213,1146,177,8,11,0.633,12.083,1147,177,114.444,6.934,1.838,0.544,0.754
101,34,1161.088,180.412,27.556,1155,177,11,6,0.563,12.083,1155,183,24.444,4.743,3.265,0.306,0.782
102,26,1141.731,182.192,21.314,1137,180,9,4,0.719,9.849,1137,184,23.962,4.000,2.680,0.373,0.881
103,34,1262.206,186.735,32.042,1258,180,8,11,0.416,13.038,1258,191,57.529,5.929,2.705,0.370,0.607
104,26,1289.308,183.577,22.971,1285,180,8,7,0.619,8.602,1285,186,35.538,6.128,1.734,0.577,0.684
105,25,1199.820,183.020,24.971,1194,181,10,4,0.504,10.770,1194,181,158.199,4.000,2.878,0.348,0.735
106,39,1232.500,184.526,31.213,1226,181,11,7,0.503,12.083,1226,187,24.444,6.379,2.085,0.480,0.690
107,26,1270.846,184.269,22.142,1266,181,9,5,0.666,9.220,1266,184,167.471,5.000,1.858,0.538,0.788
108,37,1147.851,189.338,28.627,1144,184,7,11,0.567,12.083,1145,184,114.444,5.121,3.063,0.327,0.755
109,34,1157.000,187.382,21.899,1153,184,7,6,0.891,9.220,1153,190,40.601,6.000,1.410,0.709,0.907
110,29,1297.914,188.534,21.314,1295,184,5,8,0.802,8.246,1298,184,104.036,5.000,1.567,0.638,0.879
111,61,1166.582,188.828,30.971,1161,185,11,8,0.799,11.402,1161,187,164.745,8.000,1.596,0.626,0.841
112,39,1188.885,188.885,34.042,1182,185,13,7,0.423,13.601,1182,191,17.103,5.578,3.392,0.295,0.634
113,29,1113.293,190.603,22.728,1110,186,6,8,0.705,8.944,1111,194,63.435,6.000,1.509,0.663,0.753
114,38,1278.342,190.184,31.556,1272,188,13,5,0.480,13.153,1272,192,8.746,5.000,2.778,0.360,0.760
115,36,1243.028,192.611,24.142,1238,190,10,5,0.776,10.198,1238,194,11.310,5.000,2.045,0.489,0.857
116,45,755.056,195.678,34.284,750,191,10,9,0.481,11.180,750,198,26.565,7.603,1.587,0.630,0.677
117,86,1188.977,196.744,47.941,1180,191,16,10,0.470,17.088,1180,199,20.556,9.610,2.010,0.498,0.758
118,81,1209.698,200.216,54.770,1204,191,13,18,0.339,19.313,1205,191,111.251,9.735,2.165,0.462,0.564
119,42,1214.667,195.333,32.042,1210,191,8,9,0.514,11.314,1210,192,135.000,8.000,1.078,0.927,0.718
120,49,1233.888,195.357,33.456,1228,191,11,9,0.550,12.530,1228,193,151.390,7.554,1.970,0.508,0.715
121,29,1273.879,195.052,26.385,1269,191,10,7,0.523,10.440,1269,192,163.301,5.852,1.975,0.506,0.659
122,52,1285.577,195.981,34.042,1280,191,10,11,0.564,11.402,1285,202,74.745,9.430,1.202,0.832,0.717
123,35,887.986,193.843,25.314,883,192,11,4,0.686,11.180,883,192,169.695,4.000,2.543,0.393,0.897
124,77,1225.318,197.695,45.113,1219,192,14,10,0.475,16.643,1219,192,147.265,8.728,1.969,0.508,0.748
125,51,1316.755,197.441,30.042,1312,193,11,8,0.710,11.705,1312,196,160.017,7.845,1.559,0.642,0.829
126,34,552.824,198.941,32.385,548,194,8,11,0.407,11.705,550,194,109.983,6.261,2.781,0.360,0.602
127,34,1330.559,197.088,31.556,1323,194,14,5,0.429,14.560,1323,194,164.055,4.707,3.477,0.288,0.694
128,79,842.791,198.563,46.870,833,195,18,7,0.452,18.682,833,196,164.476,7.000,3.040,0.329,0.760
129,56,1165.375,201.375,40.527,1159,195,11,11,0.428,14.213,1160,206,50.711,9.683,1.451,0.689,0.667
130,52,1259.269,198.519,42.042,1250,195,16,6,0.370,16.492,1250,197,165.964,6.000,3.537,0.283,0.630
131,36,1244.750,199.750,30.042,1240,196,11,8,0.501,13.601,1240,196,143.973,5.367,3.207,0.312,0.667
132,25,1305.980,198.380,18.728,1303,196,6,6,0.896,7.211,1303,196,123.690,5.657,1.195,0.837,0.877
133,42,1280.595,202.548,29.799,1277,197,7,10,0.594,10.817,1278,197,123.690,7.000,1.514,0.661,0.764
134,69,1292.920,202.138,42.627,1288,197,13,10,0.477,14.318,1288,206,24.775,10.000,1.336,0.748,0.693
135,25,874.020,201.860,25.556,869,199,11,5,0.481,12.083,869,199,155.556,4.096,4.188,0.239,0.676
136,98,867.163,207.112,52.042,856,201,20,9,0.455,20.396,856,210,11.310,9.000,2.470,0.405,0.737
137,62,1191.258,206.984,50.527,1184,201,13,14,0.305,16.125,1187,215,60.255,8.937,1.831,0.546,0.551
138,57,1261.254,206.061,38.870,1254,201,12,10,0.474,12.649,1254,205,161.565,9.585,1.307,0.765,0.667
139,143,1310.038,207.983,67.255,1298,201,21,15,0.397,21.378,1298,210,10.784,14.758,1.534,0.652,0.667
140,57,445.325,208.289,39.941,440,202,10,12,0.449,12.369,444,202,104.036,8.944,1.351,0.740,0.679
141,66,1225.788,208.288,46.770,1220,202,14,12,0.379,15.232,1220,203,156.801,10.733,1.220,0.820,0.592
142,28,931.964,206.107,24.385,928,203,8,6,0.592,8.944,928,209,26.565,6.000,1.316,0.760,0.737
143,33,971.258,208.439,36.284,965,204,12,7,0.315,12.369,965,208,165.964,7.000,1.757,0.569,0.550
144,31,1132.855,210.306,22.485,1131,206,4,9,0.771,9.849,1131,215,66.038,4.000,2.461,0.406,0.925
145,33,1165.591,208.682,28.971,1160,206,10,5,0.494,11.180,1160,211,26.565,5.000,2.668,0.375,0.733
146,25,736.940,209.140,24.142,733,207,10,5,0.539,10.198,733,208,168.690,4.851,2.578,0.388,0.694
147,40,912.850,212.275,26.385,909,207,8,9,0.722,10.817,911,207,123.690,6.018,2.012,0.497,0.816
148,79,923.399,213.373,53.113,917,207,14,11,0.352,16.279,919,207,137.490,10.193,1.673,0.598,0.661
149,28,1174.071,212.143,24.142,1171,208,7,7,0.604,8.602,1171,209,144.462,6.174,1.592,0.628,0.718
150,25,1236.340,214.340,30.627,1234,208,5,12,0.335,12.166,1234,220,80.538,4.859,2.992,0.334,0.575
151,59,684.636,215.042,34.385,680,209,8,12,0.627,13.416,682,221,63.435,8.000,1.706,0.586,0.787
152,40,903.725,211.775,27.314,898,209,11,5,0.674,11.705,898,210,160.017,5.000,2.509,0.399,0.851
153,54,1275.074,211.852,32.385,1269,209,13,7,0.647,13.928,1269,214,21.038,6.708,2.590,0.386,0.800
154,40,1294.775,213.575,30.042,1290,209,9,8,0.557,9.487,1290,214,18.435,7.778,1.237,0.809,0.748
155,36,691.250,214.556,24.971,689,210,6,9,0.726,9.849,689,219,66.038,6.000,1.680,0.595,0.828
156,96,757.917,216.208,62.770,747,210,21,11,0.306,21.587,747,219,13.392,10.324,2.313,0.432,0.642
157,102,938.020,215.373,53.941,929,210,18,10,0.441,18.248,929,211,170.538,10.000,1.713,0.584,0.669
158,61,1167.467,216.172,37.456,1160,212,13,10,0.546,13.928,1160,214,158.962,8.321,2.034,0.492,0.693
159,27,1219.944,214.981,27.556,1215,212,9,6,0.447,10.817,1215,212,146.310,4.800,2.742,0.365,0.711
160,36,1261.806,215.056,28.627,1256,212,10,6,0.552,11.662,1256,218,30.964,6.000,2.213,0.452,0.720
161,80,1307.950,217.600,42.042,1302,212,15,11,0.569,16.155,1302,214,158.199,8.848,2.072,0.483,0.751
162,52,1286.635,216.577,31.456,1280,213,12,8,0.660,13.892,1280,213,149.744,6.656,2.516,0.397,0.794
163,28,1329.536,216.179,28.142,1326,213,6,10,0.444,10.770,1326,213,111.801,6.000,1.843,0.543,0.609
164,55,738.173,217.518,36.042,733,214,11,10,0.532,11.662,734,221,30.964,9.192,1.556,0.643,0.696
165,37,726.635,217.959,24.971,722,215,10,6,0.746,10.770,722,215,158.199,5.659,2.071,0.483,0.831
166,64,972.688,219.781,44.284,966,215,15,8,0.410,15.524,966,217,165.069,7.566,2.284,0.438,0.727
167,133,1208.718,223.665,58.669,1201,215,15,17,0.486,22.023,1202,232,50.528,11.236,2.025,0.494,0.762
168,62,951.710,220.677,38.042,944,216,14,8,0.538,14.036,944,220,175.914,8.000,1.957,0.511,0.721
169,46,1068.652,221.717,35.456,1064,216,11,10,0.460,13.601,1064,225,36.027,7.603,1.962,0.510,0.643
170,37,1178.473,219.959,29.799,1174,216,8,10,0.524,10.440,1176,216,106.699,6.698,1.829,0.547,0.679
171,27,1277.907,218.130,19.314,1274,216,8,4,0.910,8.544,1274,217,159.444,4.000,1.934,0.517,0.931
172,40,1227.600,221.050,32.870,1221,217,12,8,0.465,13.000,1221,224,22.620,7.143,2.141,0.467,0.625
173,42,1268.238,221.929,36.284,1264,217,8,10,0.401,11.180,1267,227,63.435,7.938,1.612,0.620,0.646
174,33,1347.258,221.076,27.799,1343,217,9,7,0.537,9.487,1343,219,161.565,6.181,1.927,0.519,0.673
175,27,743.204,221.204,23.556,739,218,9,6,0.611,9.487,739,224,18.435,4.743,2.281,0.438,0.740
176,67,1058.425,225.037,43.456,1050,220,13,11,0.446,14.765,1050,227,28.301,9.653,1.402,0.713,0.670
177,36,1258.000,222.833,26.971,1253,220,11,6,0.622,11.045,1253,222,174.806,6.000,2.300,0.435,0.750
178,25,961.420,223.740,20.728,958,221,7,5,0.731,8.062,958,225,29.745,5.000,1.558,0.642,0.820
179,26,1163.308,223.154,20.728,1160,221,8,5,0.760,8.544,1160,221,159.444,5.000,1.956,0.511,0.825
180,48,678.958,225.396,32.971,672,223,13,6,0.555,13.928,672,224,158.962,6.000,2.976,0.336,0.774
181,48,728.083,225.417,35.556,721,223,15,6,0.477,16.155,721,229,21.801,4.608,4.244,0.236,0.800
182,39,969.397,226.064,25.556,965,223,8,7,0.750,10.000,965,224,143.130,6.641,1.430,0.700,0.857
183,77,1117.227,226.630,47.113,1110,223,16,8,0.436,16.492,1110,223,165.964,8.000,2.503,0.400,0.740
184,26,1297.154,225.923,18.142,1294,223,6,6,0.993,7.211,1295,223,123.690,5.547,1.396,0.716,0.867
185,59,1338.314,226.534,42.527,1331,223,16,8,0.410,16.279,1331,225,169.380,7.637,2.254,0.444,0.645
186,67,712.067,229.455,43.456,705,224,15,10,0.446,16.553,705,233,25.017,9.129,2.019,0.495,0.647
187,27,946.241,227.204,18.728,943,224,6,6,0.967,7.211,944,230,56.310,6.000,1.171,0.854,0.871
188,30,976.900,227.467,20.142,974,224,6,7,0.929,7.810,974,230,39.806,6.000,1.178,0.849,0.845
189,30,1008.533,226.333,23.314,1004,224,10,4,0.694,10.770,1004,224,158.199,4.000,3.008,0.332,0.882
190,50,1172.000,228.980,35.556,1169,224,7,10,0.497,12.207,1169,234,55.008,7.000,1.515,0.660,0.800
191,56,1322.393,228.429,31.556,1318,224,10,8,0.707,12.207,1318,232,34.992,8.000,1.430,0.699,0.812
192,75,985.940,230.900,38.870,980,225,13,12,0.624,16.971,981,225,135.000,8.050,2.317,0.432,0.802
193,116,998.431,233.138,53.941,990,225,15,16,0.501,21.260,990,225,131.186,10.535,2.176,0.460,0.758
194,37,1261.446,229.689,26.142,1258,226,9,7,0.680,9.849,1258,226,156.038,6.548,1.625,0.615,0.779
195,55,1353.391,234.827,45.113,1349,226,9,16,0.340,17.088,1350,226,110.556,8.130,2.989,0.335,0.567
196,124,952.355,241.065,62.142,950,227,5,28,0.404,28.284,950,255,81.870,5.000,5.567,0.180,0.939
197,112,1010.607,236.598,45.113,1005,229,11,15,0.692,15.297,1010,244,78.690,11.000,1.426,0.701,0.848
198,31,1330.177,233.629,24.142,1328,229,5,10,0.668,10.050,1330,229,95.711,5.000,2.035,0.491,0.795
199,26,463.385,234.154,21.799,460,230,7,8,0.688,9.434,461,238,57.995,4.373,2.687,0.372,0.754
200,124,680.976,236.621,51.941,674,230,15,14,0.578,16.155,674,239,21.801,13.576,1.125,0.889,0.773
201,32,1062.781,232.469,34.385,1056,230,15,6,0.340,16.155,1056,236,21.801,4.271,4.426,0.226,0.681
202,37,1156.905,233.743,30.385,1151,230,10,7,0.504,11.180,1151,235,26.565,6.791,1.940,0.516,0.705
203,30,1292.867,233.700,25.556,1288,230,8,7,0.577,9.434,1288,235,32.005,6.499,1.482,0.675,0.714
204,83,1306.139,234.512,43.113,1299,230,14,11,0.561,14.866,1299,232,160.346,9.303,1.725,0.580,0.783
205,134,945.366,244.134,59.314,942,231,6,26,0.479,26.476,943,257,79.114,6.000,4.755,0.210,0.927
206,37,1047.473,235.959,23.556,1043,233,9,6,0.838,9.849,1043,238,23.962,5.821,1.861,0.537,0.841
207,50,1228.680,235.760,36.042,1221,233,15,6,0.484,15.033,1221,234,176.186,6.000,2.597,0.385,0.730
208,25,1272.780,235.940,20.142,1269,233,7,6,0.774,9.220,1269,239,40.601,4.919,2.000,0.500,0.820
209,89,1321.511,238.927,40.627,1317,233,10,12,0.678,13.601,1318,233,126.027,9.864,1.386,0.721,0.836
210,26,1259.731,236.423,21.556,1255,234,9,5,0.703,9.849,1255,234,156.038,4.743,2.276,0.439,0.825
211,99,715.106,249.561,57.899,713,236,4,27,0.371,27.166,714,263,83.660,4.000,6.633,0.151,0.957
212,67,1169.112,239.097,44.284,1161,236,18,6,0.429,18.439,1161,241,12.529,6.000,3.623,0.276,0.732
213,96,1198.990,242.990,60.426,1192,236,15,14,0.330,18.028,1192,236,146.310,11.741,1.498,0.668,0.630
214,50,657.280,242.000,29.799,651,238,12,7,0.708,12.166,651,242,170.538,6.668,2.100,0.476,0.806
215,63,1158.167,243.929,36.042,1153,238,10,12,0.609,13.601,1154,239,126.027,8.400,1.994,0.502,0.746
216,40,1295.225,241.600,31.213,1290,238,9,8,0.516,11.402,1290,238,142.125,7.799,1.448,0.690,0.696
217,36,1313.611,242.028,24.728,1311,238,6,8,0.740,9.434,1311,246,57.995,6.000,1.370,0.730,0.847
218,28,1146.107,242.107,18.728,1143,239,6,6,1.000,7.211,1144,239,123.690,6.000,1.157,0.865,0.875
219,50,1240.440,244.060,35.698,1236,239,9,10,0.493,10.770,1237,239,111.801,8.321,1.204,0.831,0.752
220,44,1390.023,245.432,32.627,1386,239,8,11,0.519,11.662,1386,249,59.036,8.000,1.405,0.712,0.682
221,77,1282.955,247.500,51.355,1274,240,17,12,0.367,18.601,1274,251,36.254,8.998,2.517,0.397,0.606
222,54,672.278,244.926,32.627,667,241,12,8,0.637,12.369,667,242,165.964,8.000,1.704,0.587,0.788
223,64,1305.438,246.328,36.627,1301,241,9,11,0.599,12.042,1302,252,48.366,9.000,1.141,0.876,0.780
224,70,1034.700,248.443,42.284,1029,243,11,12,0.492,13.601,1029,252,36.027,8.800,1.832,0.546,0.749
225,43,1169.151,245.453,28.385,1163,243,12,5,0.671,12.369,1163,247,14.036,5.000,2.325,0.430,0.869
226,25,1252.220,246.740,24.385,1249,244,8,6,0.528,9.434,1249,249,32.005,6.000,1.532,0.653,0.694
227,41,1337.573,250.622,32.042,1334,244,7,12,0.502,12.369,1335,244,104.036,6.450,2.360,0.424,0.661
228,67,1379.993,248.664,40.284,1375,244,10,11,0.519,13.038,1375,244,122.471,10.000,1.129,0.885,0.717
229,25,1358.860,248.660,19.556,1356,245,6,7,0.821,7.616,1358,245,113.199,5.814,1.503,0.665,0.769
230,25,1346.100,249.220,19.556,1343,246,6,7,0.821,8.062,1344,246,119.745,5.270,1.834,0.545,0.781
231,27,664.019,250.204,20.971,660,247,8,6,0.772,8.944,660,252,26.565,4.715,2.203,0.454,0.794
232,25,1137.380,249.140,21.556,1133,247,9,5,0.676,9.220,1133,250,12.529,4.743,2.285,0.438,0.758
233,78,1041.974,253.590,39.698,1036,248,12,12,0.622,13.892,1036,256,30.256,10.534,1.230,0.813,0.768
234,37,1193.095,253.932,29.799,1190,248,5,12,0.524,12.166,1192,248,99.462,5.000,3.074,0.325,0.733
235,39,1225.321,253.013,28.385,1222,248,7,10,0.608,11.180,1224,258,63.435,6.183,1.937,0.516,0.750
236,53,1293.160,252.651,34.627,1289,248,10,11,0.555,11.705,1289,248,109.983,10.000,1.232,0.812,0.707
237,31,1145.242,252.758,20.971,1142,249,7,7,0.886,8.062,1142,251,150.255,6.200,1.349,0.741,0.827
238,85,1273.759,255.171,46.527,1266,250,17,10,0.493,17.263,1266,253,169.992,10.000,2.080,0.481,0.691
239,100,1386.610,257.660,42.627,1382,250,10,14,0.692,15.232,1383,264,66.801,9.923,1.656,0.604,0.837
240,26,638.038,254.885,19.556,635,251,6,7,0.854,8.062,636,258,60.255,5.547,1.572,0.636,0.812
241,55,801.409,256.955,30.627,797,251,8,12,0.737,12.369,800,251,104.036,7.727,1.717,0.583,0.840
242,37,1082.500,257.419,33.213,1079,251,7,11,0.421,11.180,1080,262,79.695,7.000,1.647,0.607,0.602
243,41,1201.451,255.598,25.799,1198,251,8,9,0.774,11.402,1198,251,127.875,6.261,2.151,0.465,0.820
244,27,1394.463,254.500,22.385,1391,251,8,6,0.677,9.434,1391,251,147.995,5.367,1.927,0.519,0.750
245,35,1309.757,255.243,24.728,1305,252,9,6,0.719,10.000,1305,258,36.870,5.425,2.006,0.499,0.824
246,26,1364.385,255.654,22.485,1362,252,4,9,0.646,9.849,1362,252,113.962,4.000,2.521,0.397,0.897
247,45,1376.900,258.522,28.971,1374,253,7,10,0.674,10.817,1374,253,123.690,7.000,1.428,0.700,0.804
248,31,1343.371,257.145,23.556,1339,254,9,6,0.702,9.487,1339,258,18.435,5.578,1.859,0.538,0.765
249,68,1360.882,262.324,45.698,1356,254,10,17,0.409,17.889,1356,255,116.565,7.889,3.089,0.324,0.645
250,75,644.127,259.980,45.941,636,255,17,12,0.447,18.868,637,267,32.005,7.126,2.959,0.338,0.721
251,26,1300.577,257.077,22.142,1297,255,7,6,0.666,8.485,1297,255,135.000,6.000,1.381,0.724,0.800
252,29,428.534,259.121,32.627,424,256,10,7,0.342,10.198,424,259,11.310,7.000,1.154,0.866,0.547
253,99,950.854,268.975,59.556,948,256,5,27,0.351,27.166,950,256,96.340,5.000,6.224,0.161,0.839
254,73,1139.692,260.103,41.698,1133,256,13,10,0.528,14.318,1133,264,24.775,9.675,1.610,0.621,0.745
255,64,1264.906,263.547,48.527,1258,256,11,15,0.342,15.811,1261,271,71.565,9.616,2.027,0.493,0.554
256,79,1333.171,260.665,36.385,1327,256,13,9,0.750,15.000,1327,256,143.130,7.589,2.012,0.497,0.868
257,42,628.405,260.190,25.556,624,257,10,6,0.808,10.440,624,259,163.301,6.000,1.780,0.562,0.848
258,57,1285.079,260.851,37.113,1279,257,12,9,0.520,12.369,1279,260,165.964,8.489,1.683,0.594,0.695
259,56,1351.518,261.429,31.213,1346,257,11,9,0.722,13.038,1346,258,147.529,7.766,1.914,0.522,0.818
260,30,1238.733,260.867,22.142,1234,258,8,6,0.769,8.602,1234,259,144.462,6.000,1.350,0.741,0.833
261,63,1311.897,262.024,44.870,1304,258,15,10,0.393,15.297,1304,262,11.310,9.899,1.406,0.711,0.630
262,27,787.685,262.500,18.971,785,259,6,7,0.943,7.616,786,259,113.199,5.367,1.475,0.678,0.844
263,47,1273.947,264.351,30.870,1270,259,8,11,0.620,11.180,1274,270,79.695,7.778,1.436,0.696,0.701
264,36,1295.000,263.278,24.728,1291,259,7,8,0.740,10.630,1291,267,48.814,5.814,2.043,0.490,0.818
265,34,1093.794,266.706,35.213,1091,262,8,11,0.345,11.402,1092,273,74.745,8.000,1.468,0.681,0.557
266,36,1148.639,264.889,34.728,1142,263,15,4,0.375,15.297,1142,267,11.310,3.803,4.586,0.218,0.742
267,62,1382.403,267.500,39.456,1375,263,13,10,0.500,14.765,1375,264,151.699,9.545,1.688,0.592,0.670
268,58,628.690,267.966,40.284,623,264,13,10,0.449,14.213,625,274,39.289,9.985,1.575,0.635,0.667
269,39,714.705,272.987,36.485,713,264,3,17,0.368,17.117,714,281,83.290,3.000,5.294,0.189,0.886
270,25,1329.060,266.420,18.142,1326,264,7,5,0.954,7.616,1326,268,23.199,5.000,1.460,0.685,0.847
271,134,909.627,272.030,60.184,902,265,15,17,0.465,20.809,904,282,54.782,12.932,1.642,0.609,0.722
272,27,1249.315,269.278,20.728,1247,265,5,8,0.790,8.246,1248,273,75.964,5.000,1.555,0.643,0.831
273,97,1332.108,271.345,45.799,1322,266,18,9,0.581,19.698,1322,274,23.962,9.000,2.604,0.384,0.847
274,40,1151.375,271.450,38.042,1145,267,11,9,0.347,13.038,1145,269,147.529,9.000,1.225,0.816,0.567
275,39,1392.987,271.474,24.971,1389,267,7,9,0.786,10.296,1391,267,119.055,7.000,1.503,0.665,0.830
276,133,1372.297,278.628,66.426,1364,268,15,19,0.379,20.616,1364,284,50.906,12.481,2.001,0.500,0.691
277,82,615.366,277.659,47.941,607,271,17,14,0.448,21.260,608,285,41.186,7.159,3.909,0.256,0.719
278,29,1261.603,274.707,23.556,1258,272,9,6,0.657,9.849,1258,277,23.962,5.261,2.123,0.471,0.753
279,29,603.224,275.879,20.142,599,273,8,5,0.898,8.544,599,278,20.556,5.000,1.545,0.647,0.879
280,105,1250.195,281.471,59.841,1243,273,13,16,0.368,16.279,1243,287,42.510,12.279,1.414,0.707,0.702
281,43,1392.477,278.826,33.456,1388,274,11,9,0.483,12.083,1388,275,155.556,7.818,1.795,0.557,0.647
282,55,1293.864,279.391,35.456,1289,275,11,9,0.550,12.083,1289,275,155.556,8.489,1.438,0.695,0.724
283,56,1334.732,279.679,36.042,1330,276,10,9,0.542,10.817,1331,276,123.690,9.000,1.132,0.884,0.762
284,90,1266.144,282.122,49.355,1258,277,16,12,0.464,17.889,1258,285,26.565,11.245,1.407,0.711,0.703
285,33,1325.652,279.742,22.728,1321,277,8,6,0.803,8.246,1321,279,165.964,6.000,1.217,0.821,0.825
286,72,593.472,282.861,34.284,587,278,13,10,0.770,13.038,587,281,175.601,10.000,1.172,0.853,0.800
287,44,1343.455,282.182,27.799,1339,278,9,8,0.715,10.000,1339,286,36.870,7.778,1.107,0.904,0.786
288,60,1088.067,282.767,36.870,1081,280,14,7,0.555,14.866,1081,280,160.346,7.000,2.520,0.397,0.759
289,38,1129.947,283.684,26.385,1126,280,8,8,0.686,10.000,1126,280,126.870,7.603,1.449,0.690,0.784
290,29,1311.086,283.224,21.899,1309,280,5,8,0.760,8.944,1310,288,63.435,5.000,1.797,0.557,0.879
291,26,1278.885,283.538,26.971,1274,281,9,7,0.449,9.220,1274,282,167.471,7.000,1.354,0.739,0.591
292,117,950.013,297.235,64.971,947,282,6,29,0.348,29.275,948,282,97.853,6.000,6.227,0.161,0.807
293,27,1386.204,284.315,20.728,1383,282,7,6,0.790,7.810,1384,288,39.806,6.000,1.190,0.841,0.831
294,33,614.167,286.621,20.728,611,283,6,7,0.965,7.810,611,284,129.806,6.000,1.060,0.943,0.892
295,30,1106.333,285.233,27.556,1101,283,12,4,0.496,12.042,1101,285,175.236,4.000,3.108,0.322,0.769
296,38,1210.184,286.316,31.213,1205,283,11,6,0.490,11.402,1205,286,164.745,6.000,1.834,0.545,0.724
297,100,1287.870,290.900,58.426,1281,283,12,15,0.368,15.811,1282,296,55.305,12.000,1.318,0.759,0.685
298,50,1380.080,289.020,38.527,1376,283,9,11,0.423,11.662,1378,283,120.964,7.071,1.602,0.624,0.735
299,31,602.500,287.177,23.799,598,284,9,7,0.688,10.817,598,290,33.690,4.600,2.829,0.353,0.805
300,34,1295.912,290.853,27.556,1294,285,4,11,0.563,11.402,1294,296,74.745,4.000,2.727,0.367,0.840
301,27,1271.796,288.759,22.142,1268,286,8,5,0.692,9.434,1268,291,32.005,4.707,2.126,0.470,0.818
302,55,1395.864,293.082,42.284,1392,286,9,14,0.387,14.318,1393,300,77.905,8.557,1.790,0.559,0.604
303,28,1334.393,291.071,22.142,1332,287,6,7,0.718,9.220,1332,287,130.601,5.659,1.785,0.560,0.824
304,87,1346.132,290.454,58.284,1337,287,17,8,0.322,17.720,1337,287,163.610,8.000,2.124,0.471,0.747
305,97,1370.892,293.376,59.012,1364,287,17,11,0.350,18.028,1366,287,146.310,11.000,1.610,0.621,0.693
306,60,1274.633,295.100,39.698,1270,288,10,13,0.478,14.765,1271,301,61.699,7.701,2.298,0.435,0.706
307,45,1358.189,293.322,29.456,1354,288,9,10,0.652,10.198,1357,298,78.690,8.400,1.231,0.812,0.714
308,58,714.845,296.448,35.799,712,289,6,15,0.569,15.297,714,289,101.310,5.940,2.853,0.351,0.806
309,30,1246.500,292.900,23.799,1243,289,7,7,0.666,8.602,1245,289,125.538,7.000,1.012,0.988,0.759
310,34,593.471,293.706,24.627,589,290,9,8,0.704,10.296,589,296,29.055,5.310,2.347,0.426,0.764
311,125,1261.804,297.196,70.426,1251,290,18,17,0.317,19.313,1251,293,158.749,13.207,1.443,0.693,0.643
312,73,1303.445,297.062,43.113,1298,291,12,12,0.494,14.213,1299,302,50.711,9.653,1.798,0.556,0.709
313,100,581.590,298.970,53.941,575,292,15,15,0.432,15.811,576,292,108.435,13.250,1.371,0.729,0.683
314,55,1192.973,296.464,38.385,1186,292,14,7,0.469,15.232,1186,298,23.199,6.822,2.577,0.388,0.705
315,49,1205.112,300.684,34.385,1200,294,8,12,0.521,13.601,1200,305,53.973,6.698,2.382,0.420,0.778
316,37,411.068,300.338,32.971,405,296,12,8,0.428,13.892,405,303,30.256,6.102,2.836,0.353,0.607
317,44,1279.818,301.114,33.113,1275,296,9,10,0.504,10.050,1280,296,95.711,7.778,1.298,0.770,0.733
318,34,1361.529,299.941,22.971,1358,296,7,8,0.810,9.434,1359,304,57.995,6.000,1.730,0.578,0.800
319,104,1117.663,304.529,41.355,1111,297,12,15,0.764,15.297,1118,312,78.690,11.314,1.354,0.738,0.860
320,63,1294.929,303.071,42.870,1289,297,11,13,0.431,13.153,1295,310,81.254,10.286,1.457,0.686,0.630
321,26,483.000,301.962,22.728,479,299,9,5,0.633,9.487,479,301,161.565,5.000,2.335,0.428,0.743
322,43,1369.849,302.360,28.971,1364,299,10,8,0.644,10.770,1364,304,21.801,7.491,1.618,0.618,0.729
323,25,1378.100,301.980,18.142,1375,299,6,6,0.954,8.485,1375,299,135.000,4.950,1.906,0.525,0.877
324,27,1401.315,303.167,27.213,1396,300,11,6,0.458,12.083,1396,301,155.556,4.642,3.422,0.292,0.675
325,35,474.271,304.386,25.556,470,301,8,6,0.673,10.000,470,307,36.870,6.000,1.769,0.565,0.805
326,83,571.741,307.596,45.355,565,301,14,13,0.507,14.560,565,304,164.055,11.287,1.473,0.679,0.689
327,49,1325.031,307.316,32.042,1322,301,7,12,0.600,12.369,1323,301,104.036,7.000,2.016,0.496,0.742
328,40,1129.675,306.250,31.799,1124,302,12,8,0.497,13.892,1124,302,149.744,5.936,3.054,0.327,0.678
329,59,1274.127,306.331,35.456,1268,302,12,9,0.590,13.892,1268,303,149.744,7.878,2.183,0.458,0.756
330,56,1386.107,307.554,31.799,1382,303,9,9,0.696,12.042,1382,303,131.634,8.220,1.460,0.685,0.800
331,30,1394.333,307.467,22.142,1391,303,6,8,0.769,8.944,1392,311,63.435,5.578,1.767,0.566,0.833
332,33,714.136,309.076,23.314,712,304,4,10,0.763,10.198,713,304,101.310,4.000,2.467,0.405,0.904
333,73,1309.363,309.747,51.113,1303,304,12,12,0.351,15.620,1304,304,129.806,11.783,1.139,0.878,0.603
334,39,434.321,307.321,31.799,429,305,12,7,0.485,12.042,429,306,175.236,7.000,1.598,0.626,0.678
335,58,1260.017,310.448,33.799,1256,305,10,10,0.638,12.207,1256,305,145.008,9.839,1.088,0.920,0.773
336,28,1194.036,309.393,25.799,1190,306,7,7,0.529,8.602,1192,306,125.538,6.306,1.396,0.716,0.718
337,68,1332.529,312.809,40.042,1328,306,11,12,0.533,13.038,1328,317,32.471,11.000,1.201,0.833,0.712
338,74,1368.324,312.230,39.698,1364,306,9,12,0.590,13.038,1365,307,122.471,9.000,1.447,0.691,0.809
339,83,1126.428,313.849,41.698,1120,307,14,12,0.600,15.556,1123,307,135.000,9.192,1.655,0.604,0.748
340,54,1378.574,311.741,31.456,1374,307,9,10,0.686,11.662,1376,307,120.964,7.778,1.721,0.581,0.818
341,27,473.648,310.907,22.971,470,308,7,6,0.643,8.062,470,312,29.745,6.000,1.488,0.672,0.750
342,42,1413.119,312.857,27.799,1409,308,9,9,0.683,10.817,1410,308,123.690,7.488,1.704,0.587,0.730
343,44,382.773,312.386,36.971,376,309,16,6,0.405,16.492,376,315,14.036,6.000,2.944,0.340,0.677
344,51,1178.814,313.578,34.870,1174,309,9,10,0.527,11.402,1174,316,37.875,8.825,1.278,0.783,0.723
345,49,1280.724,315.194,31.456,1276,310,9,9,0.622,10.296,1276,318,29.055,7.778,1.425,0.702,0.810
346,53,1425.632,316.311,45.698,1422,310,8,15,0.319,15.811,1424,325,71.565,7.814,2.152,0.465,0.579
347,31,1154.823,314.468,27.213,1149,311,10,7,0.526,11.402,1149,311,142.125,5.578,2.461,0.406,0.697
348,40,1163.950,317.825,40.284,1160,311,9,14,0.310,16.125,1161,311,119.745,5.814,3.309,0.302,0.580
349,36,1222.500,314.639,24.627,1218,311,9,8,0.746,10.296,1218,312,150.945,5.657,2.048,0.488,0.766
350,61,564.189,315.123,33.456,557,312,13,8,0.685,13.153,557,314,171.254,8.000,1.643,0.609,0.813
351,28,1267.250,314.786,21.556,1264,312,7,6,0.757,8.062,1264,317,29.745,5.692,1.627,0.615,0.789
352,38,1317.632,316.526,23.314,1315,312,5,9,0.879,9.487,1316,312,108.435,5.000,1.769,0.565,0.916
353,39,1396.936,314.295,24.728,1392,312,10,5,0.801,10.440,1392,315,16.699,5.000,1.733,0.577,0.886
354,29,1169.259,315.121,21.556,1165,313,8,5,0.784,8.944,1165,313,153.435,5.000,1.872,0.534,0.841
355,25,1213.420,315.500,19.899,1210,313,7,5,0.793,8.062,1210,318,29.745,4.511,1.934,0.517,0.833
356,39,1324.167,317.218,25.799,1321,313,8,8,0.736,10.000,1321,314,143.130,7.155,1.348,0.742,0.796
357,32,1388.875,316.750,25.456,1384,313,9,8,0.621,9.434,1387,313,122.005,5.814,1.781,0.562,0.711
358,36,1198.861,317.083,33.213,1193,314,10,7,0.410,11.662,1193,314,149.036,7.000,1.694,0.590,0.637
359,28,714.000,319.000,19.314,712,315,4,8,0.943,8.246,713,315,104.036,4.000,1.908,0.524,0.933
360,74,1361.689,319.486,40.527,1355,315,14,9,0.566,14.142,1355,321,8.130,9.000,1.599,0.625,0.771
361,76,1272.987,323.105,36.385,1269,317,10,11,0.721,13.038,1269,317,122.471,10.000,1.079,0.927,0.840
362,36,1312.583,322.556,30.971,1307,317,9,9,0.472,9.899,1307,324,45.000,8.066,1.279,0.782,0.632
363,84,556.702,324.333,40.527,551,318,13,13,0.643,15.811,551,330,34.695,8.485,2.054,0.487,0.812
364,39,1155.449,321.782,28.385,1151,318,9,7,0.608,11.402,1151,318,142.125,6.668,1.811,0.552,0.757
365,38,1216.000,320.184,30.971,1209,318,13,5,0.498,13.342,1209,321,12.995,5.000,2.937,0.341,0.745
366,34,1285.794,323.265,24.971,1283,319,6,8,0.685,9.220,1283,327,49.399,6.000,1.429,0.700,0.782
367,67,1340.455,325.575,46.184,1335,319,11,13,0.395,15.000,1336,319,126.870,9.803,1.856,0.539,0.644
368,26,1227.308,322.423,22.971,1223,320,9,6,0.619,9.849,1223,320,156.038,5.657,1.684,0.594,0.722
369,41,1236.841,326.085,26.385,1233,321,8,9,0.740,11.402,1234,321,127.875,6.000,2.057,0.486,0.804
370,28,1329.679,325.643,26.142,1327,321,7,8,0.515,9.899,1327,321,135.000,6.872,1.566,0.638,0.651
371,39,1349.526,324.244,25.556,1345,321,9,7,0.750,10.630,1346,328,41.186,5.814,2.075,0.482,0.812
372,86,1070.547,327.698,35.456,1065,322,12,11,0.860,14.213,1065,332,39.289,8.485,1.711,0.584,0.901
373,61,1185.893,326.025,40.042,1180,322,13,8,0.478,14.318,1180,323,155.225,8.000,1.414,0.707,0.739
374,29,1297.328,325.155,22.142,1294,322,8,6,0.743,9.434,1294,322,147.995,5.336,1.954,0.512,0.817
375,35,1319.643,325.786,22.971,1316,322,8,7,0.834,8.602,1317,322,125.538,6.364,1.357,0.737,0.833
376,44,1427.273,330.432,37.799,1424,322,6,15,0.387,15.133,1428,337,82.405,6.000,2.063,0.485,0.647
377,50,1218.500,327.580,39.799,1214,323,10,13,0.397,13.601,1218,336,72.897,9.540,1.518,0.659,0.571
378,39,1358.449,326.936,24.385,1355,323,8,7,0.824,10.000,1355,323,143.130,6.934,1.487,0.672,0.857
379,26,495.269,327.654,19.314,492,324,6,6,0.876,7.211,492,330,33.690,6.000,1.150,0.869,0.897
380,32,1245.875,327.125,22.971,1242,324,8,7,0.762,10.000,1242,330,36.870,5.657,1.971,0.507,0.790
381,65,1398.208,329.331,38.870,1393,324,10,11,0.541,11.705,1396,335,70.017,10.000,1.321,0.757,0.747
382,31,1419.403,327.242,22.728,1416,324,7,7,0.754,9.220,1416,324,139.399,5.757,1.593,0.628,0.805
383,32,337.062,330.312,29.456,334,325,6,11,0.463,11.180,337,325,100.305,5.821,2.251,0.444,0.674
384,76,1292.368,331.566,43.698,1286,325,12,12,0.500,14.422,1290,325,123.690,10.118,1.541,0.649,0.724
385,36,1386.111,329.028,23.556,1382,326,9,6,0.815,9.849,1382,332,23.962,6.000,1.644,0.608,0.837
386,65,1252.700,331.377,32.042,1247,327,12,9,0.796,12.369,1247,333,14.036,8.746,1.462,0.684,0.823
387,40,1315.125,330.250,29.799,1310,327,11,7,0.566,11.705,1310,328,160.017,6.456,2.333,0.429,0.696
388,25,1351.700,330.060,17.314,1349,327,5,6,1.000,7.211,1350,333,56.310,5.000,1.312,0.762,0.926
389,41,1366.646,332.598,29.799,1364,327,6,11,0.580,11.705,1364,338,70.017,6.000,2.327,0.430,0.745
390,88,942.216,337.102,46.728,939,328,6,19,0.506,19.416,940,328,101.889,6.000,3.746,0.267,0.850
391,47,1303.394,330.798,28.971,1299,328,10,7,0.704,11.180,1299,334,26.565,7.000,1.796,0.557,0.825
392,43,1281.849,334.035,28.385,1278,330,8,9,0.671,10.296,1280,339,60.945,7.340,1.629,0.614,0.789
393,52,546.173,335.577,34.527,541,331,11,10,0.548,12.207,542,339,34.992,7.778,1.786,0.560,0.738
394,37,1166.230,337.149,32.627,1162,331,9,11,0.437,14.213,1162,331,129.289,5.657,3.241,0.309,0.655
395,29,1186.948,333.879,19.314,1184,331,6,6,0.977,7.810,1184,331,129.806,6.000,1.183,0.845,0.892
396,54,1356.741,336.963,37.456,1351,331,11,10,0.484,12.530,1351,334,151.390,8.497,1.423,0.703,0.671
397,29,1193.810,334.914,22.728,1191,332,6,6,0.705,8.485,1191,332,135.000,6.000,1.249,0.801,0.829
398,84,1316.905,338.357,49.941,1309,332,16,13,0.423,17.029,1311,333,139.764,8.938,2.517,0.397,0.636
399,146,1346.342,341.240,64.669,1338,332,14,22,0.439,22.804,1344,332,105.255,13.188,1.642,0.609,0.730
400,77,1415.006,336.721,49.698,1409,332,15,11,0.392,17.000,1409,342,28.072,11.000,2.186,0.457,0.650
401,44,1236.818,336.682,28.971,1231,333,11,7,0.659,12.530,1231,340,28.610,6.957,2.188,0.457,0.752
402,60,1288.183,339.950,34.284,1284,335,10,12,0.641,12.166,1286,335,99.462,9.000,1.317,0.759,0.755
403,30,1372.067,338.067,22.142,1368,335,8,6,0.769,10.000,1368,341,36.870,5.060,2.159,0.463,0.833
404,47,1396.287,339.819,29.799,1392,336,10,8,0.665,11.402,1393,344,37.875,8.000,1.301,0.769,0.752
405,96,1422.333,344.646,57.841,1415,337,15,15,0.361,17.493,1415,342,149.036,13.097,1.449,0.690,0.617
406,41,1188.768,340.963,31.213,1182,338,12,7,0.529,13.000,1182,339,157.380,6.434,2.271,0.440,0.713
407,48,1334.625,342.250,31.799,1330,338,10,9,0.597,12.207,1330,338,145.008,7.747,1.835,0.545,0.711
408,78,536.654,345.731,46.184,530,339,13,15,0.460,17.205,532,354,54.462,8.043,2.725,0.367,0.681
409,50,1294.320,344.880,32.627,1289,340,12,9,0.590,12.649,1289,348,18.435,8.076,1.872,0.534,0.699
410,25,1369.820,344.500,24.971,1366,340,8,7,0.504,9.899,1366,340,135.000,5.582,1.793,0.558,0.667
411,54,1387.481,345.074,31.799,1382,340,10,10,0.671,12.806,1383,350,51.340,7.488,2.102,0.476,0.761
412,39,1312.962,344.346,24.971,1308,341,9,7,0.786,9.487,1308,345,18.435,7.000,1.322,0.756,0.821
413,42,1363.167,346.405,28.627,1360,341,8,10,0.644,10.198,1362,341,101.310,7.442,1.635,0.612,0.724
414,45,1408.900,345.700,41.698,1401,341,16,10,0.325,17.464,1401,343,156.371,6.656,3.449,0.290,0.559
415,36,1204.861,347.972,24.142,1202,343,6,9,0.776,10.817,1202,343,123.690,5.578,2.210,0.453,0.867
416,27,1252.500,345.204,25.799,1247,343,10,5,0.510,10.440,1247,343,163.301,4.851,2.601,0.385,0.701
417,59,1233.229,347.585,35.799,1227,344,13,7,0.579,14.318,1227,350,24.775,7.000,1.841,0.543,0.803
418,82,1300.793,349.232,50.284,1294,344,16,12,0.408,17.889,1294,356,26.565,8.272,2.476,0.404,0.698
419,26,1275.615,348.192,21.556,1271,346,9,5,0.703,9.220,1271,347,167.471,4.903,2.270,0.440,0.776
420,56,1287.054,351.411,37.698,1281,346,12,11,0.495,15.000,1281,347,143.130,7.071,2.491,0.401,0.696
421,25,525.140,349.300,19.556,522,347,7,5,0.821,7.616,522,350,23.199,5.000,1.319,0.758,0.833
422,72,941.083,353.792,33.314,938,347,6,13,0.815,13.928,939,347,111.038,6.000,2.132,0.469,0.960
423,44,1190.636,351.705,31.213,1186,347,9,9,0.568,11.314,1187,348,135.000,7.906,1.579,0.633,0.710
424,102,1340.775,353.755,45.213,1333,347,14,12,0.627,15.000,1335,359,53.130,11.783,1.278,0.783,0.779
425,72,1163.931,351.639,32.870,1158,348,12,9,0.837,12.369,1158,349,165.964,9.000,1.403,0.713,0.878
426,53,1357.651,353.330,32.870,1353,348,10,10,0.616,11.662,1355,348,120.964,7.778,1.604,0.623,0.746
427,41,1370.256,351.061,31.213,1365,348,12,7,0.529,13.892,1365,355,30.256,5.367,3.114,0.321,0.739
428,59,1386.517,352.602,38.284,1379,348,13,9,0.506,13.601,1379,352,17.103,8.433,1.954,0.512,0.667
429,25,1253.740,352.420,19.556,1251,349,6,7,0.821,7.810,1252,349,129.806,5.060,1.548,0.646,0.794
430,64,824.188,354.625,29.213,819,350,10,9,0.942,11.180,819,357,26.565,8.485,1.356,0.738,0.889
431,123,1173.581,357.191,58.184,1165,350,17,14,0.457,19.799,1168,364,45.000,10.600,1.985,0.504,0.786
432,33,1270.015,354.561,24.142,1267,350,6,9,0.711,9.487,1270,359,71.565,5.940,1.443,0.693,0.805
433,74,515.662,357.122,42.284,510,351,12,15,0.520,18.028,512,366,56.310,7.280,2.705,0.370,0.744
434,26,1277.654,353.577,20.142,1274,351,8,5,0.805,8.246,1274,355,14.036,5.000,1.648,0.607,0.812
435,32,1377.625,356.562,29.799,1374,351,8,10,0.453,10.440,1375,361,73.301,7.589,1.465,0.683,0.640
436,29,1235.017,355.914,22.142,1232,352,6,8,0.743,10.000,1232,360,53.130,5.200,2.127,0.470,0.806
437,62,525.645,357.484,32.870,520,353,11,10,0.721,12.083,520,359,24.444,9.000,1.347,0.743,0.810
438,56,1304.232,357.125,31.799,1299,353,11,8,0.696,11.705,1299,360,19.983,7.276,1.599,0.626,0.812
439,25,1317.580,354.740,22.142,1313,353,9,4,0.641,9.849,1313,353,156.038,4.000,2.791,0.358,0.833
440,39,1222.962,356.397,30.971,1216,354,13,5,0.511,13.153,1216,356,171.254,4.975,3.439,0.291,0.765
441,81,1326.796,360.623,51.355,1320,354,13,13,0.386,13.342,1320,359,167.005,11.628,1.107,0.903,0.681
442,43,1352.570,361.058,34.042,1349,354,7,13,0.466,13.928,1351,354,111.038,6.647,2.326,0.430,0.677
443,37,1369.392,358.095,24.385,1365,354,8,8,0.782,10.000,1365,360,36.870,6.247,1.968,0.508,0.804
444,48,708.000,359.500,28.485,705,355,6,10,0.743,11.180,705,355,116.565,6.000,1.971,0.507,0.889
445,43,1391.826,359.337,28.627,1386,356,11,8,0.659,11.180,1386,358,169.695,7.340,1.626,0.615,0.748
446,72,1190.139,361.403,39.113,1185,357,11,9,0.591,12.806,1186,365,38.660,9.000,1.284,0.779,0.796
447,33,1242.136,363.379,30.728,1239,357,5,13,0.439,13.342,1239,370,77.005,4.439,3.802,0.263,0.688
448,88,1395.148,367.341,59.355,1388,357,14,16,0.314,20.616,1388,373,50.906,11.099,2.323,0.430,0.620
449,44,1259.886,362.636,38.042,1256,358,10,9,0.382,13.454,1256,367,41.987,9.000,1.195,0.837,0.607
450,50,1289.400,364.080,34.627,1286,358,7,12,0.524,12.649,1287,370,71.565,7.000,1.970,0.507,0.746
451,39,1342.449,361.910,28.728,1336,359,12,5,0.594,12.649,1336,363,18.435,4.881,3.230,0.310,0.812
452,30,1384.300,362.600,22.728,1381,359,6,8,0.730,10.000,1381,359,126.870,5.316,2.266,0.441,0.800
453,27,1272.019,365.130,24.142,1270,360,4,10,0.582,10.050,1271,360,95.711,4.000,2.697,0.371,0.771
454,26,1295.500,364.154,20.142,1293,360,5,8,0.805,8.944,1293,368,63.435,4.919,2.051,0.488,0.867
455,27,1223.241,363.537,19.556,1219,361,8,5,0.887,8.246,1219,363,165.964,5.000,1.715,0.583,0.844
456,28,1236.071,364.393,22.971,1232,361,7,7,0.667,9.899,1232,361,135.000,5.657,1.967,0.508,0.767
457,56,1315.107,364.714,38.870,1309,361,13,7,0.466,13.928,1309,368,21.038,7.000,1.907,0.524,0.732
458,81,517.327,370.130,51.598,510,362,14,19,0.382,21.954,512,381,59.931,6.656,4.628,0.216,0.686
459,25,1303.140,364.340,22.142,1300,362,8,5,0.641,9.434,1300,367,32.005,5.000,2.017,0.496,0.746
460,29,450.776,366.948,24.385,446,363,8,8,0.613,10.630,446,371,41.186,5.466,2.285,0.438,0.763
461,28,739.429,366.607,18.728,737,363,5,7,1.000,8.062,737,370,60.255,5.000,1.524,0.656,0.918
462,56,1363.893,366.393,34.385,1359,363,12,8,0.595,12.530,1360,371,28.610,8.000,1.767,0.566,0.742
463,37,1404.770,365.635,28.627,1400,363,10,6,0.567,10.440,1400,365,163.301,5.940,2.056,0.486,0.718
464,47,1435.053,366.564,25.899,1431,363,8,7,0.880,10.630,1431,370,41.186,7.000,1.303,0.768,0.922
465,70,1345.414,370.857,43.698,1339,364,11,13,0.461,15.811,1340,377,55.305,9.800,1.948,0.513,0.673
466,77,504.851,371.058,41.698,498,365,13,12,0.556,14.765,498,374,28.301,9.427,1.614,0.620,0.713
467,112,713.884,379.250,64.142,711,365,5,29,0.342,29.275,712,394,82.147,5.000,7.027,0.142,0.865
468,30,1265.700,369.800,28.385,1262,365,10,8,0.468,11.402,1263,365,142.125,5.800,2.240,0.447,0.632
469,80,1328.388,369.288,52.042,1319,365,22,8,0.371,23.087,1319,373,17.650,6.740,3.743,0.267,0.681
470,27,1377.019,366.981,23.556,1372,365,10,4,0.611,10.198,1372,366,168.690,4.000,2.637,0.379,0.794
471,57,1218.798,370.816,35.213,1212,367,13,8,0.578,14.318,1212,374,24.775,8.000,1.984,0.504,0.726
472,84,1305.452,375.524,49.941,1301,368,10,15,0.423,18.028,1301,368,123.690,9.459,1.885,0.530,0.703
473,40,1335.375,373.900,28.385,1332,368,7,11,0.624,12.083,1334,379,65.556,6.261,2.034,0.492,0.800
474,77,1373.513,374.318,55.012,1365,368,15,17,0.320,20.809,1366,368,125.218,9.451,2.661,0.376,0.533
475,42,1291.024,374.738,34.042,1287,369,7,13,0.455,13.038,1292,369,94.399,7.000,1.955,0.511,0.667
476,41,1297.256,372.622,27.556,1294,369,7,9,0.679,10.817,1294,369,123.690,6.957,1.457,0.686,0.796
477,39,1313.782,374.756,31.799,1311,369,7,11,0.485,11.705,1311,369,109.983,7.000,2.135,0.468,0.661
478,30,1381.967,371.433,25.071,1376,370,11,3,0.600,11.402,1376,370,164.745,3.000,3.444,0.290,0.968
479,34,827.706,374.618,20.971,824,371,7,7,0.972,8.062,824,373,150.255,6.708,1.170,0.855,0.850
480,44,1434.409,373.841,28.728,1428,371,11,6,0.670,11.705,1428,375,19.983,5.706,2.160,0.463,0.838
481,93,1365.285,377.339,47.113,1358,372,17,10,0.527,17.464,1358,382,13.241,9.817,1.962,0.510,0.727
482,25,1328.380,376.420,18.142,1325,373,6,6,0.954,7.211,1325,378,33.690,5.657,1.239,0.807,0.862
483,28,1353.107,376.214,22.142,1349,374,9,5,0.718,9.849,1349,379,23.962,5.000,2.209,0.453,0.789
484,84,1386.155,381.226,58.527,1381,374,11,17,0.308,17.263,1384,374,100.008,11.000,1.623,0.616,0.618
485,44,1241.364,379.432,25.799,1238,375,8,9,0.831,9.434,1238,376,147.995,7.778,1.151,0.869,0.822
486,50,821.760,380.380,25.799,818,376,8,9,0.944,9.487,820,376,108.435,7.778,1.224,0.817,0.877
487,60,499.067,381.767,31.799,495,377,8,11,0.746,12.530,496,388,61.390,8.000,1.526,0.655,0.839
488,25,1205.740,379.860,17.899,1203,377,6,5,0.981,7.810,1203,377,140.194,5.000,1.442,0.694,0.926
489,25,1215.180,378.820,19.314,1211,377,8,4,0.842,8.246,1211,378,165.964,4.000,2.124,0.471,0.877
490,54,1344.759,381.593,31.213,1339,377,11,8,0.697,12.042,1339,385,41.634,8.000,1.405,0.712,0.824
491,106,1433.632,383.170,43.799,1427,377,12,12,0.694,16.971,1427,389,45.000,11.642,1.382,0.724,0.862
492,82,503.402,389.244,51.598,496,379,15,19,0.387,21.633,497,397,56.310,6.600,4.267,0.234,0.692
493,63,1226.452,385.754,48.527,1222,379,10,15,0.336,16.553,1225,394,64.983,9.487,1.985,0.504,0.606
494,35,1258.471,384.471,23.556,1255,381,7,7,0.793,8.602,1255,387,35.538,6.548,1.153,0.868,0.824
495,33,1245.955,385.652,22.971,1242,382,8,7,0.786,9.220,1242,388,40.601,5.600,1.905,0.525,0.776
496,34,1368.618,385.882,23.556,1365,382,7,8,0.770,8.944,1367,390,63.435,5.692,1.771,0.565,0.800
497,48,1203.167,386.667,34.627,1196,383,14,6,0.503,14.318,1196,386,167.905,6.000,2.931,0.341,0.738
498,38,1216.132,386.053,32.042,1211,383,10,8,0.465,10.630,1211,383,131.186,8.000,1.285,0.778,0.667
499,27,1285.722,386.278,20.728,1282,383,6,7,0.790,7.810,1283,384,129.806,6.000,1.136,0.880,0.818
500,26,1304.000,386.962,28.142,1299,383,8,8,0.413,11.314,1299,383,135.000,6.078,2.262,0.442,0.571
501,30,1391.500,387.333,21.556,1388,384,7,7,0.811,8.602,1388,390,35.538,6.102,1.626,0.615,0.800
502,28,1232.571,390.821,27.556,1230,386,5,11,0.463,11.402,1230,386,105.255,4.101,3.480,0.287,0.718
503,67,1344.813,390.843,39.213,1339,386,10,11,0.548,13.601,1341,397,53.973,10.000,1.435,0.697,0.728
504,50,1335.960,393.680,34.870,1332,387,8,12,0.517,12.166,1336,399,80.538,8.000,1.859,0.538,0.662
505,72,1410.681,393.028,35.456,1406,388,10,11,0.720,13.601,1407,399,53.973,8.800,1.603,0.624,0.832
506,96,1260.906,395.354,50.770,1254,389,15,15,0.468,17.000,1254,389,118.072,11.314,1.600,0.625,0.703
507,85,1294.194,394.006,49.941,1284,389,19,10,0.428,19.416,1284,392,168.111,9.762,2.755,0.363,0.642
508,30,1375.700,392.733,20.142,1373,389,6,7,0.929,8.485,1373,396,45.000,5.578,1.505,0.665,0.857
509,110,1434.227,395.000,45.799,1428,389,11,13,0.659,14.765,1432,402,61.699,11.000,1.284,0.779,0.891
510,26,1368.038,393.577,18.728,1365,391,7,5,0.932,8.062,1365,391,150.255,5.000,1.600,0.625,0.897
511,116,1382.914,400.595,54.184,1376,391,14,18,0.497,18.439,1380,391,102.529,12.021,1.523,0.657,0.688
512,51,1393.990,398.382,31.456,1390,392,8,12,0.648,12.369,1392,392,104.036,7.452,1.900,0.526,0.739
513,136,1418.368,401.096,66.184,1411,393,15,15,0.390,18.439,1412,408,40.601,14.758,1.301,0.769,0.735
514,37,1285.230,400.014,34.042,1279,395,11,9,0.401,13.038,1279,396,147.529,6.641,2.648,0.378,0.574
515,93,1317.253,402.629,49.941,1310,395,15,13,0.469,16.279,1310,406,42.510,12.296,1.598,0.626,0.686
516,47,494.521,402.926,30.042,490,397,9,11,0.654,11.705,492,408,70.017,6.450,2.274,0.440,0.734
517,66,485.394,403.697,33.698,480,398,11,12,0.730,13.416,483,410,63.435,7.682,2.113,0.473,0.776
518,34,1252.000,403.559,27.799,1248,399,8,9,0.553,9.487,1252,408,71.565,7.799,1.304,0.767,0.654
519,98,1301.633,403.806,56.770,1293,399,15,12,0.382,15.652,1293,401,153.435,12.000,1.226,0.815,0.721
520,30,1336.967,401.867,22.142,1333,399,8,6,0.769,8.246,1333,400,165.964,5.425,1.648,0.607,0.789
521,58,1346.845,405.345,33.456,1342,400,10,10,0.651,12.207,1342,400,124.992,8.854,1.325,0.755,0.773
522,27,428.278,404.093,22.385,424,401,8,6,0.677,8.544,424,404,159.444,5.754,1.638,0.610,0.750
523,134,1204.791,409.642,54.770,1197,401,15,18,0.561,18.682,1201,401,105.524,12.776,1.831,0.546,0.753
524,32,1224.781,404.375,24.142,1221,401,7,8,0.690,9.899,1221,408,45.000,6.008,1.843,0.543,0.753
525,32,1329.812,404.844,28.627,1326,401,8,7,0.491,8.944,1326,402,153.435,7.000,1.100,0.909,0.696
526,47,1426.457,408.032,41.456,1421,401,9,13,0.344,13.601,1426,414,72.897,9.000,1.529,0.654,0.606
527,94,805.426,407.277,42.870,796,402,16,9,0.643,16.279,796,407,169.380,9.000,1.938,0.516,0.847
528,32,1216.281,409.094,27.799,1213,403,7,11,0.520,12.530,1214,414,61.390,4.858,3.386,0.295,0.703
529,28,1232.607,405.179,19.314,1229,403,7,5,0.943,8.062,1229,403,150.255,5.000,1.617,0.619,0.903
530,62,1360.339,410.097,37.456,1357,403,7,15,0.555,15.297,1357,418,78.690,7.000,2.154,0.464,0.752
531,56,1435.661,407.375,30.142,1432,403,7,10,0.775,11.662,1433,403,120.964,7.000,1.356,0.737,0.903
532,39,1240.782,407.167,23.556,1237,404,8,7,0.883,9.434,1237,404,147.995,6.128,1.597,0.626,0.867
533,73,1370.185,408.815,35.556,1365,404,11,9,0.726,14.213,1365,413,39.289,9.000,1.531,0.653,0.864
534,31,1266.661,408.016,24.142,1262,405,10,5,0.668,10.050,1262,408,174.289,5.000,2.305,0.434,0.805
535,47,1353.989,412.074,29.213,1351,407,7,10,0.692,10.440,1353,407,106.699,7.000,1.556,0.643,0.797
536,36,488.889,411.333,24.385,486,408,7,8,0.761,8.602,488,416,54.462,7.000,1.196,0.836,0.847
537,56,1231.607,412.054,39.456,1227,408,10,10,0.452,12.207,1227,408,124.992,8.944,1.449,0.690,0.704
538,34,1277.824,411.853,22.971,1274,408,8,7,0.810,9.899,1275,408,135.000,5.800,1.947,0.514,0.829
539,49,1335.908,414.439,39.698,1331,408,8,13,0.391,15.264,1331,408,121.608,7.637,2.424,0.413,0.624
540,26,1378.231,411.269,19.556,1375,408,6,7,0.854,8.602,1376,415,54.462,4.950,1.864,0.536,0.825
541,28,1415.571,411.143,21.556,1412,408,8,6,0.757,8.246,1412,410,165.964,6.000,1.585,0.631,0.789
542,40,478.350,412.400,24.142,474,409,9,6,0.862,9.487,474,414,18.435,6.000,1.586,0.631,0.870
543,92,1190.402,418.696,44.385,1187,409,7,19,0.587,19.235,1189,409,98.973,6.766,3.021,0.331,0.856
544,33,1222.773,414.106,26.627,1219,409,8,9,0.585,9.487,1221,409,108.435,6.860,1.432,0.698,0.680
545,37,1290.797,413.851,30.042,1286,410,10,8,0.515,11.180,1286,410,153.435,7.589,1.684,0.594,0.661
546,26,1241.962,414.115,20.971,1238,411,8,6,0.743,8.944,1238,412,153.435,4.828,2.312,0.433,0.743
547,34,1345.382,414.265,26.385,1341,411,9,7,0.614,11.402,1341,418,37.875,5.692,2.292,0.436,0.764
548,35,1434.843,415.043,24.142,1431,411,8,7,0.755,10.630,1431,411,138.814,6.261,1.840,0.544,0.854
549,25,1302.340,414.940,22.142,1299,412,8,5,0.641,8.544,1299,417,20.556,5.000,1.779,0.562,0.794
550,137,583.777,420.310,43.941,577,413,14,15,0.892,16.155,580,428,68.199,12.021,1.407,0.711,0.893
551,31,328.016,418.016,25.213,324,414,7,8,0.613,8.544,328,422,69.444,7.000,1.314,0.761,0.738
552,73,1425.390,421.993,53.012,1420,414,10,16,0.326,16.492,1422,414,104.036,10.000,1.587,0.630,0.621
553,28,1415.500,418.893,25.556,1411,415,7,8,0.539,8.246,1416,423,75.964,7.000,1.127,0.888,0.727
554,37,484.122,419.959,26.627,479,416,10,7,0.656,11.662,479,423,30.964,6.364,1.963,0.509,0.771
555,115,1213.074,423.726,45.456,1207,416,12,15,0.699,16.279,1207,419,137.490,10.577,1.657,0.603,0.852
556,36,1274.778,420.972,29.799,1270,416,8,11,0.509,12.806,1270,417,128.660,5.145,3.147,0.318,0.699
557,44,371.591,422.386,40.284,366,417,11,9,0.341,14.213,366,417,140.711,8.728,1.796,0.557,0.607
558,25,459.860,419.180,20.142,456,417,8,4,0.774,8.544,456,417,159.444,4.000,2.256,0.443,0.820
559,71,1254.204,422.007,34.870,1248,417,12,11,0.734,13.892,1248,417,149.744,9.000,1.820,0.550,0.826
560,89,1350.601,422.466,46.870,1341,418,16,10,0.509,17.088,1341,421,159.444,10.000,1.929,0.518,0.721
561,39,1224.449,422.577,27.799,1220,419,9,7,0.634,10.817,1220,419,146.310,7.000,1.464,0.683,0.765
562,34,1322.235,423.206,37.698,1317,420,11,9,0.301,12.806,1317,428,38.660,7.867,2.005,0.499,0.500
563,59,1361.754,424.398,29.556,1358,420,8,9,0.849,10.630,1358,420,138.814,8.000,1.033,0.968,0.908
564,74,1399.257,425.878,34.042,1395,420,9,12,0.802,12.369,1398,420,104.036,9.000,1.374,0.728,0.851
565,46,1377.370,424.435,29.799,1373,421,9,8,0.651,11.314,1374,429,45.000,6.872,1.716,0.583,0.821
566,27,1232.685,424.648,19.314,1230,422,6,6,0.910,7.810,1230,428,39.806,5.814,1.385,0.722,0.871
567,61,1246.074,427.713,39.799,1238,422,14,10,0.484,14.318,1238,429,12.095,8.825,2.165,0.462,0.646
568,34,1408.088,425.588,27.556,1405,422,8,9,0.563,10.817,1407,431,56.310,7.091,1.606,0.623,0.701
569,26,1334.962,425.462,22.728,1330,423,9,5,0.633,9.849,1330,427,23.962,4.274,2.876,0.348,0.765
570,27,1344.278,426.056,20.728,1340,423,8,5,0.790,8.544,1340,428,20.556,5.000,1.518,0.659,0.844
571,35,482.129,426.871,25.799,478,424,8,6,0.661,9.434,478,425,147.995,6.000,1.428,0.700,0.814
572,26,1283.654,426.538,22.728,1280,424,9,5,0.633,9.487,1280,428,18.435,4.950,1.959,0.511,0.765
573,141,938.443,440.174,66.485,936,426,5,29,0.401,29.428,936,426,99.782,5.000,5.815,0.172,0.972
574,40,1258.325,431.025,34.284,1254,426,8,12,0.428,12.369,1258,438,75.964,7.841,1.652,0.605,0.593
575,39,1412.910,430.372,28.627,1409,426,8,10,0.598,11.662,1410,436,59.036,6.656,1.899,0.527,0.736
576,26,543.615,431.038,20.142,541,427,6,7,0.805,8.602,542,427,125.538,4.950,1.879,0.532,0.852
577,45,467.789,433.256,27.799,464,428,8,10,0.732,11.662,464,428,120.964,7.428,1.805,0.554,0.783
578,72,1276.639,434.667,49.355,1271,428,10,13,0.371,14.422,1271,440,56.310,8.854,1.685,0.593,0.731
579,27,1354.130,431.056,20.728,1350,428,8,5,0.790,8.544,1350,430,159.444,5.000,1.629,0.614,0.831
580,29,1366.224,430.845,20.142,1363,428,7,6,0.898,8.062,1363,433,29.745,6.000,1.371,0.729,0.829
581,37,1232.041,433.527,28.627,1229,429,7,9,0.567,9.849,1231,429,113.962,7.000,1.465,0.682,0.725
582,41,1340.622,431.280,28.971,1334,429,12,5,0.614,12.166,1334,430,170.538,5.000,2.712,0.369,0.804
583,67,475.485,437.649,42.870,471,430,10,16,0.458,17.493,471,445,59.036,6.697,3.384,0.296,0.744
584,138,1220.978,437.848,49.456,1213,430,15,15,0.709,19.209,1213,432,141.340,10.956,1.641,0.610,0.865
585,81,1289.895,434.932,49.355,1282,430,16,11,0.418,16.492,1282,432,165.964,10.914,1.808,0.553,0.648
586,66,1376.727,436.803,36.870,1372,430,10,12,0.610,12.649,1375,442,71.565,10.000,1.250,0.800,0.733
587,51,1249.225,435.951,36.870,1244,431,9,12,0.471,12.369,1248,431,104.036,8.856,1.848,0.541,0.667
588,46,1368.696,437.435,35.698,1364,431,9,12,0.454,14.422,1365,443,56.310,6.708,2.438,0.410,0.681
589,32,1240.438,438.094,25.799,1237,433,7,9,0.604,10.817,1237,442,56.310,6.002,2.062,0.485,0.727
590,29,1327.638,437.431,25.213,1325,433,6,9,0.573,10.296,1325,442,60.945,5.687,2.268,0.441,0.699
591,64,1357.375,438.719,45.113,1350,434,14,9,0.395,15.652,1350,436,153.435,8.676,1.672,0.598,0.643
592,50,1336.380,439.160,35.799,1331,435,11,10,0.490,11.662,1333,435,120.964,9.700,1.179,0.848,0.629
593,72,1295.306,441.708,47.941,1287,436,18,10,0.394,20.125,1287,445,26.565,7.285,3.131,0.319,0.679
594,40,810.550,440.350,22.728,807,437,7,7,0.973,8.602,808,437,125.538,7.000,1.143,0.875,0.909
595,84,1281.321,443.488,48.527,1274,437,13,14,0.448,15.264,1278,451,58.392,10.499,1.497,0.668,0.680
596,60,1393.933,441.250,40.042,1385,437,15,9,0.470,16.553,1385,438,154.983,8.090,2.165,0.462,0.659
597,26,1264.846,441.654,19.314,1262,439,7,5,0.876,8.062,1262,439,150.255,5.000,1.503,0.665,0.881
598,46,1258.130,445.413,30.385,1254,440,7,12,0.626,12.649,1256,440,108.435,6.641,2.316,0.432,0.736
599,42,1426.905,444.881,31.799,1421,440,10,9,0.522,10.198,1421,447,11.310,8.825,1.135,0.881,0.656
600,43,461.988,450.035,32.870,457,443,9,12,0.500,13.892,458,455,59.744,5.400,3.162,0.316,0.688
601,31,1361.952,445.565,30.385,1356,444,12,4,0.422,12.369,1356,444,165.964,4.000,4.218,0.237,0.729
602,28,1382.464,447.179,19.314,1379,445,7,5,0.943,8.062,1379,449,29.745,5.000,1.538,0.650,0.903
603,126,1389.421,451.921,60.770,1381,445,19,15,0.429,21.095,1382,460,31.430,11.857,1.877,0.533,0.700
604,26,344.308,448.308,23.314,339,446,10,4,0.601,10.440,339,450,16.699,3.922,3.090,0.324,0.825
605,68,467.794,453.735,40.042,464,446,9,16,0.533,17.088,466,462,69.444,7.056,2.773,0.361,0.791
606,30,360.133,453.133,27.556,358,448,4,11,0.496,11.402,359,459,74.745,4.000,3.339,0.300,0.741
607,44,1344.409,454.091,29.213,1341,449,7,11,0.648,11.662,1342,460,59.036,6.364,2.195,0.456,0.746
608,119,1407.063,460.004,59.355,1400,449,17,20,0.424,22.361,1401,449,116.565,10.154,2.591,0.386,0.640
609,48,454.542,459.521,35.456,451,452,7,12,0.480,13.416,452,452,116.565,7.000,1.868,0.535,0.706
610,37,379.230,456.041,32.627,374,453,12,6,0.437,12.649,374,453,161.565,5.687,2.609,0.383,0.643
611,25,677.100,455.460,17.314,674,453,6,5,1.000,6.708,674,454,153.435,5.000,1.147,0.872,0.909
612,85,1380.700,462.547,58.426,1374,453,12,20,0.313,21.932,1375,453,114.228,8.951,3.263,0.306,0.580
613,32,425.562,456.062,27.556,420,454,12,5,0.530,12.369,420,458,14.036,4.682,3.250,0.308,0.762
614,57,1287.219,456.851,44.627,1279,454,19,5,0.360,19.416,1279,459,11.889,5.000,4.273,0.234,0.740
615,48,1362.438,457.854,38.284,1357,454,13,9,0.412,13.928,1357,461,21.038,7.985,1.926,0.519,0.644
616,26,284.269,457.269,21.314,280,455,9,4,0.719,9.487,280,459,18.435,4.000,2.135,0.468,0.839
617,102,938.078,466.275,51.799,934,456,7,21,0.478,21.378,936,456,100.784,7.000,3.643,0.274,0.826
618,29,1237.776,460.845,21.899,1236,456,4,9,0.760,9.849,1236,456,113.962,4.000,2.547,0.393,0.906
619,63,1244.341,463.341,36.042,1240,456,9,13,0.609,13.601,1242,456,107.103,8.246,1.774,0.564,0.773
620,136,1328.728,464.324,69.497,1320,456,19,16,0.354,23.601,1320,457,143.616,10.607,2.181,0.458,0.741
621,29,1394.534,459.190,20.142,1391,456,7,6,0.898,8.062,1391,458,150.255,6.000,1.366,0.732,0.866
622,60,575.217,462.333,28.142,572,457,7,10,0.952,11.662,572,457,120.964,7.000,1.482,0.675,0.945
623,32,293.812,459.719,27.556,288,458,12,4,0.530,12.369,288,461,14.036,4.000,2.950,0.339,0.810
624,125,460.140,470.692,61.113,455,458,10,24,0.421,24.515,455,482,78.232,7.962,3.731,0.268,0.774
625,52,944.173,465.173,33.314,942,458,5,14,0.589,14.560,943,458,105.945,5.000,3.041,0.329,0.860
626,49,1421.827,460.888,31.213,1416,458,13,6,0.632,13.601,1416,459,162.897,6.000,2.481,0.403,0.803
627,30,411.100,460.767,26.142,407,459,10,5,0.552,10.770,407,463,21.801,5.000,2.508,0.399,0.741
628,105,1390.386,467.176,53.012,1386,459,12,16,0.470,16.125,1387,459,97.125,12.000,1.373,0.728,0.766
629,31,380.984,462.113,27.314,375,460,12,4,0.522,12.649,375,464,18.435,3.818,3.894,0.257,0.816
630,52,490.731,467.865,32.142,488,461,5,13,0.633,13.342,490,461,102.995,5.000,2.658,0.376,0.897
631,29,298.776,466.707,23.314,297,462,4,10,0.670,10.198,298,472,78.690,4.000,2.774,0.361,0.853
632,37,1169.797,466.014,22.142,1166,462,7,7,0.948,8.602,1166,468,35.538,6.708,1.295,0.772,0.902
633,48,1364.125,467.000,32.042,1360,463,9,9,0.588,12.042,1360,463,131.634,7.488,1.739,0.575,0.756
634,140,1014.200,472.071,48.870,1008,465,13,14,0.737,17.029,1008,477,40.236,12.920,1.252,0.799,0.856
635,70,1188.914,473.571,41.213,1186,465,6,17,0.518,17.263,1187,465,100.008,6.000,3.226,0.310,0.795
636,86,1314.570,472.163,47.113,1307,465,14,15,0.487,19.849,1307,465,130.914,7.546,3.109,0.322,0.738
637,36,1425.111,467.778,23.799,1421,465,9,6,0.799,9.487,1421,466,161.565,6.000,1.822,0.549,0.818
638,139,1328.299,473.802,62.426,1319,466,22,14,0.448,24.166,1319,466,155.556,10.171,2.865,0.349,0.726
639,78,1418.026,472.808,43.698,1413,466,11,13,0.513,15.811,1415,466,124.695,9.153,1.888,0.530,0.784
640,38,451.000,471.842,26.971,448,467,6,10,0.656,10.770,449,477,68.199,5.336,2.330,0.429,0.792
641,61,1160.631,471.516,30.042,1156,467,10,10,0.849,11.180,1156,474,26.565,8.232,1.416,0.706,0.853
642,40,1304.675,470.225,31.456,1299,467,11,7,0.508,11.402,1299,469,164.745,6.181,2.151,0.465,0.690
643,34,1404.941,471.676,24.385,1402,468,6,8,0.719,8.602,1402,468,125.538,6.000,1.501,0.666,0.791
644,70,613.000,474.486,32.627,608,470,11,9,0.826,13.601,608,470,143.973,8.485,1.637,0.611,0.875
645,28,1356.786,472.321,25.556,1351,470,10,5,0.539,10.440,1351,473,16.699,4.603,2.478,0.404,0.727
646,32,1397.281,473.688,21.556,1394,470,7,7,0.865,7.810,1396,470,129.806,6.499,1.236,0.809,0.831
647,132,943.811,488.500,71.556,941,472,5,33,0.324,33.136,942,505,84.806,5.000,7.473,0.134,0.866
648,36,1358.722,477.056,30.627,1354,472,10,9,0.482,12.806,1354,481,38.660,5.145,2.912,0.343,0.713
649,54,1411.685,477.611,29.799,1407,472,9,10,0.764,12.042,1408,473,131.634,7.496,1.740,0.575,0.806
650,35,963.643,477.186,22.728,960,474,7,7,0.851,9.220,961,481,49.399,6.325,1.407,0.711,0.854
651,34,1258.412,478.000,30.627,1254,474,9,10,0.455,11.662,1257,484,59.036,7.102,1.971,0.507,0.624
652,51,1306.265,478.598,36.527,1300,475,13,7,0.480,13.153,1300,479,171.254,6.866,2.153,0.464,0.718
653,35,1392.129,478.986,23.556,1389,475,6,9,0.793,9.849,1390,475,113.962,6.000,1.530,0.654,0.824
654,26,1271.423,481.346,25.799,1268,477,7,10,0.491,11.662,1269,477,120.964,4.417,3.679,0.272,0.675
655,35,1280.700,482.043,28.385,1277,477,7,11,0.546,12.083,1279,488,65.556,4.919,3.097,0.323,0.729
656,48,1402.583,480.250,25.556,1398,477,9,7,0.924,9.487,1398,478,161.565,7.000,1.232,0.812,0.873
657,77,1322.565,485.591,55.941,1315,478,13,13,0.309,16.401,1316,491,52.431,11.554,1.436,0.697,0.644
658,41,1361.817,483.988,31.799,1359,478,6,13,0.510,13.342,1361,491,77.005,5.578,2.714,0.368,0.719
659,94,1421.830,486.723,56.770,1416,480,14,13,0.367,14.866,1416,483,160.346,11.823,1.297,0.771,0.699
660,94,571.521,487.617,40.870,565,481,12,13,0.707,15.811,566,494,55.305,9.604,1.591,0.629,0.843
661,63,1410.944,486.357,33.456,1406,481,10,10,0.707,11.662,1408,481,120.964,8.854,1.309,0.764,0.813
662,94,1434.989,488.915,44.042,1431,482,8,14,0.609,15.652,1432,482,116.565,8.000,2.028,0.493,0.870
663,59,453.873,487.941,30.971,448,483,10,9,0.773,12.207,448,490,34.992,8.194,1.630,0.613,0.843
664,40,1303.200,488.200,30.627,1300,483,8,10,0.536,10.198,1301,483,101.310,8.000,1.123,0.890,0.690
665,31,1383.823,487.758,22.728,1381,483,6,8,0.754,8.544,1383,483,110.556,5.692,1.511,0.662,0.838
666,29,1393.845,488.431,21.556,1390,485,7,7,0.784,9.220,1390,491,40.601,5.367,1.841,0.543,0.817
667,105,1402.767,492.567,44.870,1398,485,13,14,0.655,15.264,1398,485,148.392,12.519,1.110,0.901,0.854
668,38,712.158,491.868,25.899,710,486,4,11,0.712,11.402,711,486,105.255,4.000,2.772,0.361,0.927
669,67,643.784,494.142,29.556,639,490,10,8,0.964,10.817,639,497,33.690,8.000,1.223,0.817,0.931
670,34,1416.324,494.971,23.556,1413,490,6,9,0.770,9.220,1416,490,102.529,5.692,1.686,0.593,0.840
671,29,1324.052,496.259,22.142,1322,492,4,9,0.743,9.487,1323,492,108.435,4.000,2.102,0.476,0.892
672,53,451.443,497.896,29.556,448,493,7,11,0.762,11.705,451,504,70.017,6.276,1.928,0.519,0.855
673,34,475.676,499.353,30.142,474,493,4,13,0.470,13.153,474,493,98.746,4.000,3.346,0.299,0.800
674,28,1366.643,497.679,26.971,1363,493,6,8,0.484,9.434,1363,501,57.995,6.000,1.589,0.629,0.700
675,53,1425.217,497.443,27.799,1420,494,10,7,0.862,10.770,1420,499,21.801,7.000,1.576,0.635,0.855
676,114,482.939,502.614,43.314,479,495,8,16,0.764,17.088,480,495,110.556,8.000,2.111,0.474,0.942
677,91,604.093,501.302,37.213,598,495,11,12,0.826,13.038,598,499,147.529,11.000,1.059,0.944,0.863
678,72,1334.014,501.653,38.870,1327,496,12,12,0.599,13.038,1327,500,147.529,11.180,1.064,0.940,0.716
679,29,1389.741,499.810,24.385,1386,496,8,7,0.613,10.630,1386,496,138.814,5.316,2.193,0.456,0.753
680,82,711.524,510.561,51.314,709,498,5,23,0.391,23.195,710,498,97.431,5.000,5.850,0.171,0.832
681,29,1294.017,504.224,23.314,1291,500,7,7,0.670,9.899,1291,500,135.000,6.091,1.932,0.518,0.773
682,46,1231.370,504.609,25.556,1227,501,9,7,0.885,10.817,1227,508,33.690,7.000,1.656,0.604,0.876
683,79,1314.601,509.032,47.698,1306,501,15,13,0.436,18.601,1306,512,36.254,9.153,2.260,0.442,0.656
684,25,1386.300,504.780,25.799,1381,502,10,6,0.472,11.180,1381,503,153.435,4.427,3.339,0.299,0.625
685,34,448.706,507.676,24.142,446,503,5,10,0.733,10.440,447,503,106.699,5.000,2.026,0.494,0.850
686,38,1325.868,506.579,25.556,1322,503,9,6,0.731,10.817,1322,503,146.310,6.000,1.725,0.580,0.874
687,50,1349.700,507.520,30.627,1343,504,12,7,0.670,12.166,1343,507,170.538,7.000,1.800,0.556,0.775
688,56,1267.214,510.839,44.527,1261,506,13,9,0.355,15.264,1261,507,148.392,8.731,1.907,0.524,0.612
689,72,1424.000,512.042,35.456,1419,507,10,11,0.720,13.038,1420,518,57.529,8.854,1.516,0.660,0.837
690,55,1338.082,512.427,29.799,1334,508,9,9,0.778,11.402,1334,516,37.875,8.121,1.548,0.646,0.833
691,27,521.315,512.907,18.142,518,510,6,6,1.000,6.708,520,510,116.565,6.000,1.046,0.956,0.885
692,121,1207.897,518.112,45.456,1202,510,12,15,0.736,17.493,1203,525,59.036,11.597,1.463,0.684,0.858
693,37,1330.257,513.797,21.556,1327,510,6,8,1.000,8.944,1328,510,116.565,6.000,1.366,0.732,0.902
694,51,1258.343,514.480,26.971,1254,511,9,8,0.881,10.000,1255,511,126.870,8.000,1.134,0.882,0.857
695,35,1290.100,513.671,27.799,1285,511,11,6,0.569,11.180,1285,513,169.695,5.578,2.418,0.413,0.693
696,36,1393.833,515.111,32.385,1389,511,8,9,0.431,10.296,1392,520,60.945,7.398,1.694,0.590,0.655
697,68,1408.838,515.441,41.355,1403,511,12,11,0.500,13.601,1405,522,53.973,10.927,1.280,0.781,0.697
698,33,315.015,515.955,32.627,308,512,13,7,0.390,13.928,308,518,21.038,5.014,3.705,0.270,0.584
699,72,445.028,518.583,35.556,442,512,7,14,0.716,14.142,445,512,98.130,7.000,2.100,0.476,0.878
700,56,1349.643,516.536,40.284,1344,512,12,10,0.434,15.620,1344,522,39.806,7.614,2.335,0.428,0.647
701,116,1055.966,520.828,45.113,1049,513,12,17,0.716,17.117,1056,530,83.290,11.327,1.531,0.653,0.841
702,32,1401.375,517.844,24.627,1398,514,7,8,0.663,9.220,1398,522,40.601,6.576,1.568,0.638,0.753
703,34,347.353,517.735,23.314,344,515,7,6,0.786,8.485,344,515,135.000,6.000,1.012,0.988,0.883
704,42,517.738,519.119,23.213,514,515,8,8,0.979,8.544,514,521,20.556,7.603,1.102,0.907,0.857
705,75,1293.207,524.820,47.698,1288,517,11,17,0.414,19.723,1289,517,120.466,7.242,3.784,0.264,0.670
706,46,1381.109,520.391,27.556,1376,517,10,7,0.761,10.770,1376,521,21.801,6.505,1.609,0.622,0.829
707,45,1389.322,524.678,32.627,1386,518,8,11,0.531,12.083,1386,529,65.556,8.000,1.303,0.767,0.714
708,41,751.085,522.012,23.314,747,519,8,6,0.948,10.000,747,525,36.870,6.000,1.470,0.680,0.943
709,31,1327.919,522.081,26.385,1325,519,8,8,0.560,10.630,1325,527,41.186,6.364,1.946,0.514,0.689
710,42,1353.238,522.595,26.971,1349,519,8,7,0.726,9.434,1349,520,147.995,7.000,1.388,0.720,0.808
711,49,1264.214,527.071,35.456,1259,521,10,12,0.490,12.083,1259,532,65.556,8.222,1.585,0.631,0.649
712,31,1418.823,523.823,24.385,1414,521,10,6,0.655,11.180,1414,521,153.435,4.472,2.795,0.358,0.805
713,35,711.186,526.700,23.899,709,522,4,10,0.770,10.440,710,522,106.699,4.000,2.457,0.407,0.946
714,27,620.093,525.907,18.728,617,523,6,6,0.967,7.810,617,528,39.806,5.367,1.483,0.674,0.885
715,26,1406.885,525.654,25.799,1403,523,8,6,0.491,10.000,1403,523,143.130,6.000,1.921,0.520,0.675
716,27,1288.241,528.167,22.971,1284,524,7,8,0.643,8.602,1284,527,144.462,6.364,1.589,0.629,0.711
717,26,256.462,528.885,22.971,253,525,8,7,0.619,8.246,253,530,14.036,6.002,1.271,0.787,0.684
718,37,264.878,529.797,32.627,260,525,9,9,0.437,11.402,260,534,52.125,7.488,1.602,0.624,0.632
719,34,442.735,528.853,21.314,440,525,6,7,0.941,8.062,441,525,119.745,6.000,1.084,0.922,0.907
720,64,1420.734,529.031,43.355,1412,525,17,8,0.428,17.117,1412,527,173.290,7.761,2.553,0.392,0.646
721,51,936.225,532.127,29.899,934,526,5,12,0.717,12.649,934,526,108.435,5.000,2.684,0.373,0.919
722,53,1211.953,529.538,26.385,1207,526,10,7,0.957,11.180,1207,527,153.435,7.000,1.701,0.588,0.906
723,41,1346.305,530.378,34.870,1343,526,8,10,0.424,11.180,1344,536,63.435,7.318,1.931,0.518,0.678
724,36,1384.000,532.889,29.799,1380,528,7,10,0.509,10.770,1383,528,111.801,7.000,1.502,0.666,0.673
725,30,396.300,531.333,24.385,392,529,8,6,0.634,8.544,392,529,159.444,6.000,1.271,0.787,0.769
726,48,1354.438,533.521,37.799,1349,530,13,6,0.422,13.416,1350,530,153.435,6.000,1.768,0.566,0.756
727,30,1399.600,534.333,22.142,1397,530,5,9,0.769,9.849,1398,539,66.038,5.000,2.125,0.471,0.857
728,27,377.389,535.389,22.385,374,532,7,8,0.677,10.000,374,540,53.130,4.950,2.426,0.412,0.750
729,30,362.367,536.367,32.385,358,533,8,8,0.359,11.314,358,533,135.000,6.871,1.926,0.519,0.606
730,85,440.524,540.994,42.142,437,533,7,17,0.601,18.028,438,550,70.560,6.405,3.178,0.315,0.876
731,70,491.229,538.257,32.971,488,533,8,12,0.809,13.000,488,545,67.380,8.000,1.549,0.646,0.897
732,135,704.981,547.619,70.971,702,533,6,30,0.337,30.594,702,563,78.690,6.000,6.552,0.153,0.801
733,77,1393.110,540.721,48.284,1388,533,12,16,0.415,17.464,1388,533,113.629,9.010,2.130,0.469,0.688
734,35,1423.814,536.643,22.971,1420,533,8,7,0.834,10.000,1420,540,36.870,5.600,2.064,0.484,0.843
735,49,308.296,537.969,37.456,302,534,13,8,0.439,13.342,302,534,167.005,7.951,1.591,0.629,0.645
736,66,1218.485,540.258,29.556,1214,536,9,9,0.949,10.630,1215,536,131.186,9.000,1.081,0.925,0.917
737,45,1428.033,540.967,30.385,1422,536,10,9,0.613,11.662,1422,543,30.964,8.066,1.593,0.628,0.756
738,53,1353.632,541.085,34.284,1348,537,11,9,0.567,12.530,1348,537,151.390,9.000,1.302,0.768,0.716
739,94,1378.149,543.947,55.355,1372,537,13,15,0.385,17.692,1372,540,137.291,12.438,1.436,0.696,0.639
740,59,1435.347,542.992,31.556,1432,537,7,12,0.745,13.416,1433,537,116.565,6.930,1.857,0.539,0.861
741,46,274.130,544.043,38.870,269,538,11,11,0.383,13.601,271,549,53.973,7.000,2.466,0.405,0.605
742,133,936.079,553.402,66.971,933,539,6,30,0.373,30.150,935,539,95.711,6.000,6.148,0.163,0.824
743,30,1275.400,542.300,20.485,1272,539,6,6,0.898,8.485,1272,545,45.000,6.000,1.319,0.758,0.909
744,57,1407.447,543.149,35.213,1402,539,10,9,0.578,11.662,1402,545,30.964,9.000,1.151,0.869,0.786
745,30,1304.267,544.367,22.728,1302,540,4,9,0.730,9.487,1303,540,108.435,4.000,2.308,0.433,0.896
746,34,1332.412,543.941,27.799,1327,540,11,7,0.553,12.083,1327,546,24.444,4.799,3.356,0.298,0.687
747,61,710.730,550.172,43.314,709,541,4,19,0.409,19.235,709,541,98.973,4.000,5.511,0.181,0.878
748,32,1344.906,545.156,31.456,1340,541,9,9,0.406,10.296,1341,541,119.055,7.603,1.292,0.774,0.587
749,48,1387.688,546.438,29.213,1383,542,10,9,0.707,11.662,1383,543,149.036,6.656,2.073,0.482,0.780
750,59,1365.008,546.347,36.042,1359,543,12,8,0.571,12.649,1359,547,18.435,8.000,1.325,0.755,0.771
751,47,1311.457,548.479,26.385,1308,544,8,8,0.848,10.000,1309,544,126.870,7.600,1.386,0.722,0.887
752,27,1414.056,548.611,26.627,1411,544,7,8,0.479,10.000,1412,544,126.870,6.261,1.661,0.602,0.643
753,97,942.613,556.582,60.971,940,545,5,27,0.328,27.295,941,572,81.573,5.000,5.997,0.167,0.805
754,137,1187.281,553.529,51.799,1183,545,10,19,0.642,20.616,1184,564,67.166,10.000,2.361,0.424,0.867
755,37,1268.203,548.014,24.142,1264,545,9,6,0.798,9.849,1264,550,23.962,5.425,1.946,0.514,0.822
756,38,304.526,551.579,30.385,301,546,7,10,0.517,11.662,301,546,120.964,5.942,2.271,0.440,0.717
757,72,489.431,554.778,42.971,487,546,5,18,0.490,18.439,487,564,77.471,5.000,3.911,0.256,0.852
758,28,1290.964,548.750,20.142,1288,546,7,6,0.867,8.062,1288,546,150.255,6.000,1.302,0.768,0.824
759,116,1399.276,554.457,64.770,1391,546,14,15,0.347,17.029,1392,558,40.236,13.453,1.271,0.787,0.730
760,28,1371.893,550.857,20.728,1369,548,6,7,0.819,8.062,1369,548,119.745,5.814,1.376,0.727,0.848
761,39,1408.679,553.526,23.799,1405,549,7,9,0.865,9.849,1407,549,113.962,6.364,1.700,0.588,0.839
762,122,436.451,561.328,53.213,430,550,11,20,0.541,20.616,433,570,67.166,9.806,2.761,0.362,0.767
763,43,1273.872,552.872,31.213,1268,550,11,6,0.555,11.402,1268,553,15.255,6.000,1.949,0.513,0.761
764,33,1300.682,551.803,25.556,1296,550,10,4,0.635,10.198,1296,550,168.690,4.000,2.489,0.402,0.868
765,57,1356.465,555.079,40.627,1348,552,16,7,0.434,17.464,1348,559,23.629,5.696,3.551,0.282,0.726
766,86,1340.837,558.174,45.113,1333,553,14,12,0.531,16.279,1334,553,132.510,9.899,1.907,0.524,0.764
767,51,1294.951,560.343,38.870,1290,554,8,14,0.424,14.142,1295,554,98.130,8.000,2.126,0.470,0.626
768,25,348.980,558.580,24.971,344,555,9,6,0.504,9.487,344,558,18.435,5.578,1.984,0.504,0.625
769,41,1415.622,559.085,26.385,1411,555,10,7,0.740,10.198,1411,559,168.690,7.000,1.315,0.760,0.804
770,29,1274.397,561.362,26.385,1271,557,7,9,0.523,11.402,1271,566,52.125,4.743,2.976,0.336,0.707
771,43,1407.616,562.477,26.971,1405,557,6,10,0.743,10.440,1406,557,106.699,6.000,1.669,0.599,0.878
772,33,297.227,564.924,32.385,294,559,5,12,0.395,13.000,294,559,112.620,4.903,3.301,0.303,0.688
773,29,1352.224,563.397,25.799,1349,560,8,7,0.548,9.434,1349,566,32.005,6.200,1.799,0.556,0.707
774,25,1310.260,565.020,20.142,1307,562,7,6,0.774,8.602,1307,562,144.462,5.199,1.924,0.520,0.769
775,27,1421.981,563.833,20.728,1418,562,8,4,0.790,8.544,1418,562,159.444,4.000,2.090,0.478,0.900
776,36,347.472,566.083,23.556,344,563,8,7,0.815,9.434,344,569,32.005,6.261,1.631,0.613,0.847
777,26,1401.000,567.000,23.213,1398,563,6,8,0.606,8.944,1398,563,116.565,5.687,1.732,0.577,0.722
778,122,489.057,577.975,69.799,486,564,6,31,0.315,31.401,487,595,80.838,5.990,6.163,0.162,0.787
779,29,1359.224,566.121,25.556,1355,564,8,5,0.558,9.434,1355,564,147.995,5.000,1.833,0.545,0.763
780,38,1393.395,568.237,26.971,1390,564,7,10,0.656,10.440,1390,564,106.699,6.456,1.780,0.562,0.768
781,52,1268.385,571.712,36.042,1264,565,8,13,0.503,13.928,1264,565,111.038,7.696,2.327,0.430,0.638
782,27,1343.870,568.907,21.556,1340,566,8,6,0.730,9.434,1340,571,32.005,5.657,1.841,0.543,0.771
783,30,1304.767,569.100,22.142,1300,567,9,5,0.769,9.849,1300,567,156.038,5.000,2.318,0.431,0.833
784,120,1036.333,575.258,46.870,1030,568,14,14,0.686,16.125,1034,568,119.745,12.793,1.310,0.763,0.808
785,84,1301.655,574.929,54.527,1292,569,20,12,0.355,20.616,1292,574,165.964,9.143,2.691,0.372,0.575
786,119,1406.534,577.172,56.284,1400,569,15,16,0.472,18.601,1400,584,36.254,11.800,1.837,0.544,0.692
787,58,434.500,574.741,30.728,430,570,8,10,0.772,12.207,431,570,124.992,8.000,1.469,0.681,0.847
788,51,1240.873,575.422,28.042,1236,570,9,10,0.815,11.180,1238,580,63.435,6.364,1.756,0.569,0.864
789,37,296.608,575.392,32.627,292,571,9,10,0.437,12.207,292,571,124.992,7.554,1.837,0.544,0.612
790,54,1176.852,574.833,28.728,1172,571,9,7,0.822,10.817,1172,577,33.690,7.000,1.426,0.701,0.915
791,43,1395.849,576.267,33.213,1389,571,12,9,0.490,14.422,1389,580,33.690,6.715,2.409,0.415,0.711
792,38,346.816,575.658,23.556,344,572,7,8,0.861,8.602,344,572,144.462,7.000,1.081,0.925,0.835
793,31,1280.435,575.952,22.728,1278,572,5,8,0.754,8.944,1279,572,116.565,5.000,1.671,0.599,0.861
794,27,1315.833,576.759,22.385,1312,573,7,8,0.677,10.000,1312,581,53.130,4.950,2.409,0.415,0.771
795,29,1383.121,575.707,23.556,1378,573,10,5,0.657,10.440,1378,578,16.699,4.808,2.492,0.401,0.773
796,96,473.646,585.823,50.142,470,574,6,22,0.480,22.204,472,574,97.765,6.000,4.416,0.226,0.881
797,30,1336.500,577.600,20.971,1333,574,7,7,0.857,8.602,1333,580,35.538,5.600,1.873,0.534,0.800
798,140,567.386,582.371,44.042,561,575,12,15,0.907,15.620,562,577,129.806,12.000,1.148,0.871,0.924
799,64,1352.125,584.984,49.113,1348,577,8,15,0.333,16.155,1350,592,68.199,8.000,2.470,0.405,0.612
800,51,1340.441,583.461,38.042,1334,578,13,10,0.443,13.601,1334,586,17.103,8.429,2.145,0.466,0.618
801,128,481.164,587.602,47.314,477,579,8,17,0.719,18.385,478,579,112.380,8.000,2.240,0.446,0.948
802,62,290.016,585.500,49.941,283,580,13,11,0.312,13.601,283,585,162.897,10.585,1.075,0.930,0.577
803,77,1212.786,585.435,34.971,1208,580,9,12,0.791,13.000,1211,592,67.380,8.731,1.528,0.654,0.875
804,29,1277.017,582.328,29.213,1271,580,11,6,0.427,12.083,1271,581,155.556,5.376,2.732,0.366,0.652
805,57,434.535,586.781,34.728,430,581,7,13,0.594,13.601,433,594,72.897,7.000,2.453,0.408,0.776
806,79,546.222,586.728,34.385,541,581,10,11,0.840,13.601,542,592,53.973,8.854,1.562,0.640,0.888
807,35,1395.129,583.871,20.728,1392,581,7,6,1.000,8.062,1392,586,29.745,6.000,1.114,0.897,0.921
808,51,1410.520,586.284,33.799,1406,581,10,10,0.561,12.806,1408,581,128.660,8.326,1.906,0.525,0.723
809,78,1367.872,590.487,47.698,1361,584,14,12,0.431,15.232,1361,588,156.801,10.262,1.467,0.682,0.675
810,33,1375.621,588.288,24.385,1372,584,7,9,0.697,10.296,1372,584,119.055,5.814,1.906,0.525,0.759
811,53,1425.123,588.858,38.870,1417,584,13,11,0.441,13.342,1417,589,12.995,10.286,1.243,0.805,0.582
812,39,1341.372,589.423,26.142,1337,587,10,6,0.717,11.180,1337,592,26.565,6.000,2.007,0.498,0.848
813,52,1357.558,593.769,36.042,1352,589,12,8,0.503,12.166,1352,594,170.538,8.000,1.308,0.765,0.712
814,29,1304.776,592.259,21.556,1301,590,8,5,0.784,8.246,1301,590,165.964,5.000,1.438,0.696,0.841
815,27,1400.648,593.278,22.971,1397,590,8,6,0.643,10.000,1397,596,36.870,5.367,2.100,0.476,0.771
816,27,1408.315,593.759,22.385,1406,590,5,8,0.677,8.544,1406,590,110.556,5.000,1.682,0.594,0.806
817,75,647.820,596.820,32.042,643,591,10,11,0.918,12.207,643,601,34.992,8.944,1.430,0.699,0.888
818,35,1387.214,594.386,26.142,1383,591,8,6,0.644,10.000,1383,591,143.130,5.940,1.650,0.606,0.814
819,26,1415.577,595.423,21.799,1412,592,7,7,0.688,8.602,1413,592,125.538,4.950,1.820,0.549,0.765
820,39,411.551,598.526,30.385,405,595,12,7,0.531,13.416,405,595,153.435,5.578,2.866,0.349,0.709
821,65,1282.592,600.915,47.698,1274,596,17,10,0.359,17.117,1274,599,173.290,9.803,1.687,0.593,0.605
822,58,1305.931,599.483,31.799,1300,596,11,9,0.721,11.705,1300,600,19.983,8.590,1.524,0.656,0.789
823,31,1404.984,599.952,20.728,1402,596,6,7,0.907,8.602,1403,596,125.538,6.000,1.473,0.679,0.886
824,36,1412.083,601.222,27.799,1409,596,6,10,0.585,10.198,1411,596,101.310,6.000,1.711,0.584,0.758
825,47,473.245,602.309,28.485,471,597,5,11,0.728,12.083,471,608,65.556,5.000,2.521,0.397,0.922
826,39,1397.679,601.013,24.385,1393,597,9,7,0.824,9.487,1393,600,161.565,7.000,1.331,0.751,0.804
827,44,1426.136,600.568,27.799,1422,597,8,8,0.715,10.000,1423,597,126.870,7.649,1.413,0.708,0.793
828,42,424.286,602.905,28.971,420,598,7,11,0.629,11.180,425,609,79.695,6.864,1.610,0.621,0.771
829,30,1372.667,600.533,24.485,1367,599,11,3,0.629,11.180,1367,600,169.695,3.000,3.467,0.288,0.952
830,74,1343.865,608.905,40.284,1338,603,11,12,0.573,13.892,1341,603,120.256,10.522,1.176,0.851,0.751
831,38,1359.974,606.684,30.385,1356,603,8,9,0.517,10.630,1356,610,41.186,6.868,1.412,0.708,0.697
832,38,1368.500,607.184,26.971,1364,603,9,7,0.656,9.849,1364,609,23.962,7.000,1.400,0.714,0.745
833,86,1400.140,606.535,55.012,1389,603,22,8,0.357,22.361,1389,604,169.695,7.317,4.105,0.244,0.685
834,41,352.476,608.622,28.385,350,604,6,11,0.639,11.402,351,604,105.255,6.000,1.959,0.510,0.796
835,39,1383.013,608.833,24.385,1380,604,7,9,0.824,9.487,1381,613,71.565,6.499,1.579,0.633,0.821
836,40,359.650,610.450,33.213,355,605,9,9,0.456,11.402,355,614,52.125,8.222,1.533,0.652,0.645
837,66,1332.712,612.803,51.355,1328,606,12,13,0.314,15.620,1328,608,140.194,10.936,1.482,0.675,0.574
838,56,1392.000,611.768,31.799,1387,607,10,10,0.696,12.207,1388,607,124.992,8.171,1.454,0.688,0.778
839,26,1427.154,610.385,21.314,1424,607,5,8,0.719,8.602,1424,608,125.538,5.000,1.852,0.540,0.825
840,28,1320.607,610.357,23.556,1316,608,10,5,0.634,10.770,1316,612,21.801,4.511,2.765,0.362,0.800
841,42,423.024,616.738,35.556,419,609,8,13,0.417,14.765,419,609,118.301,6.203,3.063,0.326,0.613
842,67,472.396,615.246,34.728,469,609,6,14,0.698,14.560,470,609,105.945,6.000,2.472,0.405,0.918
843,142,1368.035,618.739,66.669,1357,612,20,16,0.401,20.396,1357,618,11.310,15.494,1.042,0.959,0.683
844,51,1320.657,615.735,32.728,1313,613,14,5,0.598,14.560,1313,617,15.945,5.000,3.001,0.333,0.872
845,74,1397.878,619.203,42.527,1391,613,14,14,0.514,17.804,1391,627,38.157,9.034,2.688,0.372,0.692
846,26,1384.654,617.500,19.556,1381,614,6,7,0.854,7.280,1384,621,74.055,6.000,1.158,0.864,0.812
847,101,1230.797,624.193,50.284,1226,615,10,17,0.502,19.235,1226,615,117.897,10.000,2.395,0.418,0.721
848,42,1345.452,618.524,30.627,1341,615,10,8,0.563,10.817,1342,622,33.690,7.766,1.607,0.622,0.683
849,31,1389.758,621.306,22.971,1386,617,7,8,0.738,10.630,1386,625,48.814,4.800,2.558,0.391,0.838
850,54,1313.296,623.278,29.799,1309,618,9,9,0.764,10.296,1312,618,119.055,8.731,1.115,0.897,0.837
851,91,1322.984,624.049,49.698,1318,618,12,14,0.463,17.804,1318,632,51.843,11.490,1.527,0.655,0.728
852,55,1425.373,623.627,38.042,1419,618,12,10,0.478,12.166,1419,624,170.538,9.803,1.265,0.791,0.663
853,48,1196.104,624.812,26.971,1193,620,7,10,0.829,10.440,1194,620,106.699,6.641,1.649,0.606,0.857
854,33,367.955,623.500,23.899,364,621,9,5,0.726,9.849,364,621,156.038,5.000,2.272,0.440,0.846
855,57,1353.342,624.798,30.142,1348,621,10,8,0.788,11.402,1349,628,37.875,8.000,1.292,0.774,0.857
856,139,1186.155,635.306,56.971,1183,622,7,24,0.538,24.515,1184,622,101.768,7.000,3.419,0.292,0.939
857,61,1379.664,626.402,37.456,1373,622,12,9,0.546,12.369,1373,624,165.964,9.000,1.622,0.617,0.739
858,34,382.353,624.676,27.314,376,623,12,4,0.573,12.166,376,625,9.462,4.000,3.017,0.331,0.850
859,76,424.092,630.408,44.627,420,623,7,17,0.480,18.028,420,623,109.440,6.971,3.007,0.333,0.784
860,85,1299.512,626.947,47.113,1290,623,17,9,0.481,17.720,1290,629,16.390,9.000,1.953,0.512,0.736
861,36,1398.417,626.972,24.971,1395,623,7,9,0.726,9.849,1398,632,66.038,6.008,1.760,0.568,0.800
862,68,1404.882,630.691,43.456,1401,623,9,17,0.453,17.263,1401,640,79.992,7.831,2.360,0.424,0.701
863,36,1412.583,629.111,31.556,1411,623,4,13,0.454,13.342,1411,636,77.005,4.000,4.006,0.250,0.800
864,47,1340.926,628.074,30.627,1336,624,10,8,0.630,11.662,1336,630,30.964,7.034,1.740,0.575,0.783
865,120,785.542,633.925,47.113,779,627,15,15,0.679,19.105,780,641,42.879,10.600,2.014,0.497,0.848
866,41,1312.085,631.622,27.213,1308,628,9,7,0.696,9.849,1308,634,23.962,7.000,1.329,0.753,0.788
867,33,1363.045,630.742,24.385,1358,628,10,5,0.697,10.440,1358,629,163.301,4.768,2.565,0.390,0.795
868,64,1349.781,632.969,37.213,1343,629,14,7,0.581,14.560,1343,636,15.945,7.000,2.334,0.428,0.780
869,32,1418.188,632.000,22.142,1415,629,7,7,0.820,9.220,1415,635,40.601,6.102,1.707,0.586,0.853
870,103,294.432,634.160,57.598,284,630,20,11,0.390,20.396,284,632,168.690,11.000,2.074,0.482,0.620
871,29,908.638,633.707,19.899,906,630,5,7,0.920,8.062,906,637,60.255,5.000,1.571,0.637,0.906
872,88,1178.773,638.295,41.899,1176,630,6,17,0.630,17.720,1176,630,106.390,6.000,3.013,0.332,0.926
873,45,1373.611,633.411,30.971,1369,630,9,9,0.590,11.402,1369,630,127.875,8.310,1.348,0.742,0.744
874,33,1423.197,635.015,26.385,1419,630,8,9,0.596,11.314,1419,639,45.000,5.582,2.403,0.416,0.710
875,25,381.340,632.860,20.728,377,631,9,4,0.731,9.220,377,634,12.529,4.000,2.223,0.450,0.833
876,68,1288.662,635.279,47.941,1278,631,17,9,0.372,18.788,1278,632,154.799,8.728,2.681,0.373,0.654
877,65,1302.915,638.377,46.042,1296,633,16,12,0.385,17.464,1296,644,23.629,9.454,2.035,0.491,0.573
878,26,1380.808,638.077,24.971,1378,634,6,10,0.524,11.662,1378,644,59.036,4.609,3.004,0.333,0.703
879,50,1337.360,642.120,35.698,1332,637,11,10,0.493,11.180,1332,641,169.695,8.403,1.270,0.787,0.694
880,25,1345.140,639.500,18.728,1342,637,6,6,0.896,7.211,1343,637,123.690,6.000,1.121,0.892,0.862
881,125,1409.364,644.740,58.184,1402,637,15,14,0.464,16.125,1406,637,119.745,13.864,1.223,0.817,0.758
882,73,1288.678,643.486,45.113,1283,638,13,13,0.451,13.601,1285,638,107.103,11.509,1.154,0.866,0.685
883,144,435.118,655.799,73.213,431,639,8,32,0.338,32.140,433,639,95.356,7.637,6.061,0.165,0.760
884,54,1364.944,641.926,33.556,1360,639,13,7,0.603,13.928,1360,645,21.038,7.000,2.151,0.465,0.794
885,128,1425.398,647.641,58.426,1419,639,12,19,0.471,19.416,1423,639,101.889,11.907,1.795,0.557,0.746
886,36,1372.306,644.889,32.385,1367,640,9,9,0.431,12.042,1367,648,41.634,7.155,1.951,0.513,0.605
887,46,1352.565,647.000,39.456,1349,642,8,10,0.371,11.314,1349,642,135.000,8.000,1.378,0.726,0.676
888,36,1281.694,648.917,28.385,1279,643,6,11,0.561,11.180,1280,643,100.305,6.000,2.142,0.467,0.706
889,46,1325.870,647.261,35.456,1320,643,13,9,0.460,14.318,1320,652,24.775,7.242,2.213,0.452,0.613
890,48,486.208,650.333,33.556,484,644,5,14,0.536,14.142,484,644,98.130,5.000,2.929,0.341,0.842
891,62,884.806,648.661,29.213,880,644,10,9,0.913,12.806,880,644,141.340,7.071,1.824,0.548,0.912
892,118,1061.907,650.381,47.698,1055,644,14,13,0.652,15.620,1056,656,39.806,11.628,1.427,0.701,0.834
893,29,1270.224,648.328,23.799,1267,644,6,9,0.643,9.487,1269,644,108.435,5.336,2.190,0.457,0.753
894,39,1294.987,649.987,26.627,1291,645,8,9,0.691,9.487,1293,654,71.565,7.603,1.170,0.855,0.743
895,34,1345.206,649.853,30.142,1342,645,5,12,0.470,13.000,1342,645,112.620,5.000,3.089,0.324,0.773
896,51,1401.010,651.618,39.698,1396,646,11,10,0.407,13.601,1396,648,143.973,7.778,2.068,0.483,0.694
897,62,1416.726,653.355,35.213,1411,646,10,12,0.628,12.649,1414,658,71.565,9.540,1.447,0.691,0.725
898,37,1339.743,652.959,31.456,1336,647,8,12,0.470,13.892,1337,647,120.256,5.250,3.467,0.288,0.685
899,77,1389.110,654.383,44.284,1382,649,14,11,0.493,15.556,1383,649,135.000,8.497,2.086,0.479,0.726
900,25,260.460,653.460,22.728,256,650,8,6,0.608,8.602,256,655,35.538,5.491,2.035,0.491,0.685
901,140,1312.943,664.100,70.083,1307,650,12,23,0.358,23.770,1310,673,75.379,12.000,2.422,0.413,0.664
902,78,820.885,658.013,31.213,816,653,10,10,1.000,11.402,816,661,37.875,9.899,1.090,0.917,0.918
903,90,1383.000,659.989,48.770,1375,653,15,14,0.476,17.493,1375,658,149.036,9.707,2.126,0.470,0.706
904,74,1434.541,659.068,34.385,1428,654,11,10,0.787,11.705,1428,658,160.017,10.000,1.074,0.931,0.846
905,36,337.778,659.722,28.627,333,655,9,9,0.552,11.402,333,656,142.125,6.000,2.310,0.433,0.692
906,63,1303.167,663.563,46.042,1296,656,12,13,0.373,13.601,1302,656,107.103,11.000,1.225,0.816,0.597
907,45,1335.522,660.544,26.971,1332,656,8,9,0.777,11.402,1332,665,52.125,6.800,1.815,0.551,0.833
908,27,321.389,661.611,26.385,319,657,5,10,0.487,10.198,321,657,101.310,5.000,2.413,0.414,0.643
909,104,470.423,670.000,58.485,468,657,5,26,0.382,26.476,468,683,79.114,4.989,6.367,0.157,0.889
910,111,674.095,664.068,40.042,669,657,10,14,0.870,15.652,671,657,116.565,10.000,1.485,0.674,0.910
911,42,1323.690,659.976,29.213,1318,657,11,6,0.618,11.402,1318,659,164.745,5.706,2.400,0.417,0.757
912,68,1419.985,663.118,36.627,1414,659,11,8,0.637,12.207,1415,667,34.992,8.000,1.460,0.685,0.829
913,70,1346.086,667.557,40.284,1342,660,8,15,0.542,15.524,1344,675,75.069,7.399,2.307,0.433,0.753
914,35,1371.443,665.929,28.142,1369,660,5,12,0.555,12.649,1370,660,108.435,4.743,3.207,0.312,0.805
915,48,259.792,664.312,36.042,253,661,12,8,0.464,12.042,253,664,175.236,8.000,1.208,0.828,0.676
916,129,1261.260,668.547,61.355,1256,661,13,16,0.431,17.692,1256,676,42.709,12.869,1.351,0.740,0.775
917,34,1409.471,664.471,22.971,1406,661,8,6,0.810,8.944,1406,662,153.435,6.000,1.534,0.652,0.861
918,27,396.056,665.907,19.314,394,662,5,7,0.910,8.062,394,662,119.745,5.000,1.559,0.641,0.915
919,29,1321.052,665.431,19.556,1318,662,6,7,0.953,7.211,1318,667,33.690,6.000,1.077,0.929,0.853
920,62,552.790,670.645,36.042,549,663,8,14,0.600,15.652,549,663,116.565,7.005,2.515,0.398,0.780
921,37,338.284,668.581,26.385,335,664,7,9,0.668,9.849,336,664,113.962,7.000,1.432,0.698,0.747
922,56,1275.857,669.750,38.627,1270,665,10,11,0.472,12.806,1271,666,128.660,9.899,1.491,0.671,0.675
923,37,1362.743,667.878,24.728,1358,665,9,6,0.760,9.434,1359,670,32.005,6.000,1.460,0.685,0.841
924,53,1380.557,668.481,31.456,1375,665,11,8,0.673,11.705,1375,670,19.983,8.000,1.466,0.682,0.785
925,76,1435.000,670.868,35.899,1431,665,8,12,0.741,13.892,1432,677,59.744,7.662,1.865,0.536,0.884
926,88,1286.739,675.068,54.184,1280,667,13,15,0.377,16.643,1283,667,122.735,10.607,1.652,0.605,0.657
927,28,1292.393,669.893,22.728,1288,667,8,6,0.681,9.434,1288,668,147.995,6.000,1.522,0.657,0.778
928,100,1404.730,675.100,53.355,1399,667,13,15,0.441,15.620,1400,681,39.806,12.944,1.158,0.863,0.692
929,56,708.393,674.571,33.556,706,668,5,14,0.625,14.318,707,682,77.905,5.000,2.772,0.361,0.896
930,63,1419.532,671.563,41.113,1413,668,13,9,0.468,13.153,1413,672,8.746,9.000,1.308,0.764,0.704
931,27,1305.611,673.907,25.556,1302,670,9,7,0.519,10.817,1302,670,146.310,5.270,2.732,0.366,0.667
932,63,436.992,677.135,37.213,432,671,9,12,0.572,13.038,434,672,122.471,8.724,1.526,0.655,0.754
933,43,1427.384,676.895,26.627,1423,672,8,10,0.762,11.180,1425,682,63.435,5.778,2.142,0.467,0.811
934,31,283.790,676.855,28.385,280,673,8,7,0.484,8.944,280,675,153.435,7.000,1.182,0.846,0.674
935,84,1420.012,683.833,49.113,1413,675,12,18,0.438,20.125,1415,675,116.565,8.455,2.614,0.383,0.675
936,36,1004.694,680.500,20.971,1001,677,7,7,1.000,7.810,1002,683,39.806,7.000,1.061,0.943,0.878
937,38,1258.421,680.053,22.142,1255,677,8,6,0.974,8.944,1255,683,26.565,6.000,1.284,0.779,0.905
938,69,1394.283,682.355,51.598,1384,677,16,11,0.326,16.553,1384,685,25.017,11.000,1.439,0.695,0.556
939,25,375.940,683.780,26.971,373,679,7,10,0.432,12.207,373,679,124.992,4.472,3.622,0.276,0.610
940,71,270.486,688.542,45.456,264,680,10,15,0.432,15.811,264,693,55.305,8.944,1.844,0.542,0.689
941,67,707.828,692.366,39.314,705,683,5,17,0.545,17.263,707,683,100.008,5.000,3.785,0.264,0.893
942,119,1366.727,691.122,57.355,1358,683,18,15,0.455,21.095,1358,694,31.430,11.180,2.323,0.431,0.692
943,134,439.157,694.948,71.941,432,684,13,22,0.325,23.409,437,684,109.983,11.767,2.156,0.464,0.675
944,63,1178.960,690.452,33.314,1176,684,6,13,0.713,13.601,1177,684,107.103,6.000,2.343,0.427,0.894
945,132,1261.485,689.485,60.527,1253,684,20,12,0.453,20.881,1253,693,16.699,11.767,1.701,0.588,0.739
946,98,1414.908,690.388,48.770,1409,684,12,14,0.518,16.643,1411,684,122.735,10.262,1.672,0.598,0.778
947,39,281.397,689.192,29.556,278,685,9,9,0.561,9.849,278,685,156.038,8.379,1.271,0.787,0.716
948,27,400.537,689.759,31.213,395,686,10,8,0.348,10.770,395,692,21.801,7.071,1.705,0.586,0.514
949,61,1322.139,693.893,40.870,1315,688,15,11,0.459,18.028,1315,698,33.690,7.091,3.347,0.299,0.682
950,25,1347.940,691.500,19.899,1346,688,4,7,0.793,8.062,1346,695,60.255,4.000,1.865,0.536,0.909
951,25,1407.620,693.860,18.728,1404,691,6,6,0.896,7.211,1406,691,123.690,5.657,1.298,0.770,0.862
952,35,284.014,695.729,24.971,279,692,9,7,0.705,10.817,279,698,33.690,4.919,2.382,0.420,0.843
953,37,1291.230,696.203,26.042,1286,692,10,8,0.686,11.402,1287,700,37.875,5.200,2.543,0.393,0.779
954,26,1328.423,696.577,25.556,1325,692,6,9,0.500,10.817,1325,701,56.310,5.295,2.389,0.419,0.693
955,94,1356.213,699.798,43.113,1350,692,13,13,0.636,13.601,1353,705,72.897,12.200,1.140,0.877,0.803
956,34,1116.824,699.088,23.556,1114,694,6,9,0.770,10.296,1114,703,60.945,5.657,1.767,0.566,0.861
957,80,1256.550,699.288,34.385,1252,694,10,11,0.850,12.806,1253,694,128.660,10.000,1.270,0.788,0.870
958,43,1334.593,698.314,27.213,1331,694,8,10,0.730,10.440,1334,704,73.301,7.140,1.580,0.633,0.761
959,30,1267.433,698.600,30.627,1264,695,8,8,0.402,9.220,1265,702,40.601,7.071,1.481,0.675,0.606
960,25,241.300,699.660,20.971,239,696,5,7,0.714,8.062,239,696,119.745,5.000,1.654,0.605,0.781
961,62,1348.258,703.274,40.870,1344,696,9,14,0.466,14.560,1348,696,105.945,7.455,2.232,0.448,0.697
962,40,1340.175,701.550,26.971,1337,697,7,10,0.691,10.440,1339,707,73.301,7.000,1.566,0.638,0.741
963,43,1406.337,701.081,30.042,1402,697,9,8,0.599,10.000,1403,697,126.870,7.778,1.385,0.722,0.761
964,27,270.389,700.278,28.971,264,698,11,6,0.404,11.705,264,699,160.017,5.367,2.793,0.358,0.607
965,32,1319.906,702.688,24.385,1316,699,8,8,0.676,10.630,1317,707,48.814,5.657,2.099,0.476,0.762
966,102,707.225,711.363,52.728,704,701,6,23,0.461,23.345,706,724,80.134,5.872,4.375,0.229,0.879
967,51,934.225,706.363,30.728,929,701,8,10,0.679,10.770,933,701,111.801,8.000,1.522,0.657,0.816
968,26,1312.077,705.731,27.556,1307,702,8,9,0.430,10.000,1307,704,143.130,6.364,2.090,0.478,0.571
969,25,1379.620,704.540,17.899,1377,702,5,6,0.981,7.211,1377,702,123.690,5.000,1.166,0.858,0.926
970,26,1389.538,706.808,23.213,1386,703,7,8,0.606,10.000,1386,703,126.870,4.685,2.624,0.381,0.722
971,66,235.394,708.652,43.456,228,704,14,10,0.439,14.560,228,706,164.055,9.551,1.253,0.798,0.644
972,64,571.500,708.000,28.142,567,704,9,8,1.000,10.817,567,705,146.310,8.000,1.181,0.846,0.955
973,73,1254.253,709.089,44.042,1249,704,15,10,0.473,17.000,1249,714,28.072,10.000,1.475,0.678,0.689
974,65,1401.377,708.962,38.870,1394,705,14,8,0.541,14.560,1394,710,15.945,7.727,2.219,0.451,0.726
975,94,1007.511,711.979,36.284,1002,706,11,13,0.897,13.153,1007,706,98.746,11.000,1.112,0.899,0.855
976,39,1344.679,711.038,26.627,1341,706,8,9,0.691,10.296,1342,706,119.055,7.071,1.464,0.683,0.765
977,53,1374.670,710.387,29.556,1370,706,9,8,0.762,10.630,1371,706,131.186,8.000,1.225,0.816,0.848
978,26,434.846,709.769,17.899,432,707,6,5,1.000,7.211,432,708,146.310,5.000,1.242,0.805,0.945
979,34,1334.382,711.353,24.971,1331,707,8,7,0.685,8.602,1333,707,125.538,6.800,1.447,0.691,0.791
980,76,1384.539,713.842,48.527,1377,707,16,11,0.406,17.088,1377,718,20.556,11.000,1.509,0.663,0.618
981,45,1419.211,713.233,27.799,1415,709,8,9,0.732,9.487,1418,709,108.435,7.906,1.120,0.893,0.789
982,99,934.187,720.126,51.556,929,711,8,20,0.468,21.541,929,711,111.801,8.000,3.408,0.293,0.753
983,48,1290.417,716.812,34.870,1286,711,8,12,0.496,12.530,1288,723,61.390,6.868,2.182,0.458,0.681
984,83,1300.464,718.428,56.527,1294,711,15,13,0.326,17.205,1295,713,144.462,12.500,1.443,0.693,0.593
985,27,1352.833,714.944,21.314,1351,711,4,8,0.747,8.944,1351,711,116.565,4.000,2.199,0.455,0.871
986,46,435.196,716.413,31.213,429,713,11,8,0.593,11.180,429,717,10.305,8.000,1.367,0.731,0.742
987,94,1328.979,718.372,55.113,1318,713,21,10,0.389,22.136,1318,723,18.435,9.230,3.130,0.319,0.662
988,51,1361.716,717.618,32.042,1356,714,12,7,0.624,13.000,1356,716,157.380,6.740,2.112,0.474,0.816
989,82,1251.573,720.829,39.213,1247,715,10,13,0.670,13.928,1249,715,111.038,8.944,1.630,0.614,0.796
990,27,1308.833,717.611,22.142,1304,715,9,5,0.692,9.220,1304,717,167.471,5.000,2.213,0.452,0.783
991,26,408.308,717.923,20.728,404,716,9,4,0.760,9.220,404,719,12.529,4.000,2.429,0.412,0.852
992,31,1342.952,718.823,20.728,1340,716,6,6,0.907,8.485,1340,722,45.000,6.000,1.228,0.814,0.925
993,74,1394.838,723.784,38.385,1389,717,10,13,0.631,13.928,1392,730,68.962,9.276,1.682,0.594,0.747
994,71,1381.965,722.317,38.870,1375,718,13,9,0.591,13.038,1375,722,175.601,9.000,1.394,0.717,0.776
995,32,1420.250,722.094,26.971,1415,719,11,6,0.553,11.705,1415,723,19.983,5.220,2.687,0.372,0.719
996,55,266.464,724.591,42.627,261,720,11,10,0.380,14.142,261,720,135.000,10.000,1.340,0.746,0.621
997,126,700.317,734.159,67.799,697,720,7,28,0.344,28.636,697,748,77.905,6.328,6.016,0.166,0.761
998,89,1434.298,727.208,45.456,1428,720,11,14,0.541,17.205,1428,720,125.538,10.429,1.820,0.550,0.742
999,78,1259.564,728.949,47.598,1256,721,9,16,0.433,16.279,1257,721,100.620,9.000,2.004,0.499,0.722
1000,42,1280.619,724.786,34.971,1273,721,15,6,0.432,15.297,1273,727,11.310,6.000,2.930,0.341,0.661
1001,55,1333.809,724.355,28.627,1328,721,11,8,0.843,11.705,1328,722,160.017,7.778,1.557,0.642,0.846
1002,40,293.625,725.550,30.627,288,722,12,7,0.536,12.649,288,723,161.565,5.376,2.919,0.343,0.702
1003,70,1187.014,730.129,41.556,1184,722,6,16,0.509,17.088,1184,722,110.556,6.000,3.055,0.327,0.805
1004,41,1343.427,726.817,31.799,1340,722,7,11,0.510,11.705,1343,733,70.017,7.000,1.700,0.588,0.707
1005,37,1425.419,726.581,28.728,1419,722,10,7,0.563,11.180,1419,728,26.565,6.996,1.871,0.535,0.763
1006,134,482.075,738.090,74.284,478,723,8,33,0.305,33.242,479,756,83.089,6.790,5.709,0.175,0.751
1007,73,1288.226,729.815,48.527,1281,723,14,12,0.390,16.643,1281,733,32.735,10.124,1.958,0.511,0.652
1008,34,1357.324,725.353,28.385,1352,723,11,6,0.530,12.530,1352,729,28.610,5.172,2.666,0.375,0.747
1009,41,1368.427,729.012,31.213,1364,724,9,9,0.529,11.402,1364,724,127.875,6.828,1.739,0.575,0.695
1010,74,1412.432,731.730,52.184,1407,724,11,17,0.341,17.117,1413,741,83.290,9.341,2.132,0.469,0.594
1011,26,368.769,728.154,24.385,364,725,9,6,0.549,9.849,364,729,23.962,5.494,2.293,0.436,0.667
1012,84,706.917,734.381,41.556,704,725,6,18,0.611,18.248,705,743,80.538,6.000,3.153,0.317,0.898
1013,129,1249.159,734.647,57.355,1243,725,12,19,0.493,20.248,1246,725,110.225,12.000,1.693,0.591,0.806
1014,63,1313.595,729.484,42.870,1307,725,14,10,0.431,14.560,1307,730,15.945,9.762,1.300,0.769,0.653
1015,72,1402.583,730.958,41.355,1397,725,11,12,0.529,12.530,1401,737,61.390,9.899,1.306,0.766,0.762
1016,127,438.839,737.295,67.012,429,726,16,23,0.355,25.495,430,749,64.440,11.463,2.487,0.402,0.629
1017,37,1021.014,729.176,22.971,1017,726,8,7,0.881,10.000,1017,726,143.130,5.657,1.838,0.544,0.881
1018,27,1377.167,729.315,18.728,1374,727,7,5,0.967,7.616,1374,731,23.199,5.000,1.388,0.720,0.885
1019,30,1388.267,729.767,23.556,1384,727,8,6,0.679,8.944,1384,728,153.435,6.000,1.286,0.778,0.789
1020,53,1267.708,733.802,32.042,1263,728,9,11,0.649,13.038,1264,739,57.529,7.778,2.040,0.490,0.757
1021,77,1357.877,735.058,55.941,1351,729,13,12,0.309,17.029,1351,730,139.764,11.509,1.634,0.612,0.618
1022,113,1180.111,741.624,57.213,1177,730,7,23,0.434,23.537,1177,730,102.265,7.000,3.999,0.250,0.799
1023,25,1426.620,733.380,21.556,1424,730,5,7,0.676,7.810,1424,731,129.806,5.000,1.576,0.635,0.794
1024,29,433.259,734.879,29.799,430,731,6,10,0.410,11.662,430,741,59.036,5.093,2.245,0.445,0.667
1025,44,1276.568,734.705,27.556,1272,731,9,7,0.728,10.000,1272,738,36.870,7.000,1.589,0.629,0.800
1026,30,365.867,736.767,24.142,363,732,5,10,0.647,10.440,365,732,106.699,4.743,2.675,0.374,0.811
1027,34,1309.618,737.000,23.556,1307,732,6,9,0.770,9.849,1308,732,113.962,5.814,2.032,0.492,0.791
1028,44,1367.295,737.773,30.385,1364,732,7,12,0.599,13.000,1364,732,112.620,5.367,2.578,0.388,0.793
1029,27,1344.463,737.685,25.799,1341,733,8,9,0.510,11.402,1341,742,52.125,4.950,3.271,0.306,0.651
1030,35,1375.786,735.443,26.971,1370,733,11,5,0.605,11.180,1370,736,10.305,5.000,2.398,0.417,0.795
1031,28,1385.964,736.571,23.213,1382,733,8,7,0.653,8.944,1382,739,26.565,5.657,1.917,0.522,0.709
1032,110,451.345,742.709,51.113,445,734,12,18,0.529,18.788,448,734,115.201,8.222,2.562,0.390,0.809
1033,50,1420.180,738.780,34.627,1415,734,9,9,0.524,10.630,1415,741,41.186,9.000,1.222,0.818,0.769
1034,77,1394.786,740.253,44.284,1387,735,17,9,0.493,17.464,1387,739,166.759,8.856,2.251,0.444,0.737
1035,41,1435.037,738.159,23.314,1431,735,8,6,0.948,9.434,1431,741,32.005,6.000,1.387,0.721,0.921
1036,70,1287.486,739.943,37.698,1281,736,14,9,0.619,14.036,1281,738,175.914,8.731,1.400,0.714,0.800
1037,28,1317.393,738.500,20.728,1314,736,8,5,0.819,8.544,1314,740,20.556,5.000,1.626,0.615,0.836
1038,46,313.000,742.783,33.213,310,737,6,13,0.524,13.342,312,737,102.995,6.000,2.425,0.412,0.724
1039,113,1187.385,748.881,57.213,1184,737,8,24,0.434,24.515,1184,737,101.768,7.848,4.171,0.240,0.793
1040,43,1302.570,741.895,25.213,1298,737,8,9,0.850,9.849,1301,737,113.962,7.071,1.440,0.695,0.827
1041,132,806.720,747.159,45.113,801,738,12,17,0.815,17.464,805,738,103.241,11.180,1.556,0.643,0.892
1042,25,1257.020,742.780,21.314,1254,738,5,8,0.692,9.434,1254,746,57.995,5.000,2.175,0.460,0.781
1043,46,1268.848,742.804,28.971,1264,738,9,9,0.689,10.000,1264,741,143.130,8.497,1.224,0.817,0.760
1044,61,1296.238,745.516,38.284,1290,738,12,12,0.523,13.000,1296,738,112.620,9.839,1.382,0.724,0.705
1045,124,1243.242,748.573,50.042,1237,739,12,18,0.622,19.723,1237,757,59.534,9.478,2.291,0.436,0.829
1046,34,1372.912,743.941,25.556,1368,739,8,8,0.654,9.220,1368,746,40.601,6.872,1.389,0.720,0.756
1047,52,1007.212,744.481,27.799,1003,740,9,9,0.846,10.817,1005,740,123.690,7.906,1.487,0.672,0.832
1048,31,323.081,744.855,21.556,320,741,6,8,0.838,9.434,321,741,122.005,5.578,1.913,0.523,0.827
1049,25,1314.780,744.540,18.971,1312,741,6,7,0.873,8.062,1313,741,119.745,4.950,1.885,0.530,0.806
1050,26,1277.923,744.115,19.899,1274,742,8,4,0.825,8.944,1274,742,153.435,4.000,2.365,0.423,0.897
1051,46,1364.130,747.065,30.042,1360,742,8,10,0.641,10.440,1362,742,106.699,7.005,1.658,0.603,0.754
1052,48,1416.146,747.542,34.870,1413,743,7,11,0.496,11.402,1414,743,105.255,7.000,1.831,0.546,0.750
1053,28,306.357,748.429,22.971,303,744,6,9,0.667,9.849,304,744,113.962,4.828,2.487,0.402,0.778
1054,131,705.393,758.294,68.385,703,744,6,31,0.352,31.401,703,775,80.838,6.000,6.111,0.164,0.865
1055,42,1422.810,748.500,26.142,1419,744,7,8,0.772,10.000,1419,752,53.130,7.000,1.487,0.673,0.866
1056,25,319.860,749.860,21.556,316,746,7,7,0.676,9.899,316,746,135.000,5.488,2.450,0.408,0.735
1057,50,446.140,751.500,35.213,441,746,9,12,0.507,12.649,444,746,108.435,8.400,1.499,0.667,0.690
1058,42,1382.357,749.881,32.284,1377,746,11,9,0.506,11.705,1377,747,160.017,7.028,1.894,0.528,0.656
1059,50,1395.320,748.400,34.385,1389,746,13,7,0.531,13.928,1389,746,158.962,7.000,2.396,0.417,0.699
1060,49,1407.173,751.010,31.799,1402,746,9,9,0.609,10.630,1402,753,41.186,8.050,1.288,0.776,0.803
1061,35,1258.643,749.700,28.385,1253,747,10,7,0.546,10.198,1253,747,168.690,7.000,1.383,0.723,0.729
1062,33,379.561,754.015,26.728,376,748,6,10,0.580,11.180,376,758,63.435,5.336,2.550,0.392,0.795
1063,58,1287.103,754.655,38.627,1282,749,10,11,0.488,12.806,1282,749,141.340,9.545,1.117,0.896,0.682
1064,62,1373.177,753.258,40.870,1367,749,12,9,0.466,12.207,1368,750,145.008,9.000,1.374,0.728,0.709
1065,60,673.600,755.717,28.971,670,750,7,11,0.898,11.402,673,750,105.255,7.000,1.486,0.673,0.896
1066,69,1270.022,755.906,42.284,1264,750,12,11,0.485,14.213,1265,761,50.711,8.485,1.929,0.518,0.750
1067,62,1423.419,755.516,34.627,1417,750,12,10,0.650,12.649,1417,756,18.435,8.310,1.717,0.582,0.765
1068,58,457.052,757.776,32.728,454,751,7,12,0.680,13.038,454,752,122.471,6.548,2.169,0.461,0.866
1069,73,941.801,756.705,40.142,938,751,10,13,0.569,16.401,938,764,52.431,8.692,2.324,0.430,0.768
1070,29,1389.121,756.293,25.556,1386,751,5,10,0.558,10.440,1388,761,73.301,5.000,2.430,0.412,0.744
1071,33,1345.439,756.833,23.314,1342,753,6,7,0.763,8.602,1343,753,125.538,6.000,1.405,0.712,0.846
1072,53,1396.689,757.726,32.627,1392,753,10,9,0.626,11.180,1392,759,26.565,8.489,1.285,0.778,0.763
1073,66,1414.197,760.924,39.698,1409,754,11,12,0.526,12.649,1411,766,71.565,9.707,1.308,0.764,0.750
1074,29,335.983,759.328,32.042,329,755,12,9,0.355,14.422,329,764,33.690,4.736,4.037,0.248,0.563
1075,37,1359.500,758.662,22.142,1356,755,7,7,0.948,8.062,1358,755,119.745,6.957,1.131,0.884,0.881
1076,32,1247.906,759.906,20.971,1245,756,6,8,0.914,8.944,1246,756,116.565,5.657,1.668,0.600,0.865
1077,59,1256.907,762.042,43.355,1253,756,9,13,0.394,13.928,1253,756,111.038,8.944,1.610,0.621,0.690
1078,35,1352.186,759.900,22.142,1349,756,7,7,0.897,9.220,1350,756,130.601,6.364,1.577,0.634,0.897
1079,127,1429.909,762.398,51.941,1419,756,20,11,0.592,20.616,1419,766,14.036,11.000,2.163,0.462,0.789
1080,54,1278.648,761.519,33.799,1275,757,8,9,0.594,11.314,1275,766,45.000,8.000,1.143,0.875,0.818
1081,73,449.144,764.226,43.799,440,760,14,11,0.478,15.652,440,762,153.435,10.525,1.678,0.596,0.685
1082,31,1402.371,763.726,21.314,1400,760,5,8,0.858,8.944,1400,768,63.435,5.000,1.594,0.628,0.873
1083,40,1370.175,764.475,22.971,1366,761,8,7,0.953,8.544,1366,763,159.444,7.000,1.104,0.906,0.870
1084,65,1394.900,766.823,38.042,1389,761,10,11,0.564,13.038,1392,761,122.471,9.391,1.337,0.748,0.783
1085,29,629.741,765.603,20.728,627,762,5,8,0.848,8.944,628,762,116.565,5.000,1.745,0.573,0.879
1086,52,1186.827,768.596,32.728,1184,762,5,13,0.610,13.601,1185,762,107.103,5.000,2.956,0.338,0.881
1087,83,1288.054,769.102,48.770,1280,762,16,12,0.439,16.763,1280,767,162.646,11.314,1.586,0.631,0.651
1088,40,1295.450,765.025,25.556,1291,762,8,8,0.770,10.000,1292,762,126.870,7.374,1.292,0.774,0.816
1089,131,815.653,769.355,43.456,809,763,13,14,0.872,16.643,810,763,122.735,11.833,1.343,0.745,0.913
1090,75,1360.567,767.487,38.627,1353,763,13,10,0.632,14.765,1353,766,151.699,8.800,1.681,0.595,0.773
1091,128,461.289,772.750,49.698,455,764,13,18,0.651,19.723,457,764,120.466,9.839,2.200,0.455,0.828
1092,34,1304.706,768.735,32.385,1300,764,11,8,0.407,11.402,1300,768,164.745,7.662,1.970,0.508,0.567
1093,137,941.631,779.318,62.728,939,765,6,28,0.438,28.443,939,765,100.125,6.000,4.833,0.207,0.913
1094,38,1332.368,769.474,26.385,1328,765,7,9,0.686,9.220,1332,765,102.529,7.000,1.208,0.828,0.760
1095,31,1408.145,769.306,22.142,1405,765,6,8,0.795,8.544,1406,773,69.444,6.000,1.571,0.637,0.805
1096,32,1316.406,768.969,26.385,1312,766,9,6,0.578,9.849,1312,772,23.962,5.657,1.717,0.582,0.753
1097,120,1416.275,774.300,65.598,1411,766,11,21,0.350,21.213,1414,766,98.130,11.000,1.606,0.623,0.706
1098,26,1426.923,769.308,22.728,1422,767,8,6,0.633,8.944,1422,768,153.435,5.659,1.745,0.573,0.754
1099,83,1435.223,772.572,36.385,1431,767,8,12,0.788,13.416,1432,767,116.565,8.000,1.569,0.637,0.917
1100,32,478.656,774.656,34.142,477,768,3,15,0.345,15.133,478,783,82.405,3.000,5.437,0.184,0.762
1101,44,1274.455,772.159,27.799,1270,768,8,8,0.715,9.434,1270,770,147.995,8.000,1.172,0.853,0.815
1102,38,1371.684,771.868,25.556,1367,769,10,6,0.731,11.180,1367,770,153.435,5.233,2.250,0.445,0.817
1103,59,1390.788,773.754,29.213,1386,769,10,9,0.869,11.402,1388,769,127.875,7.603,1.634,0.612,0.849
1104,48,1401.583,773.958,31.556,1398,769,7,12,0.606,13.000,1400,781,67.380,6.008,2.385,0.419,0.793
1105,48,1058.958,773.854,24.385,1055,770,8,8,1.000,8.944,1055,772,153.435,8.000,1.123,0.891,0.889
1106,31,1298.274,775.823,24.385,1295,771,7,8,0.655,8.544,1298,771,110.556,6.517,1.383,0.723,0.756
1107,41,1382.061,777.280,36.385,1374,772,13,8,0.389,13.153,1374,779,8.746,8.000,1.957,0.511,0.594
1108,85,934.618,783.665,46.971,931,773,6,20,0.484,20.396,933,773,101.310,6.000,4.014,0.249,0.837
1109,30,453.400,776.933,18.971,450,774,7,6,1.000,7.616,450,775,156.801,6.000,1.234,0.810,0.870
1110,100,1291.830,781.300,60.326,1285,774,14,17,0.345,20.809,1287,774,125.218,10.607,1.888,0.530,0.625
1111,29,1406.914,777.362,20.142,1404,774,6,7,0.898,8.062,1405,781,60.255,6.000,1.327,0.753,0.841
1112,61,290.008,780.943,37.698,284,775,12,11,0.539,13.038,285,786,32.471,9.839,1.344,0.744,0.697
1113,73,704.705,787.007,49.799,702,776,6,22,0.370,22.091,703,798,84.806,5.896,4.529,0.221,0.768
1114,70,726.843,781.314,31.456,722,776,10,11,0.889,12.530,724,776,118.610,7.778,1.567,0.638,0.886
1115,70,1188.200,784.257,38.142,1185,776,6,16,0.605,16.492,1186,792,75.964,6.000,3.119,0.321,0.859
1116,39,280.218,781.218,25.213,277,777,7,9,0.771,10.296,278,786,60.945,6.364,1.640,0.610,0.830
1117,58,1428.259,781.052,35.213,1423,777,10,11,0.588,12.530,1423,777,118.610,9.675,1.282,0.780,0.758
1118,27,272.574,782.944,21.799,269,779,7,7,0.714,8.062,269,781,150.255,5.814,1.577,0.634,0.740
1119,43,1303.314,784.733,30.627,1300,779,8,10,0.576,10.770,1300,789,68.199,7.799,1.392,0.719,0.729
1120,53,1342.085,783.085,43.113,1334,779,15,8,0.358,17.000,1334,779,151.928,7.417,2.769,0.361,0.658
1121,34,1352.882,781.941,24.385,1349,779,8,6,0.719,9.220,1349,779,139.399,6.000,1.371,0.729,0.810
1122,106,1390.028,785.038,59.841,1381,779,16,14,0.372,18.028,1381,783,146.310,13.431,1.083,0.923,0.644
1123,50,1410.100,783.820,27.556,1406,779,9,8,0.827,10.000,1406,787,53.130,8.000,1.183,0.846,0.877
1124,75,797.913,786.087,32.627,792,780,10,11,0.885,11.662,792,788,30.964,9.899,1.129,0.886,0.909
1125,36,1422.583,785.639,26.385,1420,780,6,10,0.650,11.180,1420,780,116.565,6.000,2.031,0.492,0.783
1126,61,1435.320,784.975,30.971,1431,780,8,10,0.799,11.180,1434,780,116.565,8.000,1.200,0.834,0.884
1127,96,468.167,789.104,48.284,461,781,13,15,0.517,15.811,465,782,124.695,12.286,1.367,0.732,0.706
1128,53,1309.726,787.689,36.870,1304,781,11,12,0.490,14.422,1306,793,56.310,7.367,2.883,0.347,0.679
1129,49,1327.214,784.704,30.385,1322,781,12,7,0.667,12.649,1322,787,18.435,6.957,1.915,0.522,0.778
1130,73,1399.760,786.541,35.456,1394,781,11,11,0.730,13.038,1394,789,32.471,8.497,1.630,0.613,0.834
1131,69,1228.587,787.572,32.385,1224,782,9,11,0.827,11.705,1227,782,109.983,8.538,1.280,0.781,0.863
1132,39,1253.731,784.679,28.971,1248,782,11,6,0.584,12.083,1248,788,24.444,5.333,2.653,0.377,0.757
1133,77,1275.617,788.890,36.042,1271,782,9,13,0.745,14.422,1272,782,123.690,9.000,1.627,0.615,0.851
1134,29,1282.879,785.362,26.627,1278,782,9,7,0.514,10.817,1278,782,146.310,5.814,2.292,0.436,0.674
1135,46,1317.717,790.630,33.698,1313,785,9,11,0.509,11.402,1316,785,105.255,8.321,1.286,0.778,0.713
1136,49,1337.296,789.031,31.456,1332,785,10,9,0.622,12.806,1332,785,141.340,7.071,2.147,0.466,0.778
1137,51,291.853,789.814,31.213,288,786,8,8,0.658,11.314,288,794,45.000,8.000,1.211,0.826,0.843
1138,111,1180.680,799.878,60.728,1178,786,5,27,0.378,27.295,1179,786,98.427,5.000,5.923,0.169,0.877
1139,29,1353.293,790.121,24.971,1350,786,7,7,0.584,9.220,1350,786,139.399,6.641,1.416,0.706,0.716
1140,34,448.118,790.824,25.799,443,787,10,7,0.642,10.770,443,792,21.801,5.367,2.265,0.441,0.747
1141,49,1257.378,792.173,33.456,1253,788,9,9,0.550,11.402,1255,788,127.875,8.549,1.386,0.721,0.721
1142,36,1289.944,792.306,28.385,1284,789,12,6,0.561,12.166,1284,792,170.538,5.060,2.893,0.346,0.735
1143,127,1324.083,796.894,53.941,1316,789,15,16,0.548,19.105,1316,803,42.879,11.400,1.946,0.514,0.758
1144,136,1375.882,797.397,70.083,1365,789,20,17,0.348,20.100,1365,796,174.289,15.476,1.418,0.705,0.628
1145,50,1350.260,796.340,34.627,1346,790,9,11,0.524,13.038,1347,790,122.471,7.778,1.876,0.533,0.690
1146,26,1385.846,793.269,21.314,1383,790,5,8,0.719,9.434,1383,790,122.005,4.919,2.125,0.471,0.867
1147,72,1433.583,794.028,34.142,1428,790,10,9,0.776,12.728,1429,790,135.000,9.000,1.344,0.744,0.906
1148,35,1270.500,795.071,22.385,1267,791,7,8,0.878,9.220,1268,791,130.601,6.364,1.510,0.662,0.824
1149,36,1334.639,795.583,27.556,1331,791,7,10,0.596,12.207,1331,791,124.992,5.659,2.640,0.379,0.742
1150,69,1225.428,797.442,34.627,1220,792,11,10,0.723,12.806,1223,792,128.660,9.459,1.269,0.788,0.821
1151,103,1303.646,801.083,63.255,1298,792,11,18,0.323,19.416,1298,792,124.509,11.000,2.038,0.491,0.608
1152,100,941.840,803.490,50.971,939,793,6,21,0.484,21.840,939,793,105.945,6.000,3.999,0.250,0.840
1153,73,1188.240,800.199,36.728,1185,793,6,14,0.680,14.866,1186,793,109.654,6.000,2.533,0.395,0.901
1154,28,1312.536,796.500,21.556,1309,793,6,7,0.757,7.810,1310,799,50.194,6.000,1.250,0.800,0.824
1155,36,465.861,799.500,26.142,463,794,6,10,0.662,11.180,463,794,116.565,5.374,2.530,0.395,0.791
1156,51,1280.206,799.245,36.627,1275,795,10,9,0.478,11.662,1275,802,30.964,9.000,1.198,0.835,0.703
1157,41,427.329,804.012,34.627,424,796,8,14,0.430,15.652,424,796,116.565,4.832,3.747,0.267,0.713
1158,101,476.787,804.866,52.527,470,796,14,17,0.460,21.260,470,797,131.186,8.944,2.986,0.335,0.745
1159,42,1264.119,801.571,29.456,1260,797,9,9,0.608,11.402,1260,806,37.875,6.091,2.238,0.447,0.785
1160,45,1400.878,802.122,27.799,1397,797,7,11,0.732,12.083,1399,797,114.444,6.641,2.079,0.481,0.811
1161,72,1425.833,803.083,37.799,1422,797,9,12,0.633,13.892,1422,809,59.744,8.538,1.753,0.571,0.832
1162,50,1384.640,804.360,34.385,1380,799,10,10,0.531,14.142,1380,809,45.000,7.374,2.183,0.458,0.719
1163,71,1434.444,804.754,35.556,1429,799,10,11,0.706,13.454,1429,810,41.987,8.974,1.350,0.740,0.816
1164,58,703.672,810.862,43.314,702,800,4,20,0.388,20.100,702,800,95.711,4.000,5.224,0.191,0.866
1165,138,1218.275,810.304,54.527,1211,800,14,20,0.583,20.616,1215,820,75.964,11.163,2.227,0.449,0.782
1166,87,1415.983,805.822,43.698,1411,800,10,13,0.573,14.765,1413,813,61.699,9.899,1.546,0.647,0.841
1167,56,1337.554,807.607,40.527,1332,802,11,11,0.428,13.601,1333,813,53.973,8.497,1.936,0.516,0.663
1168,49,1366.153,805.255,32.385,1360,802,12,6,0.587,12.649,1360,803,161.565,5.954,2.534,0.395,0.784
1169,85,1231.124,807.676,40.284,1225,803,12,10,0.658,14.213,1225,804,140.711,10.000,1.274,0.785,0.825
1170,30,1295.967,807.800,27.799,1293,803,5,11,0.488,11.180,1295,803,100.305,5.000,2.881,0.347,0.706
1171,35,1326.900,806.929,27.799,1322,803,8,9,0.569,10.000,1323,804,126.870,7.071,1.574,0.636,0.714
1172,32,1408.062,807.719,21.899,1406,803,4,9,0.838,9.849,1406,812,66.038,4.000,2.213,0.452,0.955
1173,76,1288.566,809.868,54.184,1280,804,15,13,0.325,17.000,1280,807,151.928,11.314,1.324,0.755,0.615
1174,31,1352.726,808.532,23.556,1350,804,5,9,0.702,9.487,1352,804,108.435,5.000,1.649,0.606,0.827
1175,147,1395.595,810.473,75.740,1386,804,22,13,0.322,24.597,1386,805,153.435,13.000,1.875,0.533,0.698
1176,79,804.677,810.816,32.971,800,805,9,11,0.913,12.207,802,806,124.992,9.000,1.292,0.774,0.924
1177,69,1324.746,812.428,44.184,1318,806,16,12,0.444,18.358,1318,807,150.642,7.670,3.153,0.317,0.633
1178,26,1346.269,808.231,18.485,1343,806,6,5,0.956,7.810,1343,806,140.194,5.000,1.375,0.727,0.945
1179,26,1375.077,809.615,21.799,1372,806,7,8,0.688,8.602,1372,812,35.538,4.992,1.913,0.523,0.732
1180,41,410.305,811.573,30.385,405,807,9,10,0.558,11.662,408,807,120.964,7.071,2.172,0.460,0.701
1181,26,988.115,810.500,18.485,986,807,4,7,0.956,7.616,987,807,113.199,4.000,1.725,0.580,0.963
1182,50,994.860,811.140,25.556,991,807,8,8,0.962,9.434,991,814,32.005,8.000,1.209,0.827,0.901
1183,53,1257.858,812.726,31.456,1253,807,9,12,0.673,12.166,1257,807,99.462,8.050,1.443,0.693,0.731
1184,105,1188.281,818.652,60.627,1185,808,7,26,0.359,26.173,1186,808,96.582,7.000,4.777,0.209,0.787
1185,30,1240.767,811.933,23.799,1237,808,8,8,0.666,10.630,1237,815,41.186,4.950,2.542,0.393,0.732
1186,39,1359.013,811.859,24.728,1356,808,7,8,0.801,9.434,1357,816,57.995,6.957,1.432,0.698,0.830
1187,44,473.364,816.955,38.870,470,809,7,14,0.366,14.560,471,809,105.945,6.609,2.544,0.393,0.607
1188,74,1318.324,816.500,49.941,1312,809,14,16,0.373,19.849,1312,810,130.914,7.778,3.419,0.292,0.635
1189,31,1272.145,815.565,28.142,1270,810,4,12,0.492,12.166,1271,810,99.462,4.000,3.237,0.309,0.765
1190,89,1342.354,815.725,40.042,1335,810,14,10,0.698,14.560,1335,818,15.945,9.899,1.489,0.672,0.809
1191,73,1435.171,815.651,37.799,1431,810,8,13,0.642,14.765,1432,823,61.699,8.000,1.739,0.575,0.825
1192,43,1352.337,816.965,27.799,1349,812,7,9,0.699,10.817,1349,812,123.690,7.000,1.357,0.737,0.804
1193,44,1384.750,817.977,28.971,1381,813,8,9,0.659,10.817,1383,813,123.690,7.603,1.600,0.625,0.786
1194,75,485.060,820.807,38.870,480,814,10,14,0.624,16.401,480,814,127.569,7.546,2.707,0.369,0.811
1195,53,1250.292,818.462,37.213,1243,814,15,8,0.481,16.155,1243,815,158.199,7.155,2.579,0.388,0.688
1196,44,299.932,819.682,28.042,295,816,9,8,0.703,9.487,295,819,161.565,7.242,1.407,0.711,0.786
1197,70,1395.200,820.486,32.627,1390,816,11,9,0.826,12.042,1391,825,41.634,8.974,1.302,0.768,0.854
1198,70,283.171,823.657,41.456,278,817,11,12,0.512,13.416,280,817,116.565,9.923,1.264,0.791,0.745
1199,34,1242.206,821.412,27.799,1238,817,9,7,0.553,10.296,1238,817,150.945,6.203,1.793,0.558,0.723
1200,28,1375.536,819.893,22.142,1371,817,8,6,0.718,8.544,1371,821,20.556,6.000,1.735,0.577,0.789
1201,56,1277.946,824.464,33.799,1274,818,8,12,0.616,12.369,1278,818,104.036,7.034,2.052,0.487,0.752
1202,27,307.093,823.315,28.385,304,819,8,8,0.421,9.899,305,819,135.000,7.766,1.430,0.699,0.587
1203,30,1264.200,824.467,25.556,1261,819,6,9,0.577,9.849,1262,828,66.038,5.940,1.862,0.537,0.759
1204,43,1285.640,823.058,27.799,1282,819,8,8,0.699,10.000,1282,819,143.130,8.000,1.097,0.912,0.775
1205,73,1314.856,824.103,38.284,1308,819,13,10,0.626,13.454,1310,820,138.013,9.171,1.657,0.604,0.785
1206,57,1334.518,826.167,36.627,1330,820,9,13,0.534,13.928,1332,833,68.962,8.322,1.977,0.506,0.695
1207,124,1347.968,826.468,61.598,1340,821,17,11,0.411,19.235,1340,831,27.897,10.304,1.915,0.522,0.787
1208,37,1382.311,825.014,25.799,1379,821,7,8,0.699,9.899,1379,822,135.000,7.000,1.299,0.770,0.787
1209,26,297.731,826.385,20.142,294,823,7,6,0.805,7.616,294,826,156.801,6.000,1.268,0.789,0.812
1210,58,1375.138,828.500,33.213,1371,823,8,12,0.661,12.530,1371,823,118.610,7.376,1.862,0.537,0.779
1211,105,1397.995,828.690,53.698,1387,823,18,12,0.458,19.313,1387,827,158.749,11.642,2.093,0.478,0.700
1212,80,1409.775,831.250,39.213,1406,823,7,15,0.654,15.297,1409,823,101.310,7.000,2.333,0.429,0.874
1213,36,290.083,829.222,28.385,286,824,7,9,0.561,10.817,286,833,56.310,7.000,1.586,0.631,0.742
1214,37,326.905,826.986,28.385,321,824,12,5,0.577,12.369,321,829,14.036,4.768,3.215,0.311,0.771
1215,91,1221.533,830.071,57.355,1215,824,17,13,0.348,17.720,1215,827,163.610,12.355,1.764,0.567,0.583
1216,127,1244.217,834.500,63.355,1237,826,16,19,0.398,19.235,1241,826,98.973,14.494,1.236,0.809,0.638
1217,50,1294.400,830.000,34.385,1290,826,10,9,0.531,11.180,1290,834,26.565,9.000,1.167,0.857,0.704
1218,129,1363.911,831.709,56.184,1354,826,18,12,0.514,20.125,1354,837,26.565,11.504,2.103,0.475,0.717
1219,25,1286.460,830.860,18.728,1284,828,6,6,0.896,7.211,1284,828,146.310,6.000,1.177,0.849,0.847
1220,25,1310.820,831.340,19.556,1307,828,7,6,0.821,7.810,1308,834,39.806,4.919,1.718,0.582,0.794
1221,29,1256.500,832.086,24.142,1254,829,6,7,0.625,8.602,1255,836,54.462,6.000,1.422,0.703,0.773
1222,42,1425.595,832.690,24.728,1422,829,7,7,0.863,9.220,1423,829,130.601,7.000,1.163,0.860,0.903
1223,30,480.500,834.600,22.142,478,830,5,9,0.769,10.296,478,839,60.945,5.000,2.190,0.457,0.833
1224,43,702.895,836.314,27.899,701,830,4,12,0.694,12.369,701,842,75.964,4.000,2.942,0.340,0.945
1225,48,1319.875,833.708,26.971,1316,830,9,8,0.829,10.817,1316,837,33.690,8.000,1.433,0.698,0.835
1226,40,1337.400,833.800,24.142,1334,830,7,8,0.862,9.434,1334,830,122.005,6.641,1.514,0.661,0.860
1227,90,1385.689,836.378,56.426,1379,830,15,15,0.355,16.643,1384,845,57.265,12.454,1.101,0.909,0.604
1228,30,449.267,833.967,25.799,445,831,10,6,0.566,10.198,445,832,168.690,5.940,1.990,0.502,0.667
1229,27,1279.056,833.833,19.314,1276,831,7,5,0.910,7.616,1276,832,156.801,5.000,1.452,0.689,0.871
1230,42,344.262,837.738,37.456,338,832,11,9,0.376,12.530,338,840,28.610,9.000,1.578,0.634,0.568
1231,49,1236.031,839.480,36.042,1232,832,9,13,0.474,15.264,1233,832,121.608,6.261,3.219,0.311,0.721
1232,45,1328.078,837.167,28.385,1324,832,8,10,0.702,10.440,1327,842,73.301,7.906,1.383,0.723,0.763
1233,114,1299.412,838.482,67.841,1290,833,20,11,0.311,20.881,1290,843,16.699,11.000,2.703,0.370,0.651
1234,118,1403.534,842.229,66.083,1395,833,16,17,0.340,21.213,1395,834,135.000,11.628,2.293,0.436,0.698
1235,87,1416.914,839.868,42.284,1410,834,12,12,0.611,13.038,1414,846,57.529,11.926,1.189,0.841,0.767
1236,29,1271.293,838.466,25.799,1267,835,8,8,0.548,8.944,1268,835,116.565,7.603,1.058,0.945,0.637
1237,46,1373.652,838.913,29.799,1368,835,11,8,0.651,12.207,1368,842,34.992,6.261,2.336,0.428,0.760
1238,90,1335.122,846.133,57.355,1331,836,8,21,0.344,21.095,1333,836,95.440,7.363,3.596,0.278,0.662
1239,72,1362.333,840.208,36.627,1357,836,11,9,0.674,13.601,1357,845,36.027,9.000,1.414,0.707,0.852
1240,32,810.688,840.688,20.728,808,837,6,7,0.936,7.810,808,838,129.806,6.000,1.251,0.799,0.877
1241,45,1250.656,840.656,32.142,1247,837,9,8,0.547,12.042,1247,845,41.634,8.000,1.514,0.661,0.738
1242,109,1314.023,846.124,50.870,1309,837,11,17,0.529,18.358,1311,838,119.358,10.786,1.642,0.609,0.793
1243,34,1391.412,840.500,22.142,1388,837,7,7,0.871,9.899,1388,844,45.000,5.657,1.902,0.526,0.872
1244,52,1426.423,841.327,30.971,1423,837,7,9,0.681,10.817,1423,837,123.690,7.000,1.269,0.788,0.867
1245,57,1259.026,845.921,40.870,1254,838,9,14,0.429,14.560,1258,838,105.945,9.000,1.326,0.754,0.648
1246,31,1264.790,841.661,23.213,1260,838,9,7,0.723,10.817,1260,838,146.310,4.950,2.590,0.386,0.795
1247,94,1324.032,845.883,49.941,1318,839,14,14,0.474,15.652,1318,842,153.435,12.582,1.245,0.803,0.699
1248,100,1344.640,845.550,49.941,1339,839,11,15,0.504,17.000,1342,854,61.928,11.000,1.578,0.634,0.760
1249,103,1377.150,848.073,59.598,1372,840,11,16,0.364,17.493,1373,855,59.036,10.174,1.813,0.552,0.728
1250,32,1396.312,844.188,20.971,1392,841,8,6,0.914,8.544,1392,846,20.556,6.000,1.266,0.790,0.853
1251,67,1199.112,847.799,35.941,1193,842,12,11,0.652,13.038,1196,842,122.471,8.485,1.692,0.591,0.779
1252,93,1304.608,850.457,46.870,1300,842,8,17,0.532,17.117,1304,859,83.290,8.000,2.206,0.453,0.830
1253,55,703.155,849.845,35.556,701,843,5,15,0.547,15.524,701,858,75.069,5.000,3.579,0.279,0.853
1254,98,1366.000,849.347,47.113,1359,843,13,12,0.555,15.264,1359,847,148.392,11.770,1.225,0.817,0.772
1255,25,311.900,847.700,19.556,309,845,7,6,0.821,7.810,310,851,39.806,6.000,1.345,0.744,0.769
1256,25,491.060,847.540,22.142,487,845,7,5,0.641,8.062,487,849,29.745,5.000,1.582,0.632,0.794
1257,44,1353.545,849.159,27.799,1350,845,9,9,0.715,10.296,1350,854,29.055,8.076,1.291,0.775,0.765
1258,48,1417.021,849.521,32.627,1411,845,11,9,0.567,11.705,1411,849,19.983,7.589,1.469,0.681,0.716
1259,75,1433.447,849.473,38.627,1425,845,14,9,0.632,14.866,1425,848,160.346,8.629,1.855,0.539,0.765
1260,87,853.937,851.994,33.799,849,846,10,11,0.957,13.601,851,846,126.027,9.899,1.358,0.737,0.935
1261,98,1250.245,851.327,48.527,1241,846,17,11,0.523,19.416,1241,846,145.491,8.854,2.575,0.388,0.775
1262,67,1295.291,850.649,32.971,1289,846,11,9,0.775,12.207,1289,848,145.008,9.000,1.307,0.765,0.854
1263,116,1387.164,852.931,57.941,1381,846,13,15,0.434,16.553,1384,846,115.017,12.254,1.314,0.761,0.756
1264,54,460.185,852.796,34.042,454,848,13,9,0.586,14.422,455,848,146.310,6.466,2.732,0.366,0.750
1265,55,1192.555,853.264,29.799,1187,848,10,9,0.778,10.770,1187,856,21.801,8.878,1.192,0.839,0.853
1266,43,1225.872,852.244,30.971,1223,848,7,11,0.563,12.530,1224,859,61.390,6.708,2.204,0.454,0.729
1267,28,1280.500,852.571,23.556,1278,848,5,9,0.634,9.849,1278,857,66.038,4.932,2.413,0.414,0.747
1268,55,1400.227,852.627,30.142,1396,848,9,9,0.761,12.042,1396,848,131.634,7.546,1.681,0.595,0.833
1269,46,485.587,855.348,36.627,482,849,10,10,0.431,14.142,482,849,135.000,7.071,1.899,0.527,0.713
1270,123,935.573,861.654,58.728,933,849,6,25,0.448,25.495,933,874,78.690,6.000,4.910,0.204,0.898
1271,36,1410.028,854.194,24.971,1407,850,7,8,0.726,9.434,1408,850,122.005,6.934,1.488,0.672,0.791
1272,25,391.940,853.020,28.728,384,851,13,4,0.381,13.342,384,852,167.005,3.905,4.261,0.235,0.685
1273,39,496.551,856.423,29.799,494,852,6,11,0.552,11.705,494,863,70.017,6.000,2.123,0.471,0.757
1274,103,1354.024,859.869,48.527,1348,852,11,15,0.550,15.811,1350,866,55.305,10.786,1.663,0.601,0.789
1275,74,1289.824,858.730,40.627,1284,853,12,11,0.563,15.620,1284,854,140.194,9.391,1.819,0.550,0.733
1276,27,1428.537,857.500,22.142,1426,853,5,9,0.692,9.220,1428,862,77.471,4.919,2.154,0.464,0.794
1277,42,301.500,859.262,34.284,297,854,10,10,0.449,10.770,297,857,158.199,8.403,1.271,0.787,0.613
1278,39,1204.782,857.551,28.627,1201,854,9,8,0.598,9.849,1201,854,156.038,8.000,1.155,0.866,0.716
1279,45,1320.656,856.567,29.799,1315,854,12,5,0.637,12.166,1315,855,170.538,5.000,2.456,0.407,0.833
1280,124,1255.685,863.040,50.870,1247,855,16,14,0.602,20.518,1247,869,43.025,10.976,1.945,0.514,0.808
1281,94,1332.957,863.266,59.012,1326,855,17,14,0.339,19.849,1328,855,139.086,10.852,2.377,0.421,0.676
1282,63,1396.310,860.849,34.870,1392,855,9,13,0.651,13.342,1395,855,102.995,8.629,1.640,0.610,0.764
1283,59,1419.314,859.093,33.799,1414,855,11,8,0.649,11.705,1414,856,160.017,7.845,1.571,0.636,0.797
1284,74,1434.946,860.297,35.799,1430,855,9,11,0.726,12.530,1433,855,118.610,9.000,1.269,0.788,0.865
1285,26,405.885,858.846,27.799,402,856,10,7,0.423,11.180,402,863,26.565,6.261,1.901,0.526,0.565
1286,28,596.250,859.321,24.385,593,856,7,7,0.592,8.602,593,856,144.462,7.000,1.295,0.772,0.700
1287,30,1374.133,859.633,20.142,1371,856,6,7,0.929,7.810,1371,862,39.806,6.000,1.178,0.849,0.845
1288,31,388.048,858.694,23.899,383,857,10,4,0.682,10.198,383,858,168.690,4.000,2.766,0.362,0.873
1289,28,474.786,860.714,22.728,472,857,7,7,0.681,9.899,472,864,45.000,6.002,1.789,0.559,0.767
1290,71,1188.937,861.528,34.042,1183,857,11,10,0.770,12.530,1183,860,151.390,9.800,1.240,0.807,0.840
1291,51,1243.363,861.892,36.870,1236,857,12,11,0.471,13.416,1236,858,153.435,8.858,1.802,0.555,0.630
1292,55,1408.409,861.227,38.284,1402,857,13,9,0.472,14.318,1402,858,155.225,7.143,2.235,0.447,0.692
1293,40,466.650,862.200,26.971,462,858,8,9,0.691,10.000,462,860,143.130,7.649,1.374,0.728,0.777
1294,49,1314.990,861.745,29.556,1310,858,11,7,0.705,11.662,1311,858,149.036,7.000,1.942,0.515,0.810
1295,51,1382.225,861.500,28.971,1377,858,11,7,0.764,11.662,1378,858,149.036,6.698,1.686,0.593,0.836
1296,44,483.409,863.932,35.698,479,859,11,9,0.434,12.083,479,860,155.556,8.162,1.515,0.660,0.633
1297,72,701.556,869.333,49.799,699,859,5,22,0.365,22.204,700,881,82.235,4.617,5.589,0.179,0.800
1298,65,1210.438,864.238,36.870,1205,859,10,10,0.601,11.402,1206,867,37.875,10.000,1.167,0.857,0.793
1299,62,1220.226,865.710,43.113,1215,859,10,13,0.419,13.928,1216,872,68.962,9.487,1.710,0.585,0.646
1300,35,502.071,862.586,22.971,498,860,9,6,0.834,9.487,498,860,161.565,6.000,1.615,0.619,0.843
1301,38,1304.789,863.079,27.799,1300,860,10,7,0.618,10.630,1301,860,138.814,5.821,2.084,0.480,0.717
1302,66,390.273,864.697,42.527,383,861,16,7,0.459,16.279,383,863,169.380,7.000,2.905,0.344,0.710
1303,50,1346.220,866.400,31.213,1341,861,10,10,0.645,12.806,1343,861,128.660,6.658,2.440,0.410,0.746
1304,44,1183.318,867.341,28.627,1179,862,8,11,0.675,11.705,1182,862,109.983,6.364,1.986,0.503,0.822
1305,61,1238.910,868.434,34.627,1235,862,8,12,0.639,13.038,1235,863,122.471,6.740,2.070,0.483,0.819
1306,72,1362.875,866.958,40.627,1358,862,9,11,0.548,13.038,1359,862,122.471,8.878,1.314,0.761,0.818
1307,108,1404.333,869.074,46.870,1397,862,15,12,0.618,15.811,1397,872,18.435,12.000,1.229,0.814,0.771
1308,32,1427.969,865.969,21.556,1425,862,6,8,0.865,9.434,1425,862,122.005,5.814,1.750,0.571,0.842
1309,33,419.197,865.045,27.556,413,863,12,4,0.546,12.369,413,864,165.964,4.000,2.987,0.335,0.846
1310,84,1231.429,870.679,49.598,1227,863,9,17,0.429,18.028,1228,863,109.440,7.918,2.661,0.376,0.709
1311,58,1370.345,868.810,30.971,1367,863,7,12,0.760,12.369,1369,875,75.964,6.668,2.085,0.480,0.835
1312,46,1390.543,867.261,28.142,1386,863,10,7,0.730,10.440,1386,866,163.301,7.000,1.293,0.773,0.829
1313,50,1421.500,867.240,31.799,1416,863,11,9,0.621,12.530,1416,866,151.390,8.403,1.612,0.620,0.730
1314,58,305.052,869.793,43.113,299,864,12,12,0.392,14.213,301,876,50.711,8.485,1.827,0.547,0.614
1315,26,1280.769,867.346,18.728,1278,864,6,6,0.932,7.810,1279,864,129.806,5.657,1.521,0.657,0.867
1316,88,1378.784,869.955,39.456,1373,865,12,11,0.710,14.422,1373,874,33.690,10.733,1.364,0.733,0.822
1317,121,1303.202,873.103,58.770,1294,866,16,16,0.440,18.868,1294,869,147.995,12.728,1.594,0.627,0.701
1318,31,1311.177,871.500,24.142,1309,866,5,10,0.668,10.050,1311,866,95.711,5.000,2.104,0.475,0.795
1319,33,1316.318,869.470,22.142,1313,866,6,8,0.846,8.544,1314,866,110.556,6.000,1.540,0.649,0.857
1320,58,1435.086,870.966,29.556,1431,866,8,10,0.834,11.662,1433,866,120.964,7.778,1.473,0.679,0.872
1321,27,1326.944,870.611,19.071,1325,867,4,7,0.933,8.062,1325,867,119.745,4.000,1.744,0.573,0.982
1322,42,1334.190,870.929,25.799,1330,867,8,8,0.793,10.000,1330,869,143.130,7.452,1.284,0.779,0.824
1323,36,1354.000,870.972,23.556,1350,867,7,8,0.815,9.220,1350,874,40.601,6.325,1.445,0.692,0.800
1324,44,382.909,872.432,40.284,376,868,12,9,0.341,14.422,376,876,33.690,6.786,2.468,0.405,0.611
1325,112,1176.732,876.045,45.355,1169,868,14,16,0.684,16.492,1175,884,75.964,10.776,1.624,0.616,0.797
1326,50,1285.400,873.980,30.385,1281,868,8,11,0.681,12.530,1282,879,61.390,7.442,1.884,0.531,0.769
1327,56,579.946,873.357,30.385,576,869,9,10,0.762,10.817,576,869,146.310,9.000,1.203,0.831,0.818
1328,32,1225.031,874.125,24.142,1222,869,6,9,0.690,10.296,1222,878,60.945,5.657,2.070,0.483,0.780
1329,81,1261.241,873.574,48.770,1253,869,15,11,0.428,15.811,1253,870,145.305,11.000,1.783,0.561,0.675
1330,66,1345.000,875.409,34.870,1340,870,9,12,0.682,13.454,1340,870,131.987,8.538,1.767,0.566,0.805
1331,30,1211.233,873.900,22.385,1207,871,8,7,0.752,9.434,1207,872,147.995,5.270,2.107,0.475,0.789
1332,49,1294.173,875.847,30.627,1290,871,9,10,0.656,12.806,1290,871,128.660,6.934,1.945,0.514,0.778
1333,25,1385.340,874.540,18.142,1383,871,5,7,0.954,7.616,1384,871,113.199,5.000,1.628,0.614,0.862
1334,37,1392.500,873.500,23.556,1388,871,9,5,0.838,9.849,1388,871,156.038,5.000,1.831,0.546,0.892
1335,68,1273.485,876.956,42.284,1268,872,12,10,0.478,13.892,1268,880,30.256,9.923,1.466,0.682,0.705
1336,58,1359.190,878.103,42.870,1356,872,8,13,0.397,13.601,1357,885,72.897,8.000,1.751,0.571,0.707
1337,59,413.839,880.398,46.184,406,874,14,14,0.348,17.804,406,876,141.843,7.630,3.013,0.332,0.581
1338,31,473.790,877.694,20.385,470,874,7,7,0.937,8.062,472,874,119.745,6.364,1.296,0.772,0.827
1339,43,1242.221,877.849,24.142,1238,874,8,7,0.927,9.434,1238,880,32.005,7.000,1.295,0.772,0.878
1340,27,1403.907,877.093,19.899,1401,874,6,6,0.857,7.810,1401,880,39.806,5.336,1.384,0.723,0.857
1341,54,1414.315,878.130,32.627,1408,874,11,9,0.637,12.530,1408,876,151.390,7.672,1.913,0.523,0.755
1342,42,305.286,878.667,33.213,298,875,13,7,0.478,13.928,298,880,21.038,6.203,2.620,0.382,0.689
1343,41,1351.622,880.280,27.556,1347,875,8,9,0.679,10.630,1347,884,48.814,7.155,1.569,0.637,0.759
1344,36,1369.889,879.611,26.385,1367,875,7,9,0.650,10.296,1367,875,119.055,7.000,1.531,0.653,0.758
1345,62,1434.984,880.887,34.385,1430,875,9,11,0.659,13.601,1430,875,126.027,8.569,1.522,0.657,0.770
1346,48,332.125,879.646,31.213,327,876,11,8,0.619,11.402,327,877,164.745,7.398,1.577,0.634,0.733
1347,27,441.944,881.241,27.213,438,876,8,9,0.458,10.817,440,876,123.690,6.102,2.142,0.467,0.587
1348,27,464.315,879.611,29.213,459,876,10,7,0.398,11.662,459,883,30.964,4.950,2.835,0.353,0.614
1349,36,1339.028,880.694,28.385,1334,876,9,8,0.561,9.849,1334,880,156.038,7.845,1.246,0.803,0.692
1350,31,1378.823,878.629,22.728,1375,876,9,5,0.754,9.487,1375,876,161.565,5.000,2.047,0.489,0.838
1351,86,323.593,884.430,49.113,317,877,13,13,0.448,15.811,317,880,145.305,10.585,1.310,0.763,0.694
1352,32,590.781,878.500,28.385,585,877,12,4,0.499,12.166,585,877,170.538,4.000,3.399,0.294,0.800
1353,60,1290.917,881.700,34.042,1284,877,14,8,0.651,14.866,1284,880,160.346,7.440,2.342,0.427,0.811
1354,52,1393.827,880.654,34.042,1387,877,13,7,0.564,13.153,1387,879,171.254,6.847,2.014,0.497,0.743
1355,28,487.036,879.643,21.899,483,878,9,4,0.734,9.487,483,881,18.435,4.000,2.462,0.406,0.903
1356,63,526.008,883.389,31.456,521,878,10,10,0.800,10.770,523,888,68.199,9.656,1.081,0.925,0.824
1357,45,1225.078,882.456,32.385,1221,879,12,8,0.539,12.369,1221,880,165.964,7.717,1.566,0.639,0.692
1358,26,372.654,885.962,28.385,370,880,5,11,0.406,12.083,370,880,114.444,4.808,3.461,0.289,0.591
1359,81,1312.611,886.463,48.042,1306,880,12,15,0.441,16.155,1312,895,68.199,12.000,1.325,0.755,0.648
1360,41,1329.256,883.085,32.042,1324,880,10,7,0.502,10.817,1324,880,146.310,7.000,1.548,0.646,0.752
1361,38,1408.947,882.921,27.799,1403,880,11,6,0.618,12.083,1403,881,155.556,5.261,2.491,0.401,0.792
1362,73,1168.801,886.418,32.870,1163,881,11,10,0.849,11.705,1163,888,19.983,9.899,1.185,0.844,0.869
1363,150,1321.640,893.747,70.669,1314,881,14,22,0.377,22.091,1322,881,95.194,14.000,1.865,0.536,0.673
1364,47,1385.713,884.691,27.213,1381,881,9,9,0.798,10.630,1381,882,131.186,7.488,1.269,0.788,0.803
1365,69,510.804,889.239,40.627,508,882,7,15,0.525,15.524,510,882,104.931,7.000,2.205,0.453,0.754
1366,52,700.846,890.115,34.728,698,882,5,15,0.542,15.297,699,897,78.690,5.000,3.371,0.297,0.839
1367,25,1182.820,884.060,18.485,1179,882,7,4,0.919,7.616,1179,883,156.801,4.000,1.728,0.579,0.943
1368,43,1274.826,886.267,26.142,1272,882,6,10,0.791,10.440,1272,882,106.699,6.000,1.650,0.606,0.878
1369,42,1377.857,885.357,25.799,1373,882,9,8,0.793,10.296,1373,883,150.945,6.800,1.609,0.622,0.832
1370,33,592.742,886.106,25.799,587,884,10,5,0.623,10.770,587,884,158.199,5.000,2.276,0.439,0.805
1371,37,1217.284,890.230,34.385,1215,884,6,14,0.393,14.142,1216,884,98.130,6.000,3.378,0.296,0.643
1372,119,530.609,894.945,63.012,519,885,19,20,0.377,23.601,519,904,53.616,10.539,2.653,0.377,0.620
1373,30,1258.867,888.500,22.971,1255,885,9,6,0.714,10.296,1255,886,150.945,5.200,2.255,0.443,0.822
1374,43,1288.663,889.105,24.728,1285,885,7,8,0.884,9.434,1286,885,122.005,7.000,1.266,0.790,0.878
1375,36,1352.111,887.667,24.385,1348,885,9,6,0.761,9.487,1348,889,18.435,6.000,1.567,0.638,0.800
1376,95,1356.858,892.995,46.527,1349,885,14,14,0.551,17.205,1351,899,54.462,10.215,1.849,0.541,0.748
1377,40,1393.175,888.775,24.971,1389,885,9,7,0.806,10.630,1389,892,41.186,6.102,1.920,0.521,0.860
1378,35,1409.557,890.386,24.142,1407,886,5,9,0.755,9.487,1407,886,108.435,5.000,1.914,0.522,0.854
1379,33,1235.136,888.470,26.485,1229,887,12,3,0.591,12.369,1229,887,165.964,3.000,3.910,0.256,0.957
1380,132,1398.136,895.545,55.113,1390,887,16,16,0.546,19.416,1394,903,55.491,11.315,1.882,0.531,0.737
1381,48,1434.958,890.375,25.899,1431,887,8,7,0.899,10.000,1431,893,36.870,7.000,1.152,0.868,0.923
1382,41,475.671,890.085,34.385,469,888,14,6,0.436,14.142,469,888,171.870,6.000,2.804,0.357,0.656
1383,79,1246.842,894.184,53.012,1241,888,12,12,0.353,13.892,1244,888,120.256,11.508,1.283,0.780,0.669
1384,63,1281.071,895.024,40.527,1276,888,10,13,0.482,13.342,1279,901,77.005,9.012,1.488,0.672,0.674
1385,45,1343.100,892.522,27.213,1339,888,9,9,0.764,11.402,1339,897,37.875,5.935,2.174,0.460,0.833
1386,35,291.671,891.729,34.971,287,889,9,7,0.360,10.296,287,890,150.945,7.000,1.634,0.612,0.588
1387,26,500.000,892.731,18.485,498,889,4,7,0.956,7.616,499,889,113.199,4.000,1.703,0.587,0.963
1388,89,1161.522,895.298,37.698,1155,889,13,11,0.787,13.601,1155,895,162.897,11.000,1.103,0.907,0.873
1389,39,1296.577,892.141,25.213,1293,889,8,7,0.771,8.944,1293,889,153.435,7.000,1.242,0.805,0.830
1390,82,1332.988,894.683,44.527,1327,889,13,11,0.520,14.765,1327,897,28.301,10.521,1.410,0.709,0.745
1391,40,1416.475,892.000,24.142,1413,889,8,7,0.862,9.434,1413,895,32.005,7.000,1.219,0.821,0.860
1392,77,399.045,895.786,53.355,393,890,14,11,0.340,14.866,394,890,132.274,10.522,1.270,0.788,0.644
1393,31,1209.081,896.306,24.142,1207,891,5,10,0.668,10.198,1208,891,101.310,5.000,2.356,0.425,0.795
1394,58,1304.086,897.741,37.456,1300,891,9,13,0.520,13.928,1300,904,68.962,8.928,1.477,0.677,0.682
1395,31,1311.371,898.145,27.799,1308,892,7,11,0.504,12.530,1308,892,118.610,4.743,3.538,0.283,0.689
1396,30,446.300,894.967,27.799,441,893,11,5,0.488,11.180,441,896,10.305,5.000,2.484,0.403,0.714
1397,33,481.924,896.258,24.385,478,893,9,7,0.697,10.817,478,899,33.690,5.466,2.244,0.446,0.786
1398,32,1171.000,895.750,26.385,1167,893,8,7,0.578,9.899,1167,893,135.000,7.000,1.233,0.811,0.736
1399,32,1196.000,897.469,30.627,1192,893,8,9,0.429,9.849,1195,893,113.962,7.603,1.156,0.865,0.621
1400,64,541.703,899.500,31.456,537,894,10,11,0.813,12.806,538,894,128.660,7.071,1.845,0.542,0.865
1401,55,1289.100,899.718,32.971,1286,894,7,12,0.636,12.649,1287,894,108.435,6.472,1.965,0.509,0.809
1402,111,1345.455,902.608,50.527,1338,895,14,15,0.546,17.205,1338,899,144.462,12.432,1.389,0.720,0.716
1403,48,1185.833,900.646,35.456,1180,896,12,8,0.480,12.166,1180,903,9.462,8.000,1.400,0.714,0.667
1404,48,1295.521,901.583,33.213,1292,896,8,11,0.547,13.601,1292,907,53.973,6.456,2.222,0.450,0.768
1405,47,1412.628,899.202,29.213,1407,896,10,8,0.692,11.402,1407,896,142.125,7.778,1.343,0.744,0.825
1406,55,1235.227,900.627,34.284,1230,897,11,9,0.588,11.402,1230,897,127.875,9.000,1.118,0.894,0.753
1407,32,1260.844,900.812,23.314,1257,897,8,6,0.740,9.220,1258,897,139.399,5.942,1.809,0.553,0.821
1408,33,337.833,903.864,27.799,334,898,7,11,0.537,11.045,338,898,95.194,6.008,2.005,0.499,0.695
1409,27,447.685,901.241,23.799,443,898,9,7,0.599,9.849,443,898,156.038,6.128,1.908,0.524,0.701
1410,126,1151.357,905.730,49.841,1142,898,18,16,0.637,19.313,1142,910,21.251,10.539,2.232,0.448,0.780
1411,59,352.008,905.636,38.284,347,899,10,14,0.506,15.652,350,899,116.565,7.603,2.513,0.398,0.678
1412,43,440.570,903.942,35.456,434,899,11,10,0.430,13.038,434,902,147.529,7.400,1.858,0.538,0.656
1413,55,1251.227,904.591,31.456,1247,899,9,11,0.699,12.083,1249,910,65.556,7.340,1.799,0.556,0.791
1414,69,1355.761,903.645,31.213,1350,899,10,10,0.890,11.180,1350,902,153.435,9.899,1.044,0.958,0.885
1415,25,1419.540,901.740,17.314,1417,899,5,6,1.000,7.211,1417,899,123.690,5.000,1.293,0.773,0.926
1416,71,1164.796,905.627,38.971,1160,900,11,10,0.587,13.454,1160,901,138.013,10.000,1.216,0.822,0.747
1417,108,1330.056,908.222,61.012,1322,900,15,16,0.365,20.518,1322,916,43.025,10.428,2.225,0.449,0.657
1418,27,367.426,903.019,32.385,360,901,14,6,0.324,14.560,360,901,164.055,4.272,4.983,0.201,0.551
1419,26,382.923,903.846,21.799,379,901,8,7,0.688,10.000,379,901,143.130,4.800,2.512,0.398,0.754
1420,36,1275.083,904.139,28.385,1269,901,12,5,0.561,12.166,1269,904,170.538,5.000,2.399,0.417,0.800
1421,132,1421.265,910.326,57.255,1414,901,15,19,0.506,21.024,1416,920,64.654,12.650,2.226,0.449,0.715
1422,47,549.223,907.415,28.042,545,902,9,10,0.751,10.440,548,902,106.699,7.184,1.486,0.673,0.777
1423,72,1175.028,910.250,40.627,1171,902,8,14,0.548,16.125,1171,916,60.255,8.000,2.140,0.467,0.766
1424,41,1205.793,906.695,30.627,1201,902,9,9,0.549,11.402,1201,909,37.875,8.050,1.770,0.565,0.689
1425,133,1307.891,908.891,55.941,1299,902,18,13,0.534,18.358,1299,914,29.358,13.000,1.316,0.760,0.743
1426,146,1395.110,909.041,54.527,1388,902,17,14,0.617,19.235,1388,904,152.103,14.000,1.456,0.687,0.789
1427,29,400.293,905.086,24.385,395,903,10,5,0.613,10.198,395,903,168.690,5.000,2.300,0.435,0.744
1428,84,883.548,909.917,35.799,879,903,9,13,0.824,14.765,881,903,118.301,9.000,1.648,0.607,0.889
1429,39,1197.449,911.654,36.627,1194,903,7,15,0.365,15.811,1195,903,108.435,5.199,3.589,0.279,0.645
1430,56,1320.768,907.304,28.042,1316,903,10,9,0.895,10.440,1316,909,16.699,8.944,1.144,0.874,0.824
1431,51,1382.657,906.441,28.627,1377,903,11,8,0.782,12.083,1377,904,155.556,6.656,2.028,0.493,0.829
1432,53,700.142,913.255,38.728,698,905,4,17,0.444,17.263,698,922,79.992,4.000,4.593,0.218,0.835
1433,88,1226.136,912.136,56.426,1220,905,15,17,0.347,19.235,1224,922,62.103,11.764,1.884,0.531,0.583
1434,60,1287.783,909.667,40.284,1282,905,13,10,0.465,13.342,1282,906,167.005,9.414,1.331,0.751,0.710
1435,31,1338.597,907.758,20.485,1335,905,7,5,0.928,8.062,1335,906,150.255,5.000,1.493,0.670,0.939
1436,50,1364.800,908.860,29.556,1359,905,11,7,0.719,11.402,1361,905,142.125,7.000,1.572,0.636,0.820
1437,44,694.795,912.023,29.899,693,906,4,13,0.618,13.342,693,906,102.995,4.000,3.406,0.294,0.917
1438,109,1186.748,916.408,64.426,1182,906,11,20,0.330,20.396,1184,906,101.310,10.607,2.037,0.491,0.675
1439,31,1259.048,908.758,20.142,1255,906,8,5,0.960,8.246,1255,908,165.964,5.000,1.572,0.636,0.899
1440,29,531.500,910.086,32.627,526,907,10,6,0.342,11.180,526,912,26.565,6.000,2.175,0.460,0.542
1441,89,1375.803,913.107,44.527,1370,907,11,13,0.564,15.000,1370,920,53.130,10.647,1.330,0.752,0.784
1442,25,1155.900,910.700,20.142,1152,908,8,5,0.774,8.246,1152,912,14.036,4.707,1.893,0.528,0.794
1443,50,434.600,912.640,34.385,427,909,13,7,0.531,13.928,427,914,21.038,7.000,2.246,0.445,0.730
1444,31,543.855,913.952,30.971,539,909,8,9,0.406,10.817,539,918,56.310,7.353,1.713,0.584,0.590
1445,48,347.438,915.438,33.456,342,910,11,10,0.539,11.180,342,915,169.695,9.192,1.065,0.939,0.644
1446,76,556.618,915.934,33.698,551,910,12,11,0.841,12.649,551,914,161.565,8.485,1.561,0.641,0.864
1447,41,1234.524,915.720,36.870,1231,910,8,13,0.379,14.318,1232,910,114.775,6.619,2.946,0.339,0.577
1448,82,1364.232,917.171,56.426,1357,910,14,14,0.324,15.556,1357,910,135.000,12.967,1.054,0.949,0.610
1449,47,1254.691,913.968,29.799,1248,911,12,7,0.665,12.369,1248,912,165.964,6.668,2.188,0.457,0.803
1450,27,1265.907,913.611,18.728,1263,911,6,6,0.967,7.810,1263,911,129.806,5.692,1.276,0.783,0.871
1451,122,1340.156,916.508,50.284,1333,911,15,11,0.606,16.401,1333,912,142.431,11.000,1.420,0.704,0.841
1452,29,1167.328,916.155,20.142,1165,912,5,8,0.898,8.246,1166,920,75.964,5.000,1.547,0.646,0.879
1453,31,1384.790,915.855,20.971,1382,912,6,8,0.886,8.246,1384,912,104.036,6.000,1.226,0.816,0.838
1454,65,334.900,917.115,38.870,327,913,15,9,0.541,15.297,327,915,168.690,8.050,2.207,0.453,0.695
1455,63,1291.960,919.151,36.042,1287,913,11,12,0.609,15.556,1287,924,45.000,7.488,2.634,0.380,0.783
1456,80,1315.138,919.212,43.941,1309,913,14,13,0.521,15.232,1309,915,156.801,9.858,1.589,0.629,0.711
1457,41,1400.720,915.841,24.142,1396,913,9,6,0.884,9.849,1396,914,156.038,6.000,1.673,0.598,0.891
1458,25,1282.860,917.860,19.314,1281,914,4,8,0.842,8.246,1282,922,75.964,4.000,1.859,0.538,0.893
1459,26,1305.346,918.231,21.314,1302,916,8,5,0.719,9.434,1302,916,147.995,4.667,1.877,0.533,0.825
1460,30,435.800,920.500,26.385,432,917,9,8,0.542,10.817,432,925,33.690,5.209,2.548,0.393,0.682
1461,34,1176.029,920.471,24.971,1172,917,8,8,0.685,10.630,1172,917,131.186,5.935,2.180,0.459,0.739
1462,26,1298.731,920.192,18.728,1296,917,5,7,0.932,7.280,1298,917,105.945,5.000,1.334,0.750,0.881
1463,117,1396.184,921.970,59.012,1386,917,19,12,0.422,19.105,1386,921,173.991,10.345,2.269,0.441,0.729
1464,30,1193.800,921.400,24.971,1191,918,7,8,0.605,9.220,1191,924,40.601,6.434,1.531,0.653,0.732
1465,33,1411.015,921.409,21.799,1407,918,8,7,0.873,8.544,1407,923,20.556,6.364,1.422,0.703,0.795
1466,36,564.361,922.833,22.385,561,919,7,8,0.903,8.544,563,919,110.556,7.000,1.186,0.843,0.837
1467,46,1255.500,926.304,43.113,1249,919,10,13,0.311,14.213,1249,930,50.711,8.600,1.916,0.522,0.523
1468,84,1383.714,926.738,39.456,1379,919,9,16,0.678,16.125,1381,919,97.125,8.620,1.964,0.509,0.816
1469,33,444.591,926.712,29.799,442,920,6,12,0.467,12.166,443,920,99.462,5.883,2.512,0.398,0.660
1470,60,1141.850,925.333,38.284,1135,920,13,12,0.514,17.029,1135,932,40.236,6.833,2.897,0.345,0.702
1471,76,1200.882,926.592,48.527,1196,920,10,14,0.406,14.318,1198,920,102.095,10.000,1.397,0.716,0.688
1472,77,1333.071,926.552,35.799,1329,920,8,13,0.755,13.892,1329,933,59.744,7.920,1.731,0.578,0.880
1473,37,367.149,925.014,26.971,363,921,8,9,0.639,9.849,367,930,66.038,7.649,1.170,0.854,0.733
1474,30,1208.967,925.633,22.142,1206,921,6,8,0.769,8.544,1208,921,110.556,5.883,1.547,0.646,0.811
1475,38,1305.026,924.868,26.385,1301,921,8,8,0.686,10.630,1301,929,41.186,6.261,1.808,0.553,0.792
1476,30,1367.733,924.200,24.971,1363,921,9,7,0.605,9.849,1363,925,23.962,6.261,1.861,0.537,0.732
1477,25,1171.460,924.540,22.971,1167,922,9,5,0.595,9.220,1167,923,167.471,4.511,2.154,0.464,0.714
1478,103,1323.772,928.850,44.627,1318,922,11,15,0.650,18.028,1319,937,56.310,11.000,1.721,0.581,0.789
1479,72,1375.833,928.819,42.527,1370,922,11,13,0.500,14.765,1373,922,118.301,9.000,1.632,0.613,0.754
1480,85,1420.135,930.806,52.184,1414,922,11,17,0.392,17.720,1418,922,106.390,8.800,2.404,0.416,0.683
1481,51,698.912,932.029,37.314,697,923,4,17,0.460,17.117,698,940,83.290,4.000,4.090,0.244,0.864
1482,36,1017.389,930.111,37.213,1015,923,6,15,0.327,15.524,1017,938,75.069,5.322,3.841,0.260,0.537
1483,48,1229.583,929.292,38.284,1223,923,12,10,0.412,12.369,1223,929,165.964,9.881,1.526,0.655,0.593
1484,34,1267.647,927.765,26.385,1264,923,8,9,0.614,12.042,1264,932,48.366,5.600,2.689,0.372,0.739
1485,35,1295.700,926.586,22.971,1292,923,7,7,0.834,8.602,1293,923,125.538,7.000,1.203,0.831,0.824
1486,52,1351.673,928.154,26.971,1348,923,7,10,0.898,10.770,1350,933,68.199,7.000,1.451,0.689,0.889
1487,78,1360.256,930.192,38.971,1356,923,8,15,0.645,15.811,1358,923,108.435,8.000,2.023,0.494,0.808
1488,92,573.435,931.174,42.527,567,924,14,14,0.639,17.205,569,924,125.538,8.578,2.368,0.422,0.814
1489,104,1024.192,930.885,37.698,1019,924,12,13,0.920,13.601,1021,937,72.897,11.088,1.221,0.819,0.893
1490,68,520.824,931.397,40.042,514,925,12,11,0.533,13.892,514,928,149.744,8.944,1.650,0.606,0.708
1491,32,1288.062,928.250,21.556,1284,925,8,6,0.865,9.434,1284,926,147.995,5.547,1.878,0.532,0.831
1492,41,452.110,931.329,28.385,449,926,6,11,0.639,12.083,450,926,114.444,5.692,2.631,0.380,0.788
1493,74,559.284,933.378,38.284,554,926,10,13,0.634,13.928,555,939,68.962,8.791,1.816,0.551,0.783
1494,35,1178.100,929.243,26.385,1173,926,9,7,0.632,9.849,1173,930,23.962,6.957,1.364,0.733,0.745
1495,41,532.134,933.500,31.799,527,928,9,9,0.510,10.000,527,935,36.870,8.902,1.297,0.771,0.695
1496,82,1366.451,938.354,47.456,1360,929,10,17,0.458,17.720,1364,946,73.610,9.610,2.269,0.441,0.729
1497,43,1298.477,934.337,27.556,1295,930,7,9,0.712,10.817,1296,939,56.310,7.000,1.185,0.844,0.819
1498,82,1432.829,933.976,37.556,1426,930,13,8,0.731,15.264,1426,938,31.608,7.690,1.978,0.506,0.896
1499,26,1205.654,932.885,20.728,1202,931,8,5,0.760,8.544,1202,931,159.444,5.000,1.740,0.575,0.812
1500,47,395.032,934.500,32.385,390,932,11,6,0.563,11.402,390,936,15.255,6.000,1.871,0.535,0.803
1501,139,941.910,948.723,75.556,939,932,5,34,0.306,34.234,940,932,96.710,5.000,7.701,0.130,0.863
1502,67,1255.351,938.799,42.870,1248,932,13,14,0.458,18.439,1249,932,130.601,7.071,3.207,0.312,0.705
1503,40,1290.375,935.175,26.142,1286,932,9,6,0.736,9.849,1286,933,156.038,6.000,1.442,0.694,0.816
1504,57,1375.377,937.640,32.385,1371,932,9,11,0.683,14.213,1371,932,129.289,7.031,2.027,0.493,0.844
1505,53,471.764,936.330,38.385,464,933,16,7,0.452,16.492,464,935,165.964,6.247,3.044,0.328,0.736
1506,120,570.067,939.958,49.941,562,934,18,12,0.605,18.248,562,939,170.538,10.850,1.809,0.553,0.792
1507,53,1243.745,939.557,45.113,1237,934,11,13,0.327,16.401,1238,934,127.569,9.200,2.040,0.490,0.582
1508,60,1311.267,937.817,36.042,1306,934,13,8,0.580,13.601,1306,935,162.897,8.000,1.857,0.539,0.750
1509,54,1333.537,938.315,29.213,1328,934,10,9,0.795,11.402,1330,934,127.875,7.071,1.686,0.593,0.818
1510,93,587.909,942.683,45.012,580,935,16,15,0.577,18.601,581,936,143.746,7.247,3.092,0.323,0.782
1511,49,1145.459,942.643,39.698,1141,935,8,14,0.391,14.560,1141,949,74.055,6.791,2.656,0.376,0.613
1512,32,1172.438,938.469,24.385,1169,935,8,8,0.676,10.630,1170,943,48.814,5.506,2.207,0.453,0.753
1513,42,403.190,940.167,31.213,399,936,10,8,0.542,11.180,399,944,26.565,7.692,1.473,0.679,0.694
1514,32,1271.250,940.281,23.799,1268,936,7,8,0.710,8.944,1269,944,63.435,6.708,1.467,0.682,0.753
1515,38,1323.105,941.316,29.799,1318,936,9,9,0.538,11.402,1318,943,37.875,6.364,2.031,0.492,0.717
1516,61,358.549,941.074,40.042,351,937,16,8,0.478,17.088,351,939,159.444,7.273,2.489,0.402,0.731
1517,63,1223.262,943.008,39.698,1219,937,10,12,0.502,13.000,1219,937,112.620,9.652,1.444,0.692,0.728
1518,30,1163.467,942.200,26.385,1158,938,10,7,0.542,11.180,1158,945,26.565,5.657,2.341,0.427,0.706
1519,28,1216.821,941.786,21.314,1214,938,5,8,0.775,9.434,1214,938,122.005,5.000,2.219,0.451,0.848
1520,25,394.100,941.220,19.556,390,939,7,5,0.821,7.616,390,940,156.801,5.000,1.415,0.707,0.847
1521,25,1251.020,941.980,19.556,1248,939,6,6,0.821,7.810,1248,939,140.194,5.821,1.318,0.759,0.820
1522,115,1303.709,948.587,61.841,1296,939,15,17,0.378,19.209,1296,943,141.340,11.147,1.637,0.611,0.703
1523,80,1403.112,945.675,47.113,1398,939,11,16,0.453,17.088,1401,955,69.444,9.153,1.825,0.548,0.699
1524,50,1328.720,946.600,32.627,1325,940,7,12,0.590,12.369,1327,952,75.964,7.000,1.957,0.511,0.781
1525,27,482.426,944.500,23.556,478,941,8,6,0.611,8.246,478,944,165.964,6.000,1.285,0.778,0.750
1526,26,698.500,945.692,22.485,697,941,3,10,0.646,10.198,698,951,78.690,3.000,3.136,0.319,0.929
1527,89,1315.657,946.893,41.456,1310,941,14,10,0.651,16.643,1310,942,147.265,9.800,1.795,0.557,0.840
1528,62,1393.048,948.048,40.870,1388,941,11,14,0.466,17.804,1388,955,51.843,6.379,3.595,0.278,0.717
1529,30,352.600,945.733,30.385,346,942,11,8,0.408,13.038,346,942,147.529,6.045,3.056,0.327,0.566
1530,72,583.528,949.083,38.527,578,943,12,12,0.610,14.422,578,944,146.310,7.778,2.073,0.482,0.787
1531,28,1268.536,948.429,30.971,1264,944,11,7,0.367,12.530,1264,944,151.390,5.731,2.864,0.349,0.566
1532,34,1373.853,947.765,22.485,1371,944,6,7,0.845,9.220,1371,951,49.399,6.000,1.251,0.800,0.895
1533,81,400.981,953.488,52.184,397,945,8,18,0.374,18.439,399,945,102.529,7.891,2.581,0.387,0.698
1534,49,1232.357,949.418,36.870,1226,945,13,8,0.453,13.601,1226,948,162.897,7.155,1.969,0.508,0.731
1535,88,1257.545,950.716,49.698,1250,945,18,10,0.448,18.682,1250,949,164.476,9.497,2.019,0.495,0.733
1536,68,1409.735,949.941,35.799,1404,945,13,9,0.667,14.765,1404,954,28.301,8.538,1.783,0.561,0.795
1537,52,465.500,954.750,39.556,462,946,6,16,0.418,16.763,462,962,72.646,6.000,3.097,0.323,0.689
1538,75,783.513,951.593,31.799,778,947,11,9,0.932,12.207,778,949,145.008,8.854,1.412,0.708,0.904
1539,75,1101.980,953.060,39.698,1096,947,13,11,0.598,13.892,1096,950,149.744,9.000,1.791,0.558,0.754
1540,39,1117.346,950.269,26.971,1113,947,10,7,0.674,10.440,1113,954,16.699,6.791,1.543,0.648,0.750
1541,38,1172.895,950.789,25.556,1168,947,9,7,0.731,10.817,1168,953,33.690,5.757,2.077,0.481,0.809
1542,30,1366.700,950.300,20.728,1363,947,7,6,0.877,8.062,1363,952,29.745,6.000,1.253,0.798,0.845
1543,35,392.986,952.986,32.870,389,948,7,10,0.407,10.817,389,949,123.690,7.000,1.582,0.632,0.625
1544,44,408.500,954.909,35.213,406,948,6,14,0.446,14.560,407,962,74.055,5.969,2.956,0.338,0.746
1545,47,435.777,952.138,38.870,430,948,13,9,0.391,13.928,430,948,158.962,9.000,1.551,0.645,0.603
1546,25,1244.700,950.660,23.556,1240,948,8,6,0.566,8.602,1240,949,144.462,6.000,1.109,0.901,0.704
1547,124,484.395,956.403,53.355,477,949,13,16,0.547,18.601,478,950,126.254,12.969,1.624,0.616,0.761
1548,59,425.636,955.890,47.355,417,950,14,11,0.331,16.401,417,960,37.569,9.947,1.662,0.602,0.559
1549,38,1219.105,954.974,27.213,1215,950,8,10,0.645,11.180,1216,960,63.435,6.364,1.986,0.503,0.738
1550,74,1288.216,955.446,47.355,1280,950,13,12,0.415,15.264,1280,953,148.392,10.918,1.433,0.698,0.643
1551,25,577.460,953.940,19.556,574,951,6,6,0.821,7.810,575,951,129.806,5.657,1.487,0.673,0.833
1552,64,1092.484,956.641,31.456,1087,951,10,11,0.813,11.705,1091,962,70.017,8.963,1.299,0.770,0.831
1553,87,1228.293,957.695,52.184,1221,951,16,12,0.401,16.492,1221,960,14.036,11.713,1.705,0.587,0.680
1554,55,1315.318,956.755,30.385,1311,952,8,10,0.749,11.662,1312,952,120.964,8.000,1.300,0.769,0.827
1555,42,1322.476,956.095,28.971,1318,952,8,9,0.629,11.402,1318,952,127.875,7.143,1.625,0.615,0.743
1556,43,1396.477,955.826,28.385,1393,952,8,9,0.671,9.849,1395,961,66.038,7.603,1.299,0.770,0.782
1557,30,1413.867,956.933,22.728,1411,952,5,9,0.730,9.849,1412,961,66.038,5.000,1.893,0.528,0.811
1558,31,385.145,956.694,26.385,382,953,6,7,0.560,8.485,382,954,135.000,6.000,1.166,0.858,0.805
1559,28,1249.571,957.429,24.142,1246,953,6,8,0.604,8.485,1246,955,135.000,6.000,1.214,0.823,0.747
1560,113,1261.509,958.482,62.527,1253,954,24,10,0.363,25.298,1253,963,18.435,9.198,3.309,0.302,0.713
1561,123,1331.419,962.720,48.284,1325,954,14,16,0.663,17.464,1327,954,113.629,13.119,1.270,0.787,0.783
1562,54,1406.370,959.704,28.385,1401,955,9,9,0.842,10.296,1401,961,29.055,8.746,1.261,0.793,0.844
1563,46,1146.804,958.870,29.556,1141,956,11,7,0.662,12.530,1141,956,151.390,7.000,1.990,0.503,0.793
1564,39,1389.833,960.218,24.385,1386,956,8,8,0.824,8.944,1386,963,26.565,7.428,1.354,0.738,0.812
1565,40,1108.650,959.900,34.627,1101,957,14,6,0.419,14.318,1101,961,12.095,6.000,3.228,0.310,0.640
1566,96,1381.115,964.656,50.770,1375,957,14,14,0.468,16.643,1378,957,122.735,10.879,1.567,0.638,0.722
1567,119,616.029,964.929,56.184,607,958,20,14,0.474,20.224,607,965,171.469,12.013,2.068,0.484,0.674
1568,88,1082.659,964.114,39.113,1077,958,13,13,0.723,15.811,1077,971,34.695,8.485,1.999,0.500,0.854
1569,76,1164.763,965.237,45.698,1159,958,14,13,0.457,17.205,1159,959,144.462,8.373,2.418,0.414,0.707
1570,35,1356.271,961.157,21.314,1353,958,6,7,0.968,8.062,1354,958,119.745,6.000,1.177,0.849,0.921
1571,27,550.722,962.426,22.142,547,959,8,6,0.692,8.944,547,960,153.435,5.942,1.627,0.615,0.750
1572,34,1196.824,962.853,23.799,1192,959,9,7,0.754,10.296,1192,961,150.945,5.200,2.204,0.454,0.810
1573,42,1117.524,964.310,32.627,1114,960,8,9,0.496,11.402,1115,960,127.875,7.649,1.510,0.662,0.694
1574,25,601.540,963.740,17.314,599,961,5,6,1.000,7.211,599,961,123.690,5.000,1.293,0.773,0.926
1575,79,648.804,963.816,51.556,636,961,23,5,0.373,23.345,636,962,170.134,5.000,5.759,0.174,0.802
1576,79,1101.715,969.234,44.284,1097,961,9,16,0.506,17.464,1097,961,113.629,8.854,2.309,0.433,0.731
1577,34,1210.882,966.118,28.870,1205,961,10,10,0.513,12.806,1206,961,128.660,4.243,3.435,0.291,0.739
1578,43,1322.849,965.895,26.971,1319,961,8,9,0.743,11.314,1319,962,135.000,6.174,2.051,0.487,0.804
1579,128,1420.031,968.938,61.012,1414,961,13,16,0.432,17.889,1414,961,116.565,13.000,1.365,0.733,0.760
1580,73,668.048,964.500,39.314,660,962,17,5,0.594,17.464,660,967,13.241,5.000,3.507,0.285,0.924
1581,26,1217.308,963.769,20.728,1213,962,9,4,0.760,9.055,1213,963,173.660,4.000,1.991,0.502,0.867
1582,117,1263.603,969.261,69.255,1256,962,17,15,0.307,19.723,1256,972,30.466,14.632,1.134,0.882,0.611
1583,63,1401.960,968.341,35.456,1397,962,9,12,0.630,13.892,1398,962,120.256,8.277,1.755,0.570,0.773
1584,87,1094.040,969.741,41.456,1088,963,11,14,0.636,16.125,1091,963,119.745,8.854,2.138,0.468,0.798
1585,43,1150.221,967.291,31.799,1144,963,10,9,0.534,13.454,1144,963,138.013,7.488,1.842,0.543,0.717
1586,51,1393.010,967.892,31.799,1388,963,10,10,0.634,11.662,1388,970,30.964,7.603,1.700,0.588,0.723
1587,50,1410.980,967.400,26.385,1407,963,9,8,0.903,10.296,1407,971,29.055,8.000,1.256,0.796,0.870
1588,82,1222.171,969.512,39.799,1216,964,12,10,0.651,14.422,1216,973,33.690,9.700,1.558,0.642,0.800
1589,39,1286.346,968.423,29.799,1280,964,11,8,0.552,13.038,1280,964,147.529,6.008,2.263,0.442,0.716
1590,37,368.635,970.446,29.799,366,965,6,11,0.524,12.530,366,965,118.610,5.093,3.035,0.330,0.763
1591,43,1179.872,968.430,28.971,1174,966,11,6,0.644,11.705,1174,967,160.017,5.857,2.407,0.415,0.804
1592,37,1202.797,969.419,26.042,1198,966,10,7,0.686,10.198,1198,970,11.310,6.548,1.672,0.598,0.733
1593,77,1084.292,972.591,36.284,1078,967,12,11,0.735,13.892,1078,977,30.256,8.944,1.698,0.589,0.832
1594,41,1316.817,972.037,25.556,1314,967,6,9,0.789,9.487,1315,976,71.565,6.000,1.522,0.657,0.863
1595,31,379.177,970.629,29.799,375,968,10,6,0.439,10.770,375,973,21.801,5.814,2.205,0.454,0.653
1596,58,550.655,973.569,41.456,543,968,14,9,0.424,14.142,543,974,171.870,8.768,1.925,0.519,0.652
1597,71,632.458,973.824,38.527,625,968,15,11,0.601,16.155,625,970,158.199,6.934,2.627,0.381,0.776
1598,130,663.469,971.292,65.213,649,968,29,6,0.384,29.428,649,969,170.218,6.000,5.906,0.169,0.839
1599,39,1157.397,972.628,23.899,1155,968,5,9,0.858,10.296,1155,968,119.055,5.000,1.861,0.537,0.940
1600,47,1371.968,971.202,26.385,1367,968,9,7,0.848,10.000,1368,968,143.130,7.000,1.313,0.762,0.887
1601,27,508.019,974.944,26.728,506,969,5,10,0.475,10.440,508,969,106.699,5.000,2.477,0.404,0.701
1602,98,1378.500,976.959,51.598,1371,969,15,15,0.463,16.553,1371,979,25.017,12.257,1.459,0.685,0.669
1603,76,711.566,973.697,37.556,704,970,15,7,0.677,16.155,704,971,158.199,6.736,2.700,0.370,0.859
1604,74,1135.473,976.608,42.042,1129,970,12,12,0.526,14.866,1129,981,47.726,9.899,1.530,0.653,0.708
1605,127,1189.933,978.476,64.669,1184,970,13,16,0.382,18.028,1186,971,123.690,12.659,1.301,0.769,0.732
1606,70,1199.757,978.443,49.113,1195,970,9,18,0.365,18.439,1196,970,102.529,7.613,2.431,0.411,0.651
1607,112,1432.768,974.875,42.627,1425,970,14,10,0.775,15.264,1426,972,148.392,10.000,1.325,0.755,0.900
1608,96,1121.562,976.292,49.113,1113,971,17,11,0.500,18.788,1113,981,25.201,10.014,2.360,0.424,0.716
1609,44,1177.500,973.932,35.456,1171,971,12,6,0.440,13.416,1171,971,153.435,6.000,2.384,0.419,0.752
1610,56,1301.018,977.071,37.213,1294,971,12,10,0.508,12.806,1294,979,38.660,9.300,1.333,0.750,0.675
1611,89,1327.713,974.466,38.385,1321,971,14,7,0.759,14.866,1321,971,160.346,7.000,2.000,0.500,0.947
1612,55,732.518,974.718,31.314,726,972,13,5,0.705,13.601,726,973,162.897,5.000,2.812,0.356,0.917
1613,25,1150.940,974.900,18.728,1147,972,7,5,0.896,7.616,1147,974,156.801,5.000,1.573,0.636,0.862
1614,37,1309.041,975.608,23.556,1305,972,7,8,0.838,10.630,1305,972,131.186,6.000,1.906,0.525,0.871
1615,104,1397.990,978.019,42.042,1391,972,15,11,0.739,15.297,1391,978,168.690,11.000,1.385,0.722,0.829
1616,55,1409.445,975.882,28.971,1405,972,9,9,0.823,10.817,1407,981,56.310,8.489,1.152,0.868,0.846
1617,27,625.241,976.241,18.142,622,973,6,6,1.000,7.211,624,973,123.690,5.657,1.223,0.818,0.900
1618,37,744.365,975.392,24.728,740,973,9,5,0.760,10.296,740,973,150.945,5.000,2.032,0.492,0.881
1619,58,1287.672,976.931,34.284,1282,973,11,9,0.620,11.705,1282,978,19.983,9.000,1.327,0.753,0.748
1620,30,1366.667,976.333,20.728,1364,973,6,7,0.877,8.062,1364,980,60.255,6.000,1.265,0.791,0.857
1621,38,356.684,978.289,27.213,352,975,9,7,0.645,9.849,352,976,156.038,7.000,1.420,0.704,0.745
1622,146,1059.829,982.747,59.012,1050,975,22,14,0.527,23.409,1050,980,160.017,12.075,2.110,0.474,0.762
1623,47,1091.649,980.096,27.556,1088,976,9,8,0.778,10.296,1088,977,150.945,7.967,1.330,0.752,0.855
1624,42,1142.500,980.714,26.971,1139,976,7,10,0.726,11.662,1140,986,59.036,5.659,2.402,0.416,0.824
1625,95,1415.658,982.816,39.799,1409,976,13,11,0.754,14.318,1409,986,24.775,11.000,1.383,0.723,0.837
1626,32,350.250,981.875,24.971,347,977,6,10,0.645,10.198,350,977,101.310,6.000,1.785,0.560,0.736
1627,27,471.648,982.648,27.799,467,977,8,9,0.439,12.042,467,986,48.366,4.950,2.823,0.354,0.659
1628,34,642.059,980.000,22.971,638,977,9,6,0.810,9.220,638,981,12.529,6.000,1.435,0.697,0.829
1629,120,824.750,980.358,61.556,811,977,28,6,0.398,28.443,811,978,169.875,5.730,5.799,0.172,0.873
1630,148,1323.588,986.547,65.012,1314,977,20,16,0.440,25.000,1314,977,143.130,11.715,2.355,0.425,0.731
1631,34,1360.735,981.676,22.728,1358,977,5,9,0.827,9.849,1359,986,66.038,5.000,1.744,0.573,0.883
1632,44,603.273,981.795,32.627,598,978,10,8,0.519,12.207,598,979,145.008,7.589,1.640,0.610,0.715
1633,35,1151.986,981.414,26.627,1147,978,9,8,0.620,9.487,1147,982,18.435,7.906,1.038,0.964,0.686
1634,31,1337.113,982.048,23.213,1333,978,8,8,0.723,10.000,1333,979,143.130,5.270,2.019,0.495,0.756
1635,55,1343.373,983.882,35.456,1339,978,9,13,0.550,13.928,1339,978,111.038,7.918,2.085,0.480,0.728
1636,38,523.395,982.263,26.385,518,979,10,7,0.686,11.662,518,986,30.964,6.364,1.948,0.513,0.809
1637,65,1210.854,981.962,32.142,1205,979,12,7,0.791,12.649,1205,983,18.435,7.000,1.929,0.518,0.903
1638,43,1327.756,981.756,26.142,1322,979,11,5,0.791,11.180,1322,981,169.695,5.000,2.150,0.465,0.896
1639,55,1353.155,984.118,33.556,1349,979,8,10,0.614,12.042,1349,989,48.366,8.000,1.366,0.732,0.769
1640,60,1368.533,983.850,29.799,1364,979,9,9,0.849,10.296,1364,986,29.055,8.875,1.110,0.901,0.882
1641,38,650.447,983.789,26.385,645,980,10,7,0.686,10.050,645,983,174.289,6.499,1.663,0.601,0.752
1642,36,1305.528,984.278,25.799,1301,980,8,8,0.680,8.944,1304,988,63.435,7.727,1.255,0.797,0.750
1643,51,1386.657,983.971,27.799,1382,980,10,8,0.829,10.770,1382,986,21.801,7.562,1.475,0.678,0.836
1644,40,1426.375,983.050,23.314,1423,980,7,7,0.925,9.220,1423,986,40.601,7.000,1.243,0.805,0.909
1645,27,407.722,987.167,28.971,406,981,4,12,0.404,12.166,407,981,99.462,4.000,3.233,0.309,0.675
1646,25,477.220,985.420,24.971,474,981,7,8,0.504,8.602,476,981,125.538,6.708,1.128,0.887,0.658
1647,50,594.240,985.440,33.456,590,981,9,9,0.561,11.402,590,981,127.875,8.433,1.114,0.897,0.730
1648,58,1109.103,985.397,35.213,1104,981,10,11,0.588,12.207,1104,982,124.992,9.285,1.413,0.708,0.720
1649,79,1172.082,986.652,37.456,1165,981,13,10,0.708,13.153,1165,985,171.254,10.000,1.461,0.685,0.802
1650,42,1312.905,986.214,24.971,1309,981,7,9,0.846,9.849,1311,990,66.038,7.000,1.333,0.750,0.857
1651,28,357.893,984.393,22.485,353,982,9,4,0.696,9.849,353,986,23.962,4.000,2.733,0.366,0.889
1652,41,384.451,987.378,31.213,381,982,9,10,0.529,10.770,382,992,68.199,8.854,1.260,0.794,0.651
1653,65,974.762,984.746,36.728,967,982,15,6,0.606,15.811,967,982,161.565,5.582,3.372,0.297,0.861
1654,83,1048.090,987.861,37.456,1043,982,10,12,0.743,13.601,1045,982,126.027,9.391,1.595,0.627,0.847
1655,57,1120.921,986.289,41.355,1114,982,13,11,0.419,14.213,1114,984,140.711,10.400,1.269,0.788,0.591
1656,68,1226.574,989.118,38.627,1222,982,10,13,0.573,13.601,1224,982,107.103,9.944,1.267,0.789,0.727
1657,148,1282.135,988.939,73.497,1273,982,19,15,0.344,21.024,1273,984,154.654,14.972,1.234,0.811,0.674
1658,94,1213.872,987.745,58.184,1202,983,21,11,0.349,21.378,1202,987,10.784,10.340,2.592,0.386,0.616
1659,95,1375.868,989.553,43.698,1368,983,15,13,0.625,15.133,1368,990,7.595,12.017,1.320,0.758,0.722
1660,45,632.922,989.922,40.284,626,984,11,13,0.348,15.264,627,984,121.608,7.373,2.213,0.452,0.556
1661,49,641.418,989.112,40.042,638,984,8,13,0.384,13.601,640,984,107.103,8.000,1.789,0.559,0.590
1662,78,992.346,986.769,44.142,983,984,19,6,0.503,19.647,983,984,165.256,5.374,4.374,0.229,0.862
1663,36,1145.694,991.500,34.870,1142,984,8,12,0.372,13.416,1144,984,116.565,7.056,2.193,0.456,0.571
1664,74,1301.311,989.622,43.941,1293,984,17,11,0.482,18.868,1293,985,147.995,7.200,3.174,0.315,0.705
1665,41,658.476,988.402,24.385,654,985,9,7,0.866,10.000,655,985,143.130,6.934,1.524,0.656,0.837
1666,57,935.535,989.044,31.556,929,985,11,8,0.719,12.530,929,991,28.610,8.000,1.638,0.611,0.820
1667,54,1010.056,987.963,34.142,1003,985,15,5,0.582,15.297,1003,986,168.690,5.000,3.518,0.284,0.864
1668,150,1034.207,992.907,59.355,1024,985,21,15,0.535,22.672,1025,1000,41.424,10.183,2.578,0.388,0.773
1669,31,1193.726,988.306,24.385,1190,985,8,7,0.655,9.899,1190,985,135.000,5.757,2.047,0.488,0.738
1670,62,500.274,989.468,36.042,493,986,14,8,0.600,14.318,493,989,12.095,7.814,2.026,0.494,0.780
1671,29,1361.741,989.707,19.556,1359,986,6,7,0.953,7.616,1360,993,66.801,6.000,1.336,0.749,0.841
1672,40,518.450,992.175,31.213,514,987,9,9,0.516,10.296,514,996,60.945,8.654,1.226,0.816,0.661
1673,55,1412.173,991.627,28.971,1408,987,8,10,0.823,12.207,1408,987,124.992,7.965,1.538,0.650,0.859
1674,38,1419.895,990.868,24.728,1416,987,7,8,0.781,9.220,1417,994,49.399,7.000,1.086,0.921,0.826
1675,99,1426.389,995.914,46.284,1421,987,9,18,0.581,18.439,1425,1005,77.471,9.000,2.217,0.451,0.789
1676,26,472.154,991.962,24.385,470,988,5,8,0.549,8.602,470,988,125.538,5.000,1.784,0.561,0.754
1677,29,574.707,989.603,26.385,569,988,11,4,0.523,11.402,569,988,164.745,4.000,3.116,0.321,0.753
1678,30,1355.567,991.533,20.485,1353,988,5,7,0.898,8.602,1353,995,54.462,5.000,1.642,0.609,0.923
1679,61,410.566,999.500,50.284,406,989,10,17,0.303,18.788,406,1006,64.799,9.056,2.342,0.427,0.526
1680,38,431.368,993.474,28.627,427,989,8,10,0.583,11.402,427,990,127.875,5.814,2.348,0.426,0.724
1681,36,466.889,995.806,30.142,465,989,4,12,0.498,12.649,465,1001,71.565,4.000,3.017,0.332,0.828
1682,60,483.800,992.533,38.042,476,989,14,8,0.521,14.142,476,992,8.130,8.000,2.146,0.466,0.759
1683,37,652.392,993.635,32.627,647,989,10,9,0.437,11.662,647,992,149.036,6.708,1.695,0.590,0.649
1684,121,670.087,995.616,52.184,661,989,20,12,0.558,20.100,661,995,174.289,11.180,2.045,0.489,0.761
1685,77,1057.942,993.916,41.456,1053,989,11,11,0.563,13.601,1054,989,126.027,10.182,1.346,0.743,0.740
1686,31,589.306,992.532,32.385,583,990,13,5,0.371,13.342,583,995,12.995,5.000,3.735,0.268,0.559
1687,42,1066.952,993.833,31.799,1062,990,12,8,0.522,13.416,1062,998,26.565,6.626,2.213,0.452,0.667
1688,57,1120.500,994.114,43.941,1112,990,17,8,0.371,17.263,1112,992,169.992,6.641,3.269,0.306,0.594
1689,49,1153.765,997.888,39.698,1151,990,6,15,0.391,15.297,1151,1005,78.690,6.000,2.856,0.350,0.641
1690,114,1163.447,996.974,56.527,1156,990,15,14,0.448,17.000,1156,992,151.928,13.892,1.375,0.728,0.689
1691,27,1190.870,993.500,19.556,1188,990,6,7,0.887,7.616,1189,990,113.199,5.883,1.447,0.691,0.806
1692,141,1274.309,998.571,64.912,1267,990,16,18,0.421,20.125,1268,990,116.565,11.853,1.547,0.646,0.754
1693,94,1315.979,995.957,44.284,1310,990,12,12,0.602,14.213,1312,991,129.289,11.597,1.123,0.890,0.803
1694,29,1337.879,992.672,19.314,1334,990,7,5,0.977,7.616,1334,994,23.199,5.000,1.284,0.779,0.921
1695,43,1347.128,993.826,27.799,1342,990,10,7,0.699,11.180,1342,996,26.565,6.261,2.203,0.454,0.796
1696,53,1367.670,996.387,30.971,1364,990,7,12,0.694,13.416,1365,990,116.565,6.708,2.139,0.468,0.835
1697,59,1175.839,996.110,30.971,1172,991,8,11,0.773,12.806,1172,1001,51.340,7.374,1.831,0.546,0.855
1698,35,1184.014,994.557,23.799,1181,991,7,8,0.777,8.246,1182,991,104.036,7.000,1.102,0.907,0.795
1699,42,1240.976,996.452,30.042,1237,991,8,10,0.585,10.198,1242,991,101.310,8.000,1.294,0.773,0.712
1700,36,383.667,995.417,30.728,376,992,13,5,0.479,13.601,376,997,17.103,5.000,3.747,0.267,0.735
1701,63,392.246,997.119,44.042,384,992,14,11,0.408,17.205,384,1002,35.538,8.000,2.180,0.459,0.653
1702,70,1221.314,996.471,41.698,1215,992,14,9,0.506,14.765,1215,993,151.699,8.310,2.123,0.471,0.729
1703,79,1260.411,995.791,40.042,1254,992,14,10,0.619,15.000,1256,1002,36.870,9.037,2.058,0.486,0.775
1704,71,577.204,999.979,42.870,573,993,11,12,0.485,16.279,573,993,132.510,9.153,1.863,0.537,0.755
1705,109,1295.161,999.995,46.284,1289,993,12,15,0.639,15.811,1290,995,124.695,11.940,1.411,0.709,0.768
1706,82,1396.866,1000.366,41.698,1391,993,12,14,0.593,16.279,1391,994,132.510,9.000,2.194,0.456,0.766
1707,36,936.917,998.778,23.899,935,994,4,10,0.792,10.440,935,994,106.699,4.000,2.430,0.412,0.947
1708,34,1209.059,998.235,24.142,1206,994,6,9,0.733,9.849,1208,1003,66.038,5.578,1.920,0.521,0.800
1709,99,1330.035,998.783,45.113,1322,994,16,10,0.611,16.763,1322,1002,17.354,10.000,1.746,0.573,0.805
1710,69,1360.355,1000.848,35.799,1355,994,9,12,0.677,13.038,1356,1005,57.529,9.000,1.574,0.635,0.802
1711,77,1020.253,1000.149,43.698,1014,995,13,12,0.507,15.264,1014,998,148.392,9.899,1.536,0.651,0.720
1712,46,1286.348,1000.283,30.142,1283,995,7,10,0.636,11.662,1284,995,120.964,6.412,2.126,0.470,0.780
1713,37,1374.662,999.824,24.971,1372,995,6,9,0.746,9.220,1373,1004,77.471,6.000,1.399,0.715,0.841
1714,38,474.711,998.342,26.728,470,996,10,6,0.668,11.662,470,1002,30.964,5.376,2.462,0.406,0.854
1715,49,485.602,1001.071,34.385,481,996,11,8,0.521,12.083,481,997,155.556,7.747,1.855,0.539,0.731
1716,25,519.460,999.340,26.971,515,996,9,6,0.432,9.849,515,997,156.038,5.425,1.757,0.569,0.610
1717,108,1035.750,1001.972,55.355,1025,996,18,13,0.443,18.974,1025,1003,18.435,11.628,1.685,0.593,0.704
1718,82,1304.598,1000.854,35.799,1299,996,11,10,0.804,12.530,1299,998,151.390,10.000,1.105,0.905,0.868
1719,150,1344.653,1003.573,65.012,1337,996,17,15,0.446,18.028,1341,1011,56.310,14.528,1.220,0.820,0.746
1720,63,1408.659,1002.278,32.042,1404,996,9,12,0.771,12.369,1406,1008,75.964,8.489,1.485,0.673,0.808
1721,36,368.833,1001.222,28.627,365,997,9,8,0.552,10.000,366,997,126.870,7.155,1.429,0.700,0.673
1722,81,688.833,1002.537,43.698,680,997,17,10,0.533,18.028,680,1000,160.560,7.242,3.025,0.331,0.794
1723,110,910.655,1001.736,38.870,904,997,14,11,0.915,14.318,904,1003,12.095,11.000,1.294,0.773,0.913
1724,123,1386.329,1002.467,52.870,1378,997,15,15,0.553,18.439,1378,997,130.601,12.438,1.382,0.724,0.796
1725,38,401.342,1002.763,31.213,398,998,7,10,0.490,10.770,400,998,111.801,7.000,1.446,0.692,0.691
1726,39,501.859,1001.936,26.971,498,998,8,7,0.674,9.899,498,1005,45.000,7.000,1.260,0.794,0.812
1727,43,1130.686,1002.733,31.799,1127,998,7,11,0.534,11.705,1128,998,109.983,7.000,1.888,0.530,0.729
1728,32,1145.312,1001.531,23.213,1142,998,7,8,0.746,8.602,1143,1006,54.462,6.905,1.368,0.731,0.762
1729,26,1216.269,1001.000,21.556,1213,998,8,5,0.703,9.434,1213,998,147.995,5.000,2.068,0.484,0.825
1730,52,1418.135,1001.288,26.728,1414,998,9,7,0.915,10.296,1414,998,150.945,7.000,1.309,0.764,0.920
1731,46,456.283,1004.348,43.456,452,999,8,15,0.306,15.297,453,999,101.310,8.000,2.352,0.425,0.538
1732,96,1009.219,1004.208,49.355,1001,999,16,11,0.495,16.763,1001,1003,162.646,10.521,1.527,0.655,0.753
1733,43,1063.035,1004.267,34.627,1058,999,10,10,0.451,12.728,1059,1008,45.000,8.222,1.614,0.619,0.614
1734,54,1182.204,1002.389,33.213,1177,999,11,7,0.615,11.662,1178,999,149.036,7.000,1.789,0.559,0.800
1735,56,1263.339,1002.964,28.627,1258,999,10,8,0.859,10.440,1258,1004,16.699,8.000,1.225,0.816,0.855
1736,89,672.680,1006.096,38.385,668,1000,9,13,0.759,14.318,670,1013,65.225,9.000,1.332,0.751,0.873
1737,75,427.180,1007.927,52.184,421,1001,11,14,0.346,15.652,424,1015,63.435,11.000,1.398,0.715,0.615
1738,63,537.611,1006.960,40.527,532,1001,12,11,0.482,14.866,533,1001,132.274,8.194,2.044,0.489,0.704
1739,26,1226.808,1003.077,23.556,1222,1001,10,4,0.589,10.198,1222,1003,11.310,4.000,2.540,0.394,0.788
1740,26,1237.462,1003.231,22.728,1232,1001,10,4,0.633,10.198,1232,1004,11.310,4.000,2.613,0.383,0.812
1741,43,1367.570,1005.802,24.971,1363,1002,9,7,0.867,9.849,1363,1008,23.962,7.000,1.165,0.859,0.835
1742,32,554.750,1006.281,24.385,551,1003,9,7,0.676,10.296,551,1003,150.945,5.367,2.293,0.436,0.753
1743,27,1073.167,1007.574,25.556,1070,1003,8,8,0.519,8.944,1070,1004,153.435,6.656,1.481,0.675,0.635
1744,92,1161.033,1010.250,57.012,1154,1003,16,16,0.356,22.627,1154,1019,45.000,11.000,2.308,0.433,0.613
1745,83,1332.681,1009.090,49.113,1327,1003,12,12,0.432,13.601,1328,1004,126.027,10.733,1.130,0.885,0.735
1746,35,389.157,1007.357,26.971,384,1004,10,6,0.605,11.180,384,1009,26.565,5.769,2.535,0.394,0.745
1747,26,602.846,1007.462,20.142,600,1004,7,6,0.805,8.485,600,1004,135.000,5.659,1.681,0.595,0.800
1748,32,659.031,1007.750,21.556,656,1004,6,7,0.865,8.602,656,1004,125.538,6.000,1.278,0.783,0.842
1749,28,680.357,1007.143,19.071,678,1004,5,6,0.967,7.810,678,1004,129.806,5.000,1.274,0.785,0.966
1750,94,704.894,1009.181,48.527,695,1004,18,11,0.502,18.974,695,1008,161.565,7.589,2.817,0.355,0.740
1751,85,997.006,1009.041,44.284,989,1004,15,10,0.545,15.811,989,1008,161.565,9.762,1.612,0.620,0.780
1752,94,1376.787,1009.351,44.042,1371,1004,12,13,0.609,14.866,1372,1014,42.274,10.918,1.468,0.681,0.793
1753,44,1422.955,1009.023,25.556,1419,1004,7,9,0.847,9.487,1423,1004,108.435,6.957,1.405,0.712,0.871
1754,49,567.500,1008.418,33.456,561,1005,12,7,0.550,12.166,561,1007,170.538,7.000,1.878,0.532,0.737
1755,43,936.709,1011.477,28.728,934,1005,5,12,0.655,12.166,936,1005,99.462,5.000,2.446,0.409,0.860
1756,41,1100.671,1009.744,29.799,1096,1005,9,8,0.580,10.296,1096,1013,29.055,7.184,1.630,0.613,0.752
1757,56,1220.643,1009.429,35.698,1216,1005,10,9,0.552,11.180,1216,1006,153.435,8.944,1.219,0.820,0.783
1758,48,1256.104,1009.958,32.627,1252,1005,8,10,0.567,10.770,1254,1015,68.199,7.761,1.334,0.749,0.780
1759,64,1414.188,1009.547,31.799,1408,1005,12,8,0.795,12.649,1408,1009,161.565,8.000,1.345,0.744,0.889
1760,55,374.536,1010.718,40.385,368,1006,16,8,0.424,17.088,368,1008,159.444,7.562,2.625,0.381,0.659
1761,36,530.417,1010.861,26.385,527,1006,6,9,0.650,9.487,529,1006,108.435,6.000,1.561,0.640,0.774
1762,45,942.167,1012.056,30.728,940,1006,5,13,0.599,13.342,941,1019,77.005,5.000,2.859,0.350,0.849
1763,56,1138.804,1010.500,29.213,1134,1006,10,9,0.825,10.770,1134,1013,21.801,8.538,1.272,0.786,0.812
1764,40,1184.075,1009.300,27.213,1180,1006,8,8,0.679,10.000,1182,1014,53.130,8.000,1.108,0.903,0.769
1765,43,1283.779,1009.314,27.213,1278,1006,11,7,0.730,11.402,1278,1007,164.745,7.000,1.574,0.635,0.782
1766,56,405.411,1013.214,44.770,400,1007,11,11,0.351,12.530,400,1016,28.610,9.707,1.472,0.679,0.602
1767,27,476.648,1010.722,30.627,471,1007,12,8,0.362,13.892,471,1007,149.744,4.301,4.702,0.213,0.568
1768,33,509.197,1008.591,30.385,503,1007,13,4,0.449,13.601,503,1011,17.103,4.000,3.708,0.270,0.742
1769,133,1038.162,1015.808,62.184,1031,1007,13,17,0.432,18.868,1033,1023,57.995,13.000,1.334,0.750,0.764
1770,30,1108.933,1010.700,22.385,1106,1007,6,8,0.752,8.246,1107,1007,104.036,6.000,1.431,0.699,0.811
1771,66,1192.742,1013.303,35.456,1188,1007,10,12,0.660,13.601,1189,1007,126.027,7.766,1.848,0.541,0.810
1772,81,1292.537,1012.833,35.456,1286,1007,13,10,0.810,13.928,1286,1016,21.038,9.899,1.511,0.662,0.857
1773,54,1304.130,1011.130,32.385,1299,1007,10,10,0.647,12.042,1300,1007,131.634,8.232,1.751,0.571,0.740
1774,124,1395.266,1014.137,47.456,1389,1007,14,13,0.692,16.279,1391,1007,132.510,13.000,1.195,0.837,0.841
1775,77,1406.019,1013.500,41.941,1400,1007,13,13,0.550,16.401,1401,1007,127.569,7.526,2.415,0.414,0.770
1776,53,550.443,1011.821,35.456,545,1008,11,9,0.530,12.806,546,1008,141.340,8.004,1.909,0.524,0.671
1777,27,1126.759,1010.907,18.728,1124,1008,6,6,0.967,7.211,1124,1013,33.690,5.692,1.273,0.786,0.871
1778,29,1200.776,1011.362,21.213,1197,1008,8,7,0.810,8.246,1197,1012,14.036,5.657,1.513,0.661,0.773
1779,40,393.650,1012.500,28.385,388,1009,11,7,0.624,12.530,388,1015,28.610,5.367,2.598,0.385,0.784
1780,45,985.389,1012.500,24.728,982,1009,8,7,0.925,9.220,982,1016,40.601,7.000,1.113,0.898,0.900
1781,47,1061.117,1016.160,36.870,1057,1010,10,11,0.434,12.083,1058,1010,114.444,8.951,1.540,0.649,0.618
1782,30,1248.333,1012.733,24.971,1243,1010,9,6,0.605,9.487,1243,1011,161.565,5.687,1.592,0.628,0.723
1783,131,1382.103,1019.599,65.841,1373,1010,16,18,0.380,18.788,1376,1027,64.799,13.200,1.525,0.656,0.699
1784,27,581.759,1013.574,22.385,577,1011,9,5,0.677,9.055,577,1013,173.660,5.000,1.827,0.547,0.771
1785,77,975.682,1015.851,35.556,970,1011,11,9,0.765,14.213,970,1020,39.289,8.854,1.621,0.617,0.906
1786,49,1229.071,1014.929,29.799,1224,1011,10,9,0.693,10.817,1226,1020,56.310,7.603,1.373,0.728,0.760
1787,116,1337.690,1023.129,56.284,1333,1011,10,21,0.460,21.840,1334,1032,74.055,9.932,2.807,0.356,0.748
1788,46,514.913,1018.891,37.456,511,1012,9,11,0.412,13.454,511,1012,131.987,9.000,1.271,0.787,0.662
1789,56,1166.036,1016.821,31.456,1160,1012,12,9,0.711,12.649,1160,1018,18.435,7.603,1.741,0.575,0.806
1790,105,1279.843,1019.910,50.527,1274,1012,11,16,0.517,17.804,1274,1028,51.843,10.601,1.463,0.683,0.769
1791,65,1361.854,1016.746,29.314,1358,1012,8,9,0.951,10.817,1359,1012,123.690,8.000,1.145,0.873,0.956
1792,26,449.885,1016.692,19.556,447,1013,6,7,0.854,8.062,448,1020,60.255,5.367,1.758,0.569,0.812
1793,58,1241.241,1018.121,34.042,1237,1013,8,11,0.629,11.705,1239,1024,70.017,8.000,1.579,0.633,0.784
1794,111,1099.338,1019.077,64.770,1091,1014,15,16,0.332,21.260,1091,1014,131.186,13.400,1.707,0.586,0.649
1795,93,1132.855,1019.575,48.770,1125,1014,15,12,0.491,15.524,1125,1020,14.931,11.142,1.345,0.743,0.756
1796,57,1145.816,1018.395,34.385,1142,1014,9,11,0.606,12.207,1143,1025,55.008,9.000,1.351,0.740,0.740
1797,120,1203.567,1020.567,47.113,1195,1014,16,13,0.679,17.088,1195,1020,159.444,12.369,1.406,0.711,0.797
1798,54,1299.611,1019.167,31.799,1295,1014,9,9,0.671,10.296,1297,1023,60.945,8.746,1.178,0.849,0.818
1799,47,1418.543,1017.500,25.799,1414,1014,9,7,0.887,9.849,1414,1015,156.038,7.000,1.395,0.717,0.870
1800,26,526.923,1017.538,24.385,523,1015,9,6,0.549,9.055,523,1016,173.660,5.918,1.578,0.634,0.693
1801,46,571.891,1017.978,31.456,566,1015,12,8,0.584,12.166,566,1018,9.462,8.000,1.527,0.655,0.730
1802,30,591.567,1017.100,21.556,587,1015,9,5,0.811,9.220,587,1016,167.471,5.000,1.789,0.559,0.845
1803,129,962.787,1021.174,48.042,956,1015,15,14,0.702,18.439,957,1029,49.399,11.090,1.555,0.643,0.824
1804,38,1370.711,1017.763,22.142,1367,1015,8,6,0.974,8.944,1367,1015,153.435,6.000,1.351,0.740,0.916
1805,39,713.987,1020.346,27.213,710,1016,8,9,0.662,9.849,711,1016,113.962,7.589,1.356,0.737,0.729
1806,47,1252.394,1019.606,31.213,1247,1016,12,7,0.606,12.649,1247,1017,161.565,6.008,2.483,0.403,0.770
1807,31,434.726,1021.145,21.799,432,1017,6,8,0.820,8.944,432,1017,116.565,6.000,1.596,0.627,0.816
1808,34,986.500,1020.941,22.385,983,1017,7,8,0.853,9.434,984,1017,122.005,6.102,1.524,0.656,0.810
1809,28,1028.464,1021.857,26.627,1024,1017,8,9,0.496,10.296,1025,1026,60.945,4.992,2.642,0.378,0.651
1810,44,410.614,1022.477,24.971,407,1018,7,9,0.887,9.487,409,1018,108.435,7.000,1.322,0.756,0.863
1811,55,419.064,1024.209,35.456,415,1018,8,14,0.550,14.866,417,1018,109.654,7.844,2.017,0.496,0.724
1812,49,674.643,1023.133,38.284,670,1018,10,10,0.420,12.207,670,1018,124.992,9.111,1.289,0.776,0.649
1813,116,753.379,1023.336,58.527,741,1018,24,11,0.426,24.083,741,1022,175.236,7.761,3.899,0.256,0.737
1814,74,1168.446,1024.486,44.284,1162,1018,13,11,0.474,14.866,1163,1029,47.726,9.551,1.734,0.577,0.682
1815,38,1232.737,1021.000,26.142,1227,1018,11,5,0.699,11.180,1227,1021,169.695,5.000,2.036,0.491,0.854
1816,80,1288.912,1023.112,36.971,1283,1018,11,11,0.736,14.213,1283,1027,39.289,9.129,1.541,0.649,0.833
1817,35,666.443,1023.786,27.799,663,1019,7,9,0.569,10.296,664,1028,60.945,6.957,1.723,0.581,0.700
1818,71,951.162,1023.866,32.728,947,1019,8,10,0.833,12.042,947,1020,131.634,8.000,1.218,0.821,0.934
1819,26,1158.269,1023.577,23.556,1155,1020,6,7,0.589,9.220,1155,1020,130.601,5.657,1.800,0.556,0.754
1820,96,1188.938,1027.552,52.184,1182,1020,13,16,0.443,16.279,1190,1036,79.380,12.551,1.564,0.639,0.649
1821,85,1346.982,1027.135,43.698,1342,1020,12,14,0.559,16.125,1343,1020,119.745,9.179,1.989,0.503,0.746
1822,61,397.467,1025.582,48.284,390,1021,16,9,0.329,17.088,390,1022,159.444,7.398,2.606,0.384,0.649
1823,48,558.021,1026.042,30.385,554,1021,8,9,0.653,11.402,554,1030,52.125,7.603,1.560,0.641,0.835
1824,101,939.163,1025.926,42.627,931,1021,15,11,0.698,15.524,931,1024,165.069,10.419,1.600,0.625,0.835
1825,34,1122.382,1023.441,26.142,1117,1021,9,6,0.625,10.296,1117,1022,150.945,6.000,1.926,0.519,0.773
1826,105,1150.214,1028.948,53.598,1144,1021,13,14,0.459,16.125,1145,1035,60.255,12.528,1.190,0.841,0.729
1827,49,1304.786,1026.296,27.799,1301,1021,8,10,0.797,10.296,1301,1030,60.945,7.155,1.390,0.719,0.845
1828,35,1313.071,1025.386,22.142,1310,1021,6,8,0.897,8.944,1312,1021,116.565,6.000,1.404,0.712,0.897
1829,53,1394.255,1024.104,28.627,1389,1021,11,8,0.813,11.402,1389,1022,164.745,8.000,1.350,0.741,0.815
1830,32,381.812,1024.750,33.799,375,1022,12,7,0.352,12.649,375,1023,161.565,6.499,2.919,0.343,0.571
1831,102,465.235,1026.824,55.012,455,1022,18,10,0.424,18.111,455,1029,173.660,9.882,1.932,0.518,0.699
1832,35,529.671,1026.414,32.042,525,1022,8,9,0.428,9.220,529,1022,102.529,7.778,1.217,0.822,0.667
1833,44,577.000,1026.136,30.385,573,1022,7,10,0.599,11.180,574,1022,116.565,6.864,1.632,0.613,0.793
1834,46,583.609,1028.087,34.385,580,1022,6,12,0.489,13.416,580,1034,63.435,5.754,2.607,0.384,0.786
1835,29,640.086,1024.810,20.385,636,1022,8,6,0.877,8.246,636,1024,165.964,5.814,1.558,0.642,0.784
1836,29,1214.603,1025.431,20.142,1211,1022,7,6,0.898,8.062,1211,1028,29.745,6.000,1.163,0.860,0.841
1837,76,1250.474,1029.276,44.627,1247,1022,9,15,0.480,15.524,1248,1022,104.931,9.000,1.845,0.542,0.704
1838,35,1260.871,1025.557,27.213,1257,1022,8,8,0.594,9.220,1257,1023,130.601,6.688,1.505,0.665,0.729
1839,25,569.380,1025.980,20.385,566,1023,7,6,0.756,7.616,566,1025,156.801,5.687,1.497,0.668,0.769
1840,31,699.081,1025.984,20.142,696,1023,6,6,0.960,7.211,697,1023,123.690,6.000,1.043,0.959,0.912
1841,97,975.015,1027.902,44.042,967,1023,16,10,0.628,17.464,967,1025,156.371,9.839,1.983,0.504,0.798
1842,66,768.470,1028.121,36.385,762,1024,12,9,0.626,14.422,762,1033,33.690,7.967,1.879,0.532,0.772
1843,81,1043.068,1029.957,49.355,1032,1024,20,12,0.418,22.361,1032,1025,153.435,6.379,4.259,0.235,0.704
1844,26,1065.000,1026.269,20.142,1062,1024,7,6,0.805,8.485,1063,1030,45.000,5.657,1.583,0.632,0.812
1845,25,1139.260,1026.660,20.142,1136,1024,7,5,0.774,8.062,1136,1025,150.255,5.000,1.345,0.744,0.833
1846,114,1230.886,1030.404,45.456,1224,1024,14,13,0.693,16.401,1225,1035,37.569,12.333,1.425,0.702,0.823
1847,99,1241.470,1031.146,49.113,1236,1024,11,16,0.516,16.763,1240,1040,72.646,10.933,1.510,0.662,0.744
1848,66,1296.712,1028.864,36.142,1293,1024,8,13,0.635,13.928,1296,1037,68.962,8.000,1.691,0.591,0.846
1849,48,779.500,1027.979,26.728,775,1025,10,6,0.844,10.770,775,1026,158.199,6.000,1.837,0.544,0.897
1850,62,1387.145,1028.774,30.385,1382,1025,11,8,0.844,12.530,1382,1025,151.390,8.000,1.507,0.664,0.892
1851,25,507.140,1028.740,19.314,504,1026,6,6,0.842,8.485,504,1032,45.000,5.367,1.668,0.600,0.862
1852,39,1199.936,1028.244,31.799,1193,1026,13,5,0.485,13.153,1193,1027,171.254,5.000,3.183,0.314,0.716
1853,112,1397.107,1033.259,48.770,1390,1026,15,16,0.592,18.358,1393,1042,60.642,9.899,2.271,0.440,0.747
1854,37,1422.311,1030.851,26.385,1419,1026,7,9,0.668,9.487,1422,1026,108.435,7.000,1.504,0.665,0.755
1855,32,547.250,1031.375,24.385,543,1027,8,8,0.676,10.630,543,1035,41.186,4.950,2.457,0.407,0.762
1856,38,910.895,1030.079,23.314,907,1027,8,6,0.879,10.000,907,1033,36.870,6.000,1.651,0.606,0.905
1857,33,1026.015,1030.197,32.870,1019,1027,13,7,0.384,14.765,1019,1034,28.301,5.632,3.222,0.310,0.617
1858,78,1070.192,1032.333,49.698,1062,1027,17,11,0.397,19.235,1062,1037,27.897,8.489,2.769,0.361,0.637
1859,41,1220.793,1033.744,30.385,1217,1027,7,12,0.558,13.000,1219,1027,112.620,6.828,2.134,0.469,0.707
1860,32,1267.125,1030.906,25.556,1265,1027,5,9,0.616,9.487,1265,1027,108.435,5.000,2.087,0.479,0.810
1861,27,657.500,1031.019,20.971,654,1028,6,7,0.772,8.602,654,1028,125.538,5.692,1.450,0.690,0.818
1862,111,1255.509,1035.734,67.497,1244,1028,20,14,0.306,21.541,1244,1040,21.801,13.370,1.720,0.581,0.563
1863,38,1309.974,1032.342,23.556,1307,1028,7,8,0.861,9.220,1307,1036,40.601,6.641,1.323,0.756,0.864
1864,49,1379.378,1032.378,29.799,1375,1028,11,8,0.693,12.207,1376,1028,145.008,7.155,1.774,0.564,0.803
1865,29,436.362,1032.845,22.142,432,1029,8,6,0.743,8.602,432,1035,35.538,6.000,1.660,0.603,0.817
1866,34,651.647,1032.735,22.971,648,1029,8,7,0.810,10.000,648,1030,143.130,5.622,2.038,0.491,0.840
1867,77,1181.643,1036.188,42.527,1177,1029,11,13,0.535,13.153,1180,1042,81.254,10.883,1.265,0.791,0.730
1868,37,397.473,1032.797,26.142,393,1030,9,5,0.680,9.849,393,1031,156.038,5.000,2.020,0.495,0.851
1869,108,462.444,1036.046,64.912,453,1030,19,11,0.322,19.925,453,1033,162.474,10.983,2.099,0.476,0.704
1870,44,569.682,1032.682,40.042,562,1030,15,5,0.345,15.033,562,1031,176.186,5.000,2.837,0.352,0.704
1871,37,1012.068,1032.932,24.971,1007,1030,10,6,0.746,11.180,1007,1030,153.435,6.000,2.278,0.439,0.813
1872,27,1089.241,1032.796,24.385,1086,1030,7,6,0.571,7.616,1086,1035,23.199,6.000,1.244,0.804,0.771
1873,36,1139.472,1033.528,24.971,1136,1030,7,8,0.726,9.434,1137,1030,122.005,6.864,1.584,0.631,0.774
1874,63,1168.611,1033.579,44.042,1159,1030,17,8,0.408,17.263,1159,1033,169.992,7.318,3.047,0.328,0.656
1875,43,1274.686,1033.919,28.385,1269,1030,11,7,0.671,11.402,1269,1037,15.255,6.930,1.483,0.674,0.789
1876,30,969.300,1034.933,22.971,966,1031,6,9,0.714,9.487,968,1040,71.565,5.547,1.674,0.597,0.769
1877,54,1301.796,1036.315,35.213,1298,1031,8,13,0.547,13.928,1299,1044,68.962,7.155,2.206,0.453,0.750
1878,91,1345.456,1038.588,43.456,1341,1031,10,15,0.606,16.155,1342,1031,111.801,10.000,1.504,0.665,0.798
1879,26,599.192,1034.308,21.556,595,1032,9,5,0.703,9.055,595,1033,173.660,5.000,1.725,0.580,0.788
1880,61,1051.516,1038.221,46.870,1042,1032,16,11,0.349,18.868,1042,1043,32.005,7.340,3.382,0.296,0.646
1881,57,1321.430,1034.746,37.213,1314,1032,15,6,0.517,16.155,1314,1032,158.199,5.771,3.111,0.321,0.786
1882,91,1335.049,1037.742,40.627,1329,1032,11,12,0.693,13.601,1329,1040,36.027,11.000,1.098,0.911,0.843
1883,56,1357.071,1038.214,34.870,1352,1032,10,12,0.579,13.892,1354,1032,120.256,7.211,2.444,0.409,0.709
1884,25,417.300,1035.740,20.728,413,1033,7,6,0.731,8.062,413,1037,29.745,6.000,1.417,0.706,0.769
1885,30,781.033,1036.600,25.799,776,1033,10,7,0.566,11.662,776,1033,149.036,4.715,3.286,0.304,0.714
1886,29,1041.086,1036.397,22.385,1037,1033,9,6,0.727,9.849,1037,1034,156.038,5.200,2.143,0.467,0.784
1887,150,1408.707,1039.680,71.255,1397,1033,26,13,0.371,26.476,1397,1039,169.114,12.877,2.541,0.394,0.656
1888,93,909.220,1039.478,59.598,901,1034,16,13,0.329,18.358,901,1044,29.358,13.000,1.514,0.661,0.589
1889,50,977.720,1038.200,34.870,972,1034,11,8,0.517,11.705,972,1039,19.983,7.845,1.512,0.661,0.709
1890,40,1214.375,1038.475,25.213,1210,1034,9,8,0.791,11.402,1210,1035,142.125,5.466,2.326,0.430,0.833
1891,49,1007.990,1039.969,30.042,1004,1035,9,10,0.682,10.440,1006,1035,106.699,8.497,1.013,0.987,0.772
1892,28,1162.679,1038.464,22.971,1159,1035,8,7,0.667,8.944,1159,1035,153.435,6.002,1.679,0.596,0.747
1893,125,1383.132,1039.988,53.113,1372,1035,20,10,0.557,21.932,1372,1036,155.772,10.000,2.224,0.450,0.791
1894,35,398.843,1039.814,24.385,395,1036,8,8,0.740,10.000,396,1044,53.130,6.345,1.786,0.560,0.769
1895,42,594.976,1040.429,30.870,590,1036,10,9,0.554,11.662,590,1039,149.036,7.603,1.856,0.539,0.694
1896,60,1071.033,1039.867,43.456,1064,1036,15,7,0.399,15.297,1064,1043,11.310,6.700,2.437,0.410,0.727
1897,26,563.154,1039.346,19.314,560,1037,7,5,0.876,8.062,560,1042,29.745,4.919,1.736,0.576,0.881
1898,68,891.735,1040.721,45.941,884,1037,16,8,0.405,16.492,884,1039,165.964,8.000,2.421,0.413,0.683
1899,69,1154.138,1042.790,42.527,1149,1037,10,11,0.479,13.454,1149,1047,41.987,10.000,1.202,0.832,0.708
1900,48,1276.792,1039.792,30.627,1271,1037,12,6,0.643,12.166,1271,1040,9.462,6.000,2.117,0.472,0.814
1901,37,1289.689,1040.095,26.385,1286,1037,9,7,0.668,10.000,1287,1044,36.870,7.000,1.473,0.679,0.733
1902,32,880.000,1042.281,26.385,877,1038,6,9,0.578,9.487,879,1038,108.435,5.515,1.909,0.524,0.727
1903,33,1103.227,1042.894,31.799,1099,1038,7,9,0.410,10.630,1099,1039,131.186,6.472,1.764,0.567,0.641
1904,40,1231.900,1040.375,31.556,1225,1038,14,5,0.505,14.142,1225,1041,8.130,4.608,3.431,0.291,0.792
1905,121,1315.070,1042.062,52.284,1307,1038,19,11,0.556,21.024,1307,1048,25.346,10.359,2.394,0.418,0.778
1906,46,442.391,1043.609,27.213,439,1039,8,9,0.781,9.849,440,1039,113.962,8.000,1.376,0.727,0.821
1907,26,810.308,1043.038,24.385,808,1039,5,9,0.549,9.849,808,1048,66.038,4.903,2.346,0.426,0.765
1908,34,928.235,1042.441,30.627,924,1039,9,7,0.455,11.402,924,1046,37.875,7.000,1.759,0.568,0.660
1909,50,961.460,1044.020,32.385,958,1039,7,12,0.599,13.000,959,1051,67.380,6.574,2.305,0.434,0.769
1910,47,1204.074,1042.585,30.385,1199,1039,12,7,0.640,12.649,1199,1045,18.435,6.576,2.042,0.490,0.764
1911,32,605.031,1044.781,29.213,601,1040,9,10,0.471,12.207,602,1040,124.992,5.085,3.239,0.309,0.615
1912,28,825.214,1044.321,26.971,822,1040,7,9,0.484,10.296,824,1040,119.055,6.306,1.814,0.551,0.622
1913,60,849.100,1043.417,35.799,843,1040,13,7,0.588,13.601,843,1042,162.897,6.647,2.251,0.444,0.779
1914,103,1370.743,1046.869,53.941,1363,1040,15,17,0.445,17.493,1363,1042,120.964,13.200,1.311,0.763,0.613
1915,55,496.936,1046.191,37.456,491,1041,11,10,0.493,11.662,493,1041,120.964,9.216,1.605,0.623,0.671
1916,35,1191.957,1044.157,35.698,1185,1041,13,6,0.345,13.153,1185,1042,171.254,6.000,2.739,0.365,0.547
1917,58,1331.259,1045.966,31.213,1326,1041,10,10,0.748,12.728,1327,1041,135.000,7.155,1.859,0.538,0.811
1918,54,405.667,1046.926,44.870,398,1042,14,10,0.337,14.560,398,1047,15.945,8.332,2.222,0.450,0.560
1919,26,468.577,1045.462,19.314,465,1042,6,6,0.876,7.810,465,1048,39.806,5.814,1.321,0.757,0.897
1920,42,1267.095,1046.738,31.799,1262,1042,11,8,0.522,12.042,1264,1042,138.366,7.399,1.892,0.529,0.689
1921,36,488.500,1048.222,25.799,485,1043,7,10,0.680,10.440,487,1043,106.699,6.641,1.878,0.532,0.735
1922,37,1236.986,1045.284,28.728,1232,1043,12,4,0.563,12.649,1232,1043,161.565,4.000,3.022,0.331,0.892
1923,29,1256.914,1044.983,26.385,1252,1043,11,4,0.523,11.402,1252,1046,15.255,4.000,2.874,0.348,0.784
1924,39,1408.423,1046.679,35.799,1404,1043,9,7,0.382,10.296,1404,1044,150.945,6.930,1.297,0.771,0.703
1925,32,966.469,1048.219,21.556,964,1044,6,8,0.865,8.246,965,1052,75.964,6.000,1.286,0.778,0.842
1926,73,987.747,1049.103,37.113,982,1044,12,11,0.666,12.369,982,1047,165.964,10.400,1.056,0.947,0.777
1927,48,1075.021,1047.938,30.142,1070,1044,11,7,0.664,12.083,1070,1045,155.556,7.000,1.935,0.517,0.793
1928,26,1169.654,1047.038,18.728,1167,1044,6,6,0.932,7.810,1167,1044,129.806,5.657,1.506,0.664,0.881
1929,68,1213.706,1048.294,37.213,1207,1044,15,8,0.617,15.524,1207,1046,165.069,7.799,2.153,0.464,0.786
1930,68,1352.471,1048.515,38.627,1344,1044,14,9,0.573,14.866,1344,1047,160.346,8.786,1.957,0.511,0.768
1931,61,1063.844,1049.959,44.284,1056,1045,13,9,0.391,14.318,1056,1051,24.775,8.854,1.599,0.626,0.642
1932,60,1099.783,1049.183,36.042,1092,1045,15,8,0.580,15.524,1092,1047,165.069,6.708,2.803,0.357,0.741
1933,25,1277.660,1046.780,20.728,1274,1045,8,4,0.731,8.544,1274,1045,159.444,4.000,2.067,0.484,0.833
1934,36,1304.556,1049.583,26.385,1300,1045,9,8,0.650,9.487,1300,1050,161.565,7.637,1.217,0.822,0.706
1935,59,1315.941,1050.110,33.213,1310,1045,11,9,0.672,12.207,1310,1053,34.992,8.731,1.493,0.670,0.797
1936,82,1328.305,1052.939,45.698,1321,1045,14,15,0.493,19.849,1321,1045,130.914,8.200,3.181,0.314,0.710
1937,67,1362.440,1050.813,36.627,1358,1045,10,11,0.628,13.454,1359,1045,131.987,9.839,1.275,0.784,0.788
1938,28,450.821,1049.750,22.728,448,1046,5,9,0.681,9.487,449,1046,108.435,5.000,2.034,0.492,0.812
1939,43,653.407,1051.337,31.213,649,1046,8,10,0.555,11.314,649,1056,45.000,8.000,1.517,0.659,0.705
1940,54,1127.722,1051.389,30.627,1123,1046,9,11,0.723,13.038,1125,1046,122.471,7.653,1.684,0.594,0.788
1941,42,1186.333,1052.333,36.284,1183,1046,7,13,0.401,13.928,1184,1046,111.038,7.000,1.999,0.500,0.641
1942,61,1339.484,1051.484,31.213,1334,1046,10,10,0.787,11.402,1335,1056,37.875,9.475,1.171,0.854,0.803
1943,45,812.100,1053.411,37.456,808,1047,8,14,0.403,14.318,813,1061,77.905,6.995,2.462,0.406,0.612
1944,31,843.952,1049.597,29.556,837,1047,12,5,0.446,12.649,837,1048,161.565,4.603,3.443,0.290,0.705
1945,74,864.851,1055.919,52.527,860,1047,9,18,0.337,18.439,863,1065,77.471,8.458,2.908,0.344,0.599
1946,29,874.328,1050.845,22.971,871,1047,7,7,0.691,8.602,872,1047,125.538,5.800,1.776,0.563,0.763
1947,46,956.783,1053.500,33.556,954,1047,6,14,0.513,14.318,956,1047,102.095,6.000,2.436,0.411,0.748
1948,77,1040.370,1051.097,43.113,1034,1047,14,9,0.521,14.866,1034,1048,160.346,9.000,1.747,0.572,0.770
1949,35,1294.643,1049.700,28.385,1290,1047,9,6,0.546,9.849,1290,1049,156.038,6.000,1.630,0.614,0.729
1950,59,890.958,1054.297,46.527,886,1048,11,10,0.342,12.806,888,1048,128.660,10.000,1.217,0.822,0.656
1951,58,1116.293,1052.190,41.698,1110,1048,13,9,0.419,15.264,1110,1049,148.392,7.906,1.816,0.551,0.671
1952,30,1235.333,1050.267,21.556,1231,1048,8,6,0.811,8.944,1231,1048,153.435,6.000,1.712,0.584,0.845
1953,96,1376.729,1055.375,47.698,1372,1048,9,15,0.530,16.553,1374,1048,115.017,9.000,1.884,0.531,0.803
1954,50,1020.880,1055.080,38.870,1016,1049,10,11,0.416,14.213,1016,1060,50.711,8.050,1.566,0.639,0.676
1955,56,1030.982,1054.964,33.213,1026,1049,8,11,0.638,11.705,1029,1060,70.017,8.000,1.623,0.616,0.783
1956,106,1228.538,1056.349,54.184,1222,1049,15,14,0.454,19.105,1223,1049,137.121,11.236,1.659,0.603,0.716
1957,28,444.000,1052.571,21.556,440,1050,7,6,0.757,8.062,440,1051,150.255,6.000,1.428,0.700,0.778
1958,87,1167.603,1056.810,49.355,1163,1050,10,14,0.449,15.232,1163,1064,66.801,10.000,1.669,0.599,0.737
1959,117,1179.491,1058.833,64.426,1173,1050,13,18,0.354,20.248,1175,1051,122.905,12.355,1.864,0.536,0.699
1960,26,1265.346,1052.000,22.142,1261,1050,9,4,0.666,9.487,1261,1053,18.435,4.000,2.527,0.396,0.788
1961,35,995.500,1054.814,24.385,991,1051,9,7,0.740,9.849,991,1052,156.038,6.517,1.563,0.640,0.778
1962,45,1160.078,1055.767,27.556,1157,1051,7,10,0.745,10.630,1157,1052,131.186,6.548,1.699,0.589,0.826
1963,127,1278.020,1057.272,61.598,1270,1051,15,14,0.421,17.205,1271,1051,125.538,13.345,1.385,0.722,0.758
1964,29,544.190,1055.121,19.556,541,1052,7,6,0.953,8.602,541,1058,35.538,5.657,1.467,0.682,0.866
1965,51,553.853,1057.186,32.042,549,1052,11,10,0.624,12.530,549,1061,28.610,7.042,2.126,0.470,0.708
1966,47,946.266,1057.287,28.142,942,1052,8,9,0.746,10.817,942,1061,56.310,7.589,1.392,0.718,0.847
1967,64,966.375,1056.359,36.042,961,1052,11,9,0.619,12.042,961,1053,138.366,8.485,1.374,0.728,0.810
1968,43,1193.291,1057.895,35.213,1189,1052,8,13,0.436,15.264,1189,1065,58.392,6.044,2.809,0.356,0.647
1969,37,1217.527,1056.095,25.799,1214,1052,7,9,0.699,10.000,1214,1060,53.130,6.261,1.863,0.537,0.771
1970,36,823.694,1056.972,35.456,816,1053,14,7,0.360,14.560,816,1060,15.945,6.325,2.784,0.359,0.590
1971,57,1075.763,1057.026,44.870,1070,1053,11,11,0.356,12.530,1074,1064,61.390,10.733,1.147,0.872,0.637
1972,63,1200.611,1061.786,40.870,1197,1053,8,15,0.474,15.811,1198,1053,108.435,7.960,1.843,0.542,0.712
1973,50,1209.400,1056.440,36.385,1205,1053,9,8,0.475,10.630,1206,1060,41.186,8.000,1.229,0.814,0.781
1974,39,1288.936,1056.603,26.385,1285,1053,8,7,0.704,9.434,1285,1059,32.005,7.000,1.220,0.820,0.788
1975,66,1320.970,1056.682,34.385,1314,1053,13,8,0.701,13.928,1314,1059,21.038,7.761,2.037,0.491,0.825
1976,69,1352.543,1057.007,34.627,1346,1053,12,8,0.723,13.892,1346,1054,149.744,8.000,1.478,0.676,0.847
1977,36,982.889,1057.778,24.971,980,1054,7,8,0.726,8.944,980,1062,63.435,7.000,1.344,0.744,0.800
1978,25,1066.260,1056.900,20.728,1063,1054,7,5,0.731,7.810,1063,1059,39.806,4.903,1.707,0.586,0.820
1979,39,1240.731,1057.654,27.213,1237,1054,9,7,0.662,10.817,1237,1055,146.310,6.957,1.509,0.663,0.772
1980,51,497.578,1060.598,33.799,492,1055,10,11,0.561,14.866,492,1066,47.726,7.324,2.316,0.432,0.729
1981,35,769.214,1058.643,27.213,765,1055,9,8,0.594,11.402,765,1063,37.875,6.091,2.086,0.479,0.737
1982,41,882.207,1058.768,32.627,877,1055,10,10,0.484,12.806,877,1056,141.340,7.376,2.032,0.492,0.617
1983,30,927.067,1057.900,22.385,923,1055,9,6,0.752,9.487,923,1060,18.435,5.571,1.942,0.515,0.779
1984,40,990.775,1059.950,26.142,988,1055,6,10,0.736,11.662,988,1055,120.964,5.295,2.435,0.411,0.860
1985,31,1093.468,1057.468,24.728,1088,1055,10,5,0.637,11.180,1088,1055,153.435,5.000,2.538,0.394,0.775
1986,128,1340.062,1061.531,48.284,1331,1055,16,12,0.690,17.889,1331,1065,26.565,11.314,1.489,0.672,0.845
1987,147,1365.133,1063.255,67.598,1358,1055,18,16,0.404,18.974,1358,1069,18.435,15.037,1.308,0.765,0.728
1988,43,528.895,1064.709,35.213,525,1057,9,13,0.436,13.601,526,1057,107.103,7.155,2.417,0.414,0.637
1989,43,898.523,1060.942,40.042,892,1057,11,8,0.337,11.705,892,1061,160.017,8.000,1.268,0.789,0.614
1990,41,1258.256,1061.110,27.799,1254,1057,9,8,0.667,10.000,1255,1065,53.130,7.799,1.240,0.807,0.732
1991,53,620.047,1061.425,41.698,613,1058,14,7,0.383,14.866,613,1060,160.346,7.000,2.122,0.471,0.654
1992,38,1119.632,1063.474,29.799,1115,1058,8,11,0.538,13.038,1116,1069,57.529,5.936,2.908,0.344,0.691
1993,70,1157.429,1063.886,37.698,1152,1059,12,10,0.619,14.422,1152,1060,146.310,7.778,1.950,0.513,0.824
1994,59,829.500,1064.263,40.870,822,1060,15,7,0.444,15.297,822,1063,168.690,6.930,2.681,0.373,0.720
1995,44,965.841,1064.568,27.556,962,1060,8,9,0.728,10.630,962,1060,138.814,7.761,1.287,0.777,0.822
1996,32,1097.500,1063.375,22.971,1093,1060,8,7,0.762,8.944,1093,1065,26.565,6.641,1.472,0.679,0.780
1997,92,1309.609,1067.087,47.113,1304,1060,13,14,0.521,14.866,1307,1060,132.274,12.005,1.229,0.813,0.727
1998,97,1322.067,1065.160,58.184,1313,1060,18,12,0.360,18.028,1313,1061,176.820,11.792,1.437,0.696,0.674
1999,42,1386.762,1063.929,30.385,1382,1060,11,7,0.572,12.530,1382,1060,151.390,7.000,1.613,0.620,0.737
2000,58,1401.638,1064.741,42.527,1395,1060,13,9,0.403,15.811,1395,1069,34.695,8.356,2.268,0.441,0.699
2001,27,489.056,1065.315,22.971,486,1061,6,9,0.643,10.296,487,1061,119.055,4.457,2.981,0.335,0.761
2002,26,1141.615,1063.692,19.314,1138,1061,7,5,0.876,8.602,1138,1066,35.538,4.919,1.911,0.523,0.897
2003,50,1147.080,1066.680,32.042,1142,1061,10,10,0.612,10.770,1144,1071,68.199,8.043,1.453,0.688,0.725
2004,25,1225.940,1063.460,19.556,1222,1061,8,5,0.821,8.246,1222,1065,14.036,5.000,1.443,0.693,0.806
2005,52,1272.500,1066.000,34.627,1267,1061,12,9,0.545,12.649,1267,1063,161.565,8.427,1.598,0.626,0.693
2006,74,1288.811,1065.514,37.213,1282,1061,14,8,0.672,14.318,1282,1066,167.905,8.000,1.540,0.650,0.851
2007,57,956.167,1065.430,33.456,950,1062,12,8,0.640,12.166,950,1064,170.538,7.761,1.746,0.573,0.760
2008,49,977.745,1064.500,38.385,971,1062,16,5,0.418,16.279,971,1067,10.620,5.000,4.202,0.238,0.748
2009,37,1249.716,1066.635,27.799,1246,1062,8,10,0.602,11.180,1248,1072,63.435,6.091,2.247,0.445,0.712
2010,41,1353.476,1065.695,27.556,1349,1062,8,8,0.679,10.000,1349,1064,143.130,7.906,1.247,0.802,0.812
2011,45,936.633,1070.522,40.627,932,1063,7,15,0.343,15.133,936,1078,82.405,7.000,2.490,0.402,0.608
2012,66,945.485,1069.424,49.355,940,1063,12,11,0.340,14.866,942,1063,132.274,9.192,1.589,0.629,0.688
2013,61,1051.434,1069.713,42.870,1048,1064,9,15,0.417,15.524,1049,1079,75.069,9.000,1.708,0.586,0.659
2014,57,1208.096,1069.430,35.213,1204,1064,9,10,0.578,12.207,1205,1064,124.992,8.549,1.435,0.697,0.755
2015,25,868.700,1068.820,21.556,866,1065,6,8,0.676,8.944,868,1073,63.435,5.199,1.906,0.525,0.746
2016,29,1013.810,1068.603,26.142,1008,1065,9,6,0.533,10.296,1008,1071,29.055,6.000,1.768,0.566,0.716
2017,33,1129.864,1069.076,25.799,1127,1065,6,8,0.623,8.944,1129,1073,63.435,6.000,1.547,0.647,0.750
2018,78,1137.282,1072.564,56.184,1129,1065,14,13,0.311,16.279,1129,1078,42.510,12.821,1.313,0.762,0.561
2019,26,1176.654,1068.692,23.556,1173,1065,6,7,0.589,9.220,1173,1065,130.601,5.687,1.676,0.597,0.722
2020,25,1231.740,1067.340,22.728,1227,1065,8,5,0.608,8.944,1227,1069,26.565,5.000,2.038,0.491,0.746
2021,68,975.985,1072.515,46.527,970,1066,11,13,0.395,13.928,976,1079,68.962,11.000,1.349,0.741,0.651
2022,79,1154.728,1073.120,38.870,1150,1066,11,12,0.657,12.806,1153,1066,128.660,11.000,1.140,0.877,0.832
2023,26,551.538,1070.154,26.142,546,1067,11,5,0.478,11.402,546,1069,164.745,4.258,3.389,0.295,0.703
2024,37,1123.041,1070.338,24.728,1118,1067,9,6,0.760,9.487,1118,1070,161.565,6.000,1.383,0.723,0.860
2025,52,1388.423,1071.615,34.971,1384,1067,9,9,0.534,12.042,1384,1075,41.634,8.222,1.648,0.607,0.748
2026,31,495.306,1072.758,25.799,492,1068,6,10,0.585,11.180,492,1078,63.435,5.220,2.669,0.375,0.738
2027,43,668.477,1072.174,32.042,663,1068,11,7,0.526,11.705,663,1074,19.983,7.000,1.795,0.557,0.705
2028,32,1182.938,1071.656,20.728,1180,1068,6,7,0.936,9.220,1180,1068,130.601,5.657,1.697,0.589,0.914
2029,27,1336.907,1070.685,18.485,1334,1068,6,5,0.993,7.211,1334,1069,146.310,5.000,1.172,0.853,0.947
2030,35,563.671,1072.300,35.456,557,1069,13,6,0.350,13.928,557,1069,158.962,5.853,2.418,0.414,0.583
2031,25,831.500,1071.220,21.899,828,1069,9,4,0.655,9.487,828,1069,161.565,4.000,2.335,0.428,0.847
2032,64,861.625,1074.094,47.113,854,1069,14,10,0.362,15.811,855,1069,145.305,8.352,1.789,0.559,0.598
2033,26,872.308,1074.192,25.799,869,1069,6,10,0.491,11.180,869,1079,63.435,5.060,2.737,0.365,0.667
2034,27,1114.759,1072.981,22.971,1112,1069,6,7,0.643,8.062,1113,1069,119.745,6.000,1.457,0.687,0.761
2035,25,1352.540,1073.100,20.142,1350,1069,5,8,0.774,8.246,1351,1077,75.964,4.851,1.727,0.579,0.806
2036,25,728.140,1072.940,20.385,724,1070,8,6,0.756,8.602,724,1071,144.462,4.992,2.007,0.498,0.725
2037,53,964.425,1073.575,31.799,959,1070,11,7,0.659,12.083,959,1076,24.444,7.000,1.918,0.521,0.779
2038,43,654.942,1073.523,30.385,648,1071,13,6,0.585,13.601,648,1072,162.897,5.909,2.863,0.349,0.761
2039,33,718.318,1073.833,26.385,715,1071,8,7,0.596,10.630,715,1078,41.186,6.708,1.769,0.565,0.767
2040,29,1233.707,1074.052,22.971,1229,1071,9,6,0.691,10.296,1229,1072,150.945,5.270,2.282,0.438,0.784
2041,30,1361.733,1075.067,26.971,1357,1072,8,7,0.518,10.000,1357,1072,143.130,6.000,1.829,0.547,0.714
2042,31,675.694,1076.500,26.385,671,1073,10,6,0.560,10.440,671,1078,16.699,5.754,2.375,0.421,0.697
2043,30,1019.300,1075.767,28.142,1015,1073,11,6,0.476,12.083,1015,1079,24.444,4.707,2.818,0.355,0.674
