 ,Area,X,Y,Perim.,BX,BY,Width,Height,Circ.,Feret,FeretX,FeretY,FeretAngle,MinFeret,AR,Round,Solidity
1,47,1097.968,38.160,31.213,1094,34,9,9,0.606,10.817,1094,34,123.690,8.910,1.045,0.957,0.729
2,26,993.692,44.500,30.142,990,38,6,11,0.360,12.083,990,49,65.556,5.060,3.194,0.313,0.605
3,25,921.860,42.540,20.971,919,39,6,8,0.714,8.944,920,47,63.435,4.600,2.137,0.468,0.781
4,37,1105.257,43.635,28.627,1101,40,9,8,0.567,10.296,1101,41,150.945,7.600,1.576,0.634,0.698
5,26,1052.923,49.769,20.971,1050,47,7,6,0.743,7.616,1050,47,156.801,6.000,1.144,0.874,0.788
6,36,1075.750,59.889,32.627,1072,56,8,9,0.425,9.849,1074,65,66.038,8.000,1.427,0.701,0.632
7,25,837.100,66.700,21.556,833,63,7,7,0.676,9.899,833,63,135.000,4.950,2.269,0.441,0.769
8,42,1149.952,71.190,31.213,1144,67,10,8,0.542,10.770,1144,70,158.199,7.906,1.608,0.622,0.683
9,26,1158.000,71.308,18.971,1155,68,6,7,0.908,7.810,1156,68,129.806,5.367,1.596,0.626,0.812
10,26,1161.038,84.962,24.385,1158,80,5,9,0.549,9.487,1159,89,71.565,5.000,2.175,0.460,0.693
11,58,1168.966,90.103,45.799,1165,80,11,16,0.347,18.358,1166,80,119.358,8.222,2.570,0.389,0.558
12,58,1193.207,84.517,38.284,1187,80,12,10,0.497,13.416,1187,80,153.435,8.894,1.820,0.549,0.686
13,26,1202.154,84.654,22.142,1200,80,6,8,0.666,9.220,1200,80,130.601,5.400,1.881,0.532,0.812
14,36,1142.806,84.639,30.971,1136,82,13,5,0.472,13.601,1136,86,17.103,4.859,3.463,0.289,0.727
15,25,1179.420,89.780,22.385,1176,87,6,7,0.627,8.602,1176,87,125.538,6.000,1.422,0.703,0.746
16,32,1037.375,94.594,33.456,1034,88,7,11,0.359,12.530,1034,88,118.610,6.247,2.488,0.402,0.571
17,50,1163.880,97.680,37.799,1160,90,8,14,0.440,15.232,1160,90,113.199,7.649,2.359,0.424,0.637
18,25,1141.300,101.900,20.971,1138,99,7,7,0.714,7.280,1139,99,105.945,6.708,1.143,0.875,0.714
19,26,615.654,104.692,29.213,613,100,7,11,0.383,12.530,614,111,61.390,5.148,3.300,0.303,0.565
20,29,1161.052,104.914,23.213,1157,101,8,8,0.676,10.630,1158,101,131.186,4.243,3.031,0.330,0.784
21,43,1134.523,105.198,30.627,1130,102,10,7,0.576,11.662,1130,102,149.036,6.930,1.819,0.550,0.723
22,70,1156.314,114.857,44.284,1150,110,13,10,0.449,14.318,1150,110,155.225,10.000,1.278,0.782,0.648
23,30,1166.400,113.600,19.314,1164,110,5,7,1.000,8.062,1164,110,119.745,5.000,1.320,0.758,0.923
24,31,1210.952,117.984,26.042,1207,114,8,8,0.574,8.944,1207,120,26.565,6.656,1.541,0.649,0.674
25,33,1138.106,119.015,31.213,1133,117,11,6,0.426,11.402,1133,120,15.255,6.000,1.832,0.546,0.653
26,43,1131.407,125.012,33.799,1126,120,12,8,0.473,13.416,1126,121,153.435,6.574,2.337,0.428,0.667
27,37,1120.608,126.770,32.870,1114,122,12,10,0.430,14.422,1114,131,33.690,4.950,3.620,0.276,0.627
28,33,1153.318,125.924,34.627,1147,122,12,6,0.346,12.649,1147,124,161.565,5.909,2.736,0.365,0.617
29,29,1209.845,125.638,23.556,1207,122,7,7,0.657,9.220,1207,122,139.399,7.000,1.516,0.659,0.753
30,45,1212.500,132.278,40.042,1207,128,12,9,0.353,13.601,1208,137,36.027,6.868,2.144,0.466,0.612
31,27,1152.241,134.167,23.314,1150,129,4,10,0.624,10.198,1151,139,78.690,3.946,3.036,0.329,0.818
32,54,1267.000,139.704,36.627,1263,133,8,12,0.506,12.649,1266,133,108.435,8.000,1.647,0.607,0.688
33,28,1220.786,136.714,20.142,1217,134,8,5,0.867,9.434,1217,134,147.995,5.000,2.015,0.496,0.875
34,27,1158.907,137.352,28.142,1155,135,10,5,0.428,10.770,1155,140,21.801,5.000,2.635,0.380,0.684
35,32,1211.594,151.094,27.556,1205,149,12,5,0.530,12.369,1205,150,165.964,4.707,3.436,0.291,0.719
36,34,1208.118,160.529,30.385,1205,157,7,10,0.463,10.770,1207,167,68.199,6.740,1.521,0.658,0.648
37,26,1269.231,162.615,25.556,1265,159,7,8,0.500,9.220,1265,160,130.601,5.935,1.872,0.534,0.634
38,25,1288.180,162.860,22.385,1285,159,6,7,0.627,8.602,1286,166,54.462,6.000,1.553,0.644,0.735
39,62,1274.661,170.290,49.941,1269,160,11,17,0.312,20.248,1269,177,57.095,7.488,3.020,0.331,0.596
40,55,1193.864,167.973,35.799,1189,162,11,10,0.539,12.083,1189,172,24.444,9.799,1.375,0.728,0.692
41,37,1184.338,168.770,26.971,1181,163,7,9,0.639,10.296,1183,163,119.055,7.000,1.469,0.681,0.755
42,26,1238.538,169.962,26.385,1233,168,11,4,0.469,11.402,1233,172,15.255,4.000,3.295,0.303,0.667
43,74,1296.122,174.595,53.598,1288,168,14,12,0.324,15.811,1288,171,145.305,11.314,1.338,0.748,0.627
44,43,1317.802,174.593,42.284,1314,169,8,12,0.302,13.416,1315,169,116.565,8.000,1.522,0.657,0.566
45,32,1281.812,174.500,25.556,1277,171,8,7,0.616,9.220,1277,177,40.601,7.000,1.263,0.792,0.736
46,26,1176.000,177.731,26.142,1171,176,11,4,0.478,11.402,1171,179,15.255,4.000,3.614,0.277,0.732
47,64,1280.312,185.188,39.113,1276,179,9,12,0.526,14.422,1276,191,56.310,8.497,1.795,0.557,0.753
48,48,1294.146,183.792,33.213,1289,179,11,8,0.547,12.207,1290,180,145.008,8.000,1.724,0.580,0.716
49,39,1215.782,184.474,38.385,1208,182,16,5,0.333,16.279,1208,182,169.380,4.489,5.284,0.189,0.639
50,47,1343.138,186.564,38.870,1337,183,15,8,0.391,15.524,1337,189,14.931,7.428,2.444,0.409,0.614
51,46,1285.652,191.783,39.213,1278,186,14,9,0.376,14.142,1278,194,8.130,8.945,1.486,0.673,0.597
52,27,1298.574,191.611,25.799,1294,188,9,8,0.510,11.402,1294,188,142.125,4.950,2.811,0.356,0.651
53,41,1321.012,195.134,36.042,1318,190,7,10,0.397,10.817,1318,199,56.310,7.000,1.626,0.615,0.683
54,25,681.780,195.180,22.728,678,192,9,5,0.608,10.296,678,192,150.945,4.990,2.659,0.376,0.746
55,70,1267.129,199.371,35.799,1263,193,11,11,0.686,13.038,1263,194,147.529,9.899,1.504,0.665,0.795
56,55,891.536,197.427,34.042,886,194,12,9,0.596,12.369,886,195,165.964,9.000,1.601,0.625,0.748
57,30,987.833,197.233,20.728,984,195,8,5,0.877,8.944,984,199,26.565,5.000,1.714,0.583,0.896
58,41,1304.305,200.134,38.042,1300,195,7,11,0.356,11.402,1304,195,105.255,7.000,1.564,0.639,0.661
59,30,1312.367,197.833,22.142,1308,195,9,5,0.769,9.487,1308,200,18.435,5.000,2.187,0.457,0.822
60,26,906.769,198.923,25.556,901,197,11,4,0.500,11.180,901,198,169.695,4.000,2.854,0.350,0.722
61,28,616.643,202.464,20.385,613,199,7,7,0.847,8.062,613,204,29.745,5.657,1.554,0.644,0.789
62,54,1350.444,204.704,32.971,1346,200,10,10,0.624,12.806,1347,210,51.340,8.731,1.681,0.595,0.730
63,36,1322.750,204.417,25.799,1318,201,10,6,0.680,10.440,1318,203,163.301,6.000,2.053,0.487,0.758
64,50,1331.700,208.660,34.627,1328,202,7,13,0.524,13.601,1331,215,72.897,7.000,2.052,0.487,0.699
65,28,1204.000,205.000,19.314,1200,203,8,4,0.943,8.246,1200,204,165.964,4.000,1.908,0.524,0.933
66,28,1214.929,207.607,27.213,1211,203,7,9,0.475,10.817,1211,203,123.690,5.316,2.657,0.376,0.636
67,65,788.669,207.838,36.142,781,205,15,6,0.625,15.297,781,211,11.310,5.979,2.614,0.383,0.861
68,30,445.100,209.233,22.385,441,206,8,6,0.752,8.544,441,208,159.444,5.336,1.827,0.547,0.800
69,25,1311.180,208.820,30.627,1305,206,11,6,0.335,11.705,1305,207,160.017,5.830,2.420,0.413,0.538
70,131,934.813,212.225,70.527,920,207,28,10,0.331,29.120,920,209,164.055,9.010,3.585,0.279,0.732
71,99,1357.924,211.571,40.527,1351,207,14,11,0.757,14.866,1351,208,160.346,10.932,1.459,0.685,0.861
72,63,1273.452,212.056,43.941,1265,208,17,8,0.410,17.263,1265,210,169.992,7.376,2.794,0.358,0.643
73,72,954.694,216.014,43.113,949,209,13,12,0.487,15.620,952,209,129.806,10.077,1.768,0.566,0.706
74,40,1223.400,212.325,28.385,1218,209,10,6,0.624,11.180,1218,215,26.565,6.000,1.944,0.514,0.784
75,40,1323.300,212.300,29.213,1318,209,10,7,0.589,11.180,1318,211,153.435,6.788,1.874,0.534,0.708
76,53,732.028,212.670,29.314,726,210,11,6,0.775,11.705,726,212,160.017,6.000,2.040,0.490,0.906
77,25,1107.940,212.580,23.799,1103,210,9,5,0.555,9.220,1103,211,167.471,5.000,2.103,0.476,0.667
78,42,1258.429,214.262,28.627,1255,210,8,10,0.644,10.630,1256,220,48.814,7.426,1.359,0.736,0.750
79,38,1338.447,214.947,27.213,1334,211,9,7,0.645,9.220,1334,217,12.529,7.000,1.098,0.911,0.792
80,39,1309.038,215.603,38.042,1302,213,15,6,0.339,15.033,1302,215,176.186,6.000,2.490,0.402,0.582
81,49,742.500,217.520,35.213,736,214,14,7,0.497,15.232,736,221,23.199,6.276,2.940,0.340,0.737
82,84,1266.607,221.250,47.698,1259,214,13,13,0.464,14.318,1259,224,24.775,11.823,1.275,0.784,0.667
83,70,1285.057,218.343,41.213,1277,214,16,9,0.518,16.279,1277,217,169.380,8.974,1.975,0.506,0.690
84,92,1354.120,221.848,51.355,1347,215,16,12,0.438,17.493,1348,215,149.036,10.436,1.577,0.634,0.687
85,64,970.422,220.047,42.284,963,216,14,9,0.450,14.318,963,221,12.095,9.000,1.813,0.552,0.707
86,27,1156.241,219.574,22.971,1152,216,8,6,0.643,8.544,1152,219,159.444,6.000,1.458,0.686,0.720
87,65,980.146,222.992,37.456,975,217,10,11,0.582,12.083,979,217,114.444,9.944,1.208,0.828,0.783
88,48,1320.271,221.354,37.213,1313,217,12,11,0.436,14.213,1313,219,140.711,8.184,1.938,0.516,0.596
89,45,1330.078,221.300,35.456,1326,217,9,9,0.450,10.817,1326,217,123.690,8.627,1.193,0.838,0.698
90,57,1364.219,222.939,41.941,1360,217,8,14,0.407,15.232,1360,231,66.801,8.000,1.875,0.533,0.613
91,69,724.935,222.674,50.042,715,219,20,8,0.346,21.541,715,227,21.801,6.992,3.892,0.257,0.667
92,38,1126.316,224.053,30.870,1121,220,11,8,0.501,11.045,1121,223,174.806,7.799,1.415,0.707,0.650
93,82,1291.793,226.951,40.870,1287,221,11,13,0.617,13.601,1288,221,107.103,11.000,1.104,0.906,0.749
94,67,1314.410,227.336,41.113,1310,221,11,12,0.498,14.866,1310,221,137.726,9.899,1.383,0.723,0.709
95,40,1337.725,224.525,34.284,1333,221,10,9,0.428,10.770,1333,227,21.801,7.211,1.670,0.599,0.650
96,31,1306.500,225.339,24.142,1303,222,6,7,0.668,8.485,1303,223,135.000,6.000,1.371,0.729,0.838
97,38,988.316,226.237,22.728,985,223,7,7,0.924,8.602,985,229,35.538,7.000,1.210,0.826,0.874
98,28,1282.214,226.679,21.799,1279,223,7,7,0.740,8.602,1279,224,144.462,5.657,1.644,0.608,0.767
99,67,1115.201,230.948,52.870,1110,224,14,13,0.301,16.643,1110,224,147.265,11.180,1.394,0.717,0.545
100,39,1381.192,229.397,31.456,1375,226,11,7,0.495,11.402,1375,232,15.255,7.000,1.606,0.623,0.650
101,32,1353.281,230.406,23.213,1349,227,8,8,0.746,9.899,1349,228,135.000,5.600,1.734,0.577,0.771
102,49,1000.786,231.459,31.213,995,228,10,8,0.632,10.817,996,230,146.310,7.842,1.309,0.764,0.784
103,63,1206.595,235.071,45.355,1201,228,10,15,0.385,15.524,1202,243,75.069,9.868,1.700,0.588,0.553
104,71,1307.542,234.246,38.284,1301,228,13,11,0.609,15.264,1301,229,148.392,8.403,2.141,0.467,0.785
105,36,1010.278,233.028,26.385,1006,229,9,8,0.650,12.042,1006,237,41.634,5.657,2.496,0.401,0.774
106,99,1347.268,236.298,60.426,1341,229,13,14,0.341,15.264,1344,230,121.608,12.494,1.153,0.867,0.700
107,36,1271.806,233.083,28.385,1267,230,10,7,0.561,11.402,1268,237,37.875,5.909,2.282,0.438,0.699
108,61,1336.402,238.336,40.870,1332,231,9,15,0.459,15.811,1335,246,71.565,6.841,2.579,0.388,0.674
109,32,677.875,234.188,31.799,673,232,11,6,0.398,12.530,673,238,28.610,5.618,2.738,0.365,0.646
110,44,1319.409,237.068,33.799,1315,232,8,11,0.484,12.207,1315,233,124.992,7.649,1.795,0.557,0.647
111,28,1107.857,236.429,20.971,1104,233,8,6,0.800,8.544,1104,235,159.444,5.316,1.900,0.526,0.800
112,27,1300.611,238.093,22.385,1298,234,6,8,0.677,8.544,1299,242,69.444,5.199,1.941,0.515,0.740
113,34,1376.706,237.235,23.213,1372,234,9,7,0.793,9.487,1372,236,161.565,5.814,1.750,0.571,0.800
114,33,683.621,238.045,26.971,678,235,11,6,0.570,12.083,678,240,24.444,4.427,3.340,0.299,0.795
115,48,1215.750,240.354,32.042,1211,235,9,12,0.588,13.000,1213,235,112.620,6.678,2.164,0.462,0.706
116,43,1266.267,240.453,32.042,1262,235,9,10,0.526,12.207,1263,235,124.992,7.488,2.009,0.498,0.677
117,71,1278.880,239.218,46.870,1271,235,15,9,0.406,15.811,1271,241,18.435,8.344,2.370,0.422,0.670
118,34,1021.294,240.294,27.213,1017,237,8,7,0.577,8.246,1017,239,165.964,6.957,1.158,0.864,0.773
119,32,672.750,242.750,27.799,668,239,10,8,0.520,11.662,668,247,30.964,5.814,2.646,0.378,0.696
120,72,1030.778,243.861,42.284,1024,239,15,10,0.506,15.524,1024,245,14.931,8.944,1.631,0.613,0.699
121,30,1327.667,242.200,24.385,1324,239,8,6,0.634,8.602,1325,240,144.462,6.000,1.263,0.792,0.750
122,43,1210.942,244.756,24.971,1208,240,7,9,0.867,9.849,1209,240,113.962,7.000,1.320,0.757,0.860
123,32,1375.562,243.469,22.385,1372,240,8,7,0.803,8.944,1372,241,153.435,6.708,1.207,0.828,0.780
124,29,1302.362,247.638,24.385,1299,243,7,9,0.613,10.630,1299,244,131.186,4.472,2.746,0.364,0.753
125,29,1166.741,247.431,26.042,1163,244,8,8,0.537,8.944,1166,252,63.435,6.708,1.581,0.632,0.652
126,25,1226.860,249.300,26.385,1223,244,7,10,0.451,12.207,1223,254,55.008,3.944,4.317,0.232,0.658
127,50,1257.960,251.880,38.627,1254,244,7,14,0.421,14.560,1255,258,74.055,7.000,2.379,0.420,0.671
128,31,661.242,248.532,29.213,656,245,11,8,0.456,13.601,656,253,36.027,4.472,4.178,0.239,0.681
129,50,1010.640,248.840,25.556,1007,245,8,8,0.962,9.434,1007,252,32.005,8.000,1.111,0.900,0.909
130,38,1351.684,249.289,30.627,1347,245,8,10,0.509,12.207,1348,245,124.992,6.658,2.151,0.465,0.704
131,100,804.930,251.880,36.870,799,246,12,12,0.924,12.649,802,246,108.435,11.963,1.042,0.959,0.889
132,25,1360.620,250.460,29.213,1358,246,7,10,0.368,10.296,1359,256,60.945,6.472,2.422,0.413,0.538
133,48,1379.208,249.625,29.799,1374,246,11,7,0.679,12.530,1374,252,28.610,6.871,2.065,0.484,0.793
134,46,1386.022,252.391,31.213,1381,246,8,11,0.593,11.662,1382,256,59.036,7.844,1.656,0.604,0.742
135,25,1265.860,250.300,19.556,1262,247,7,6,0.821,7.280,1262,250,164.055,6.000,1.207,0.828,0.769
136,79,1395.639,255.791,50.770,1391,247,10,18,0.385,18.248,1397,265,80.538,9.939,1.950,0.513,0.612
137,27,1321.944,253.648,29.213,1318,250,8,6,0.398,9.434,1318,251,147.995,6.000,1.776,0.563,0.675
138,31,649.565,254.661,29.213,644,251,11,8,0.456,13.601,644,259,36.027,4.116,4.360,0.229,0.705
139,28,1287.857,255.750,24.971,1286,251,4,9,0.564,9.849,1286,260,66.038,4.000,2.467,0.405,0.800
140,54,1275.796,255.370,37.213,1269,252,14,8,0.490,15.652,1269,260,26.565,6.957,2.817,0.355,0.688
141,44,1083.841,258.477,32.627,1080,253,9,11,0.519,12.042,1080,264,41.634,8.004,1.614,0.620,0.688
142,66,1377.152,259.652,39.456,1372,254,9,12,0.533,14.422,1372,254,123.690,7.967,1.959,0.511,0.772
143,77,1368.500,262.552,55.355,1361,256,14,12,0.316,14.560,1361,263,164.055,11.700,1.191,0.840,0.650
144,30,1358.667,260.233,27.213,1355,257,8,7,0.509,8.944,1355,262,26.565,6.576,1.607,0.622,0.667
145,33,1385.470,261.197,28.971,1381,257,11,7,0.494,11.402,1381,259,164.745,6.708,2.109,0.474,0.641
146,143,824.451,266.381,49.698,818,258,13,17,0.728,19.723,819,258,120.466,10.914,1.869,0.535,0.851
147,36,610.222,266.389,26.971,607,262,7,10,0.622,11.180,608,272,63.435,5.357,2.588,0.386,0.800
148,27,1074.537,265.093,18.971,1071,262,7,6,0.943,7.616,1071,264,156.801,5.814,1.340,0.746,0.818
149,70,1283.957,266.857,45.799,1276,262,15,9,0.419,15.811,1276,269,18.435,8.344,1.906,0.525,0.673
150,62,1352.290,267.452,36.042,1346,262,12,10,0.600,13.416,1346,271,26.565,9.171,1.562,0.640,0.747
151,34,1307.235,267.059,22.971,1304,263,7,7,0.810,8.062,1306,263,119.745,7.000,1.268,0.789,0.840
152,26,1316.462,267.038,23.799,1313,263,8,8,0.577,11.314,1313,271,45.000,4.243,3.384,0.295,0.743
153,62,1412.032,271.000,44.527,1407,264,9,14,0.393,16.125,1408,278,60.255,8.713,2.173,0.460,0.593
154,29,1182.017,268.431,26.142,1176,266,11,5,0.533,11.402,1176,267,164.745,5.000,2.621,0.382,0.744
155,114,853.763,283.360,64.971,851,267,6,29,0.339,29.155,853,267,95.906,5.885,5.254,0.190,0.829
156,71,1089.190,273.232,44.870,1082,267,17,11,0.443,17.720,1082,270,163.610,8.944,2.384,0.419,0.620
157,35,1361.957,269.986,26.971,1358,267,7,7,0.605,8.602,1359,267,125.538,7.000,1.077,0.929,0.814
158,43,1401.802,272.267,36.284,1397,267,11,10,0.410,11.705,1397,275,19.983,8.963,1.257,0.795,0.614
159,28,1078.143,271.214,19.556,1075,268,6,7,0.920,7.280,1078,275,74.055,6.000,1.132,0.884,0.836
160,44,1152.318,272.023,27.556,1149,268,7,10,0.728,10.770,1149,268,111.801,6.641,1.645,0.608,0.854
161,121,1236.905,276.426,62.669,1230,268,16,16,0.387,17.464,1230,281,23.629,12.893,1.341,0.746,0.691
162,81,610.969,277.142,53.841,602,270,20,14,0.351,21.954,603,282,30.069,7.546,4.336,0.231,0.645
163,36,839.806,272.806,23.314,835,270,9,5,0.832,9.849,835,275,23.962,5.000,1.965,0.509,0.900
164,44,1274.795,275.341,28.385,1270,270,8,10,0.686,10.770,1273,280,68.199,8.000,1.295,0.772,0.759
165,37,1286.932,274.797,28.627,1282,270,10,9,0.567,11.180,1282,277,26.565,5.824,2.396,0.417,0.685
166,84,630.048,279.310,41.213,626,271,8,17,0.621,17.720,627,271,106.390,7.562,2.555,0.391,0.853
167,36,1146.000,274.806,22.142,1143,271,7,7,0.923,9.220,1143,271,130.601,6.364,1.515,0.660,0.911
168,27,1355.019,273.907,20.142,1352,271,6,7,0.836,7.616,1354,278,66.801,6.000,1.327,0.753,0.831
169,42,1158.143,277.500,36.042,1152,272,11,11,0.406,14.213,1152,282,39.289,6.091,2.867,0.349,0.622
170,27,1302.722,274.278,26.728,1297,273,12,4,0.475,12.166,1297,273,170.538,4.000,3.700,0.270,0.740
171,68,1347.471,277.426,32.971,1341,273,11,9,0.786,12.530,1341,275,151.390,9.000,1.357,0.737,0.866
172,37,1362.122,280.203,35.456,1359,274,6,14,0.370,14.560,1361,274,105.945,5.572,3.169,0.316,0.617
173,47,1372.713,277.713,30.627,1368,274,10,8,0.630,10.198,1368,276,168.690,8.000,1.229,0.814,0.770
174,64,1421.656,283.016,51.355,1414,278,15,12,0.305,19.209,1414,278,141.340,8.433,3.012,0.332,0.615
175,42,1340.548,283.143,35.213,1335,279,12,7,0.426,12.369,1335,282,165.964,7.000,1.647,0.607,0.683
176,55,1398.882,283.773,40.284,1391,279,15,10,0.426,15.811,1391,285,18.435,8.913,2.145,0.466,0.601
177,85,1157.735,286.606,47.698,1151,280,13,12,0.469,16.401,1151,292,37.569,10.346,2.024,0.494,0.697
178,58,597.897,286.655,37.698,591,281,13,12,0.513,15.620,592,293,50.194,7.071,2.958,0.338,0.686
179,39,686.577,284.218,23.556,682,281,9,6,0.883,9.849,682,287,23.962,6.000,1.547,0.647,0.886
180,42,1103.762,288.262,32.042,1099,284,9,9,0.514,9.487,1101,284,108.435,8.171,1.152,0.868,0.712
181,39,1289.962,289.731,26.627,1286,286,8,8,0.691,8.944,1289,294,63.435,7.845,1.205,0.830,0.765
182,29,1319.638,290.776,27.799,1317,287,6,9,0.472,10.296,1317,287,119.055,6.000,2.056,0.486,0.637
183,30,1344.467,290.300,23.556,1341,287,6,8,0.679,8.602,1341,288,125.538,6.000,1.487,0.673,0.789
184,69,688.935,292.036,29.556,684,288,10,8,0.993,11.180,684,295,26.565,8.000,1.242,0.805,0.945
185,116,1091.991,298.810,49.314,1089,288,6,21,0.599,21.587,1089,309,76.608,6.000,3.477,0.288,0.963
186,61,1405.025,292.025,35.799,1400,288,11,8,0.598,12.806,1401,288,141.340,8.000,1.331,0.752,0.830
187,54,1395.833,294.593,30.385,1393,289,6,11,0.735,11.705,1394,289,109.983,6.000,1.973,0.507,0.885
188,39,1387.756,295.808,26.385,1384,291,7,9,0.704,9.487,1388,291,108.435,7.000,1.172,0.854,0.788
189,63,582.214,299.230,45.598,576,292,15,15,0.381,20.518,576,307,43.025,6.364,4.000,0.250,0.685
190,25,1211.540,294.780,26.385,1207,292,7,7,0.451,9.220,1207,292,139.399,6.517,1.466,0.682,0.676
191,28,1336.821,294.821,22.728,1333,293,9,4,0.681,9.487,1333,297,18.435,4.000,2.395,0.418,0.875
192,64,1126.812,304.078,36.627,1123,296,7,15,0.599,15.297,1124,296,101.310,6.976,2.495,0.401,0.766
193,31,1364.371,299.371,24.385,1360,296,8,8,0.655,9.220,1360,298,139.399,6.102,1.540,0.649,0.721
194,139,1399.147,302.601,69.255,1387,296,24,13,0.364,24.739,1387,307,14.036,10.436,3.138,0.319,0.686
195,42,1415.619,301.762,41.113,1411,296,9,10,0.312,11.402,1412,296,127.875,9.000,1.211,0.826,0.528
196,44,1425.750,303.045,37.698,1421,296,8,12,0.389,13.416,1422,308,63.435,7.310,2.288,0.437,0.642
197,37,854.122,302.203,26.485,852,297,4,10,0.663,10.770,852,297,111.801,4.000,2.624,0.381,0.925
198,85,1098.359,307.876,45.799,1095,298,6,19,0.509,19.647,1096,298,104.744,6.000,3.511,0.285,0.842
199,76,1337.118,304.566,47.113,1332,298,13,14,0.430,15.811,1332,310,34.695,10.464,1.558,0.642,0.639
200,47,1255.309,300.968,38.971,1249,299,16,5,0.389,16.763,1249,304,17.354,5.000,4.123,0.243,0.729
201,90,1368.278,307.667,52.770,1360,302,15,11,0.406,15.811,1360,309,18.435,10.823,1.483,0.674,0.698
202,104,751.519,310.913,45.456,745,303,12,15,0.633,17.000,747,318,61.928,10.304,1.960,0.510,0.788
203,43,1260.663,307.174,38.284,1256,303,10,9,0.369,10.817,1258,303,123.690,8.379,1.181,0.847,0.632
204,71,1324.415,307.415,47.698,1319,303,12,10,0.392,13.416,1319,304,153.435,10.000,1.363,0.734,0.755
205,27,1343.944,307.722,20.728,1341,304,5,8,0.790,8.602,1341,305,125.538,5.000,1.658,0.603,0.844
206,91,566.181,312.159,47.598,559,305,16,15,0.505,21.260,559,319,41.186,7.071,3.193,0.313,0.784
207,48,1379.667,310.000,29.213,1374,307,11,7,0.707,11.705,1374,308,160.017,6.957,2.115,0.473,0.793
208,32,1397.031,309.781,26.385,1392,307,10,6,0.578,11.662,1392,313,30.964,5.425,2.320,0.431,0.753
209,47,854.862,315.181,32.728,853,308,4,14,0.551,14.318,853,308,102.095,4.000,3.545,0.282,0.904
210,53,1092.425,315.670,29.071,1090,310,5,11,0.788,12.083,1090,310,114.444,5.000,2.207,0.453,0.981
211,43,1256.244,316.291,34.042,1250,311,12,10,0.466,15.000,1250,321,36.870,6.400,2.848,0.351,0.606
212,32,1361.719,314.438,22.142,1358,311,7,7,0.820,9.899,1358,311,135.000,6.000,1.925,0.520,0.821
213,47,1426.138,316.309,34.042,1421,311,9,10,0.510,11.402,1423,311,127.875,8.910,1.323,0.756,0.667
214,41,1331.744,314.890,24.627,1327,312,9,7,0.849,9.487,1327,313,161.565,7.000,1.438,0.696,0.828
215,40,1368.975,317.825,23.314,1366,314,6,8,0.925,9.434,1366,314,122.005,6.000,1.522,0.657,0.920
216,53,1401.462,316.689,43.698,1394,314,15,6,0.349,15.524,1394,316,165.069,6.000,2.930,0.341,0.697
217,119,1434.660,323.290,47.314,1431,314,7,18,0.668,19.313,1431,332,68.749,7.000,2.606,0.384,0.967
218,37,1387.581,321.608,31.213,1383,317,9,9,0.477,11.402,1383,325,37.875,6.364,2.263,0.442,0.649
219,78,1099.205,326.756,40.971,1096,318,6,17,0.584,17.263,1098,318,100.008,6.000,3.148,0.318,0.862
220,27,1312.981,322.537,26.971,1309,318,7,10,0.466,10.770,1310,318,111.801,4.919,2.879,0.347,0.621
221,29,540.776,321.741,26.627,536,319,10,6,0.514,10.440,536,324,16.699,5.494,2.413,0.414,0.644
222,27,1321.204,323.944,27.799,1318,319,6,10,0.439,11.180,1319,329,63.435,5.376,2.769,0.361,0.628
223,65,1361.392,323.900,51.598,1353,319,18,9,0.307,18.439,1353,322,167.471,8.004,2.876,0.348,0.578
224,89,551.399,326.702,49.012,544,320,16,16,0.466,21.260,544,335,41.186,7.071,3.172,0.315,0.802
225,89,1424.624,327.590,51.113,1416,321,14,14,0.428,17.205,1416,331,35.538,12.728,1.248,0.801,0.659
226,89,1091.803,330.983,43.314,1089,322,6,18,0.596,18.439,1090,322,102.529,6.000,3.412,0.293,0.904
227,52,855.962,330.962,33.314,854,323,4,15,0.589,15.133,855,323,97.595,4.000,3.498,0.286,0.937
228,67,1408.127,328.097,38.627,1401,323,13,9,0.564,15.264,1401,331,31.608,8.928,1.786,0.560,0.744
229,27,1237.167,329.833,27.314,1232,328,12,4,0.455,12.649,1232,332,18.435,3.452,4.202,0.238,0.750
230,77,709.630,335.851,34.627,705,329,9,13,0.807,13.601,708,329,107.103,8.222,1.781,0.562,0.860
231,32,1331.156,332.719,32.627,1326,329,12,8,0.378,13.892,1326,336,30.256,5.706,3.205,0.312,0.577
232,56,1372.446,336.250,42.870,1365,329,14,11,0.383,15.811,1365,339,34.695,8.438,2.242,0.446,0.593
233,30,766.767,335.400,20.142,764,332,6,7,0.929,7.280,765,332,105.945,6.000,1.133,0.883,0.857
234,26,1345.231,335.000,22.142,1341,332,7,7,0.666,8.485,1341,333,135.000,6.091,1.424,0.702,0.743
235,29,1402.879,335.466,23.556,1400,332,6,7,0.657,8.602,1401,339,54.462,6.000,1.149,0.870,0.773
236,43,1421.919,336.965,30.042,1418,332,8,9,0.599,10.817,1419,332,123.690,7.234,1.639,0.610,0.741
237,40,1307.625,335.825,31.314,1302,333,12,6,0.513,13.000,1302,339,22.620,6.000,2.919,0.343,0.714
238,35,1353.757,337.443,37.213,1350,333,7,11,0.318,12.083,1351,333,114.444,7.000,1.676,0.597,0.583
239,127,1435.028,342.634,57.213,1429,333,10,20,0.488,21.541,1430,333,111.801,10.000,2.908,0.344,0.738
240,70,536.243,342.729,42.770,530,335,14,15,0.481,19.105,530,349,42.879,6.303,3.941,0.254,0.749
241,46,1099.196,340.087,28.728,1096,335,6,10,0.700,11.662,1096,335,120.964,6.000,1.795,0.557,0.860
242,26,1340.962,339.385,19.556,1337,337,8,5,0.854,8.246,1337,338,165.964,4.851,1.819,0.550,0.812
243,62,1162.258,342.613,33.456,1156,338,12,10,0.696,13.000,1156,341,157.380,8.026,1.689,0.592,0.790
244,25,1312.980,341.140,23.556,1308,338,8,6,0.566,8.944,1308,342,26.565,5.571,1.742,0.574,0.714
245,56,1379.750,343.661,35.799,1376,339,10,11,0.549,12.207,1378,350,55.008,9.300,1.373,0.729,0.718
246,102,1347.510,348.265,58.184,1343,340,12,17,0.379,17.464,1344,357,76.759,12.000,1.704,0.587,0.701
247,130,1091.892,352.100,56.385,1088,341,8,23,0.514,23.537,1089,364,77.735,8.000,3.643,0.274,0.841
248,45,1258.522,345.189,38.284,1252,341,13,7,0.386,13.928,1252,347,21.038,6.529,2.343,0.427,0.625
249,28,1288.964,343.429,24.971,1285,341,8,6,0.564,8.944,1285,345,26.565,6.000,1.458,0.686,0.737
250,27,1393.056,343.759,20.728,1389,341,7,6,0.790,7.810,1389,342,140.194,6.000,1.088,0.919,0.806
251,28,1362.964,345.250,22.971,1359,342,7,7,0.667,7.810,1359,344,140.194,6.864,1.193,0.838,0.767
252,30,1369.367,345.667,24.728,1366,342,7,7,0.617,9.220,1366,349,40.601,6.791,1.497,0.668,0.750
253,32,1209.188,347.906,26.385,1205,345,9,7,0.578,10.296,1205,352,29.055,6.174,1.739,0.575,0.703
254,28,1398.500,348.321,20.971,1396,345,6,7,0.800,8.062,1396,345,119.745,6.000,1.387,0.721,0.800
255,38,1287.474,350.342,30.627,1281,347,12,6,0.509,12.649,1281,352,18.435,5.093,3.093,0.323,0.724
256,51,1384.775,353.696,29.799,1381,349,8,10,0.722,11.662,1382,349,120.964,8.000,1.330,0.752,0.791
257,47,855.521,360.457,37.314,853,350,5,16,0.424,16.279,855,350,100.620,5.000,3.108,0.322,0.777
258,47,1307.309,354.521,26.385,1303,351,9,8,0.848,10.296,1303,351,150.945,7.845,1.348,0.742,0.839
259,31,1337.371,355.887,23.213,1333,352,9,7,0.723,10.817,1333,353,146.310,4.685,2.700,0.370,0.795
260,69,1098.848,359.833,32.728,1096,353,6,13,0.810,13.601,1097,353,107.103,6.000,2.161,0.463,0.952
261,34,1433.882,355.912,25.314,1428,354,11,4,0.667,11.180,1428,357,10.305,4.000,2.496,0.401,0.883
262,86,741.628,362.419,37.456,737,356,10,14,0.770,15.232,739,370,66.801,8.875,1.961,0.510,0.843
263,43,1379.174,362.453,36.284,1373,358,11,11,0.410,11.705,1373,363,19.983,9.803,1.345,0.744,0.570
264,57,1280.026,364.289,36.042,1275,359,9,13,0.551,13.342,1278,359,102.995,8.549,1.694,0.590,0.699
265,137,1435.047,370.208,56.385,1431,359,8,22,0.542,22.804,1433,359,105.255,8.000,3.356,0.298,0.840
266,64,1272.891,368.125,41.456,1269,360,10,13,0.468,13.892,1272,360,120.256,10.000,1.357,0.737,0.699
267,50,1386.260,365.320,38.870,1381,360,11,11,0.416,12.207,1384,361,124.992,10.304,1.275,0.784,0.571
268,41,1416.500,365.939,27.799,1413,361,8,9,0.667,9.487,1414,361,108.435,8.000,1.174,0.852,0.739
269,30,1424.033,366.067,23.314,1422,361,4,10,0.694,10.440,1423,371,73.301,4.000,2.693,0.371,0.870
270,25,1263.660,366.020,22.971,1260,362,6,8,0.595,8.485,1260,368,45.000,6.000,1.433,0.698,0.714
271,28,1361.286,367.893,25.799,1358,364,7,9,0.529,11.402,1358,373,52.125,5.199,2.410,0.415,0.718
272,122,1091.828,378.008,62.971,1089,365,6,27,0.387,27.459,1089,365,100.491,6.000,5.230,0.191,0.836
273,29,1377.086,370.638,28.042,1372,366,9,9,0.463,12.042,1372,366,131.634,4.800,2.933,0.341,0.659
274,40,1407.175,371.875,34.870,1402,366,10,12,0.413,13.454,1402,366,131.987,6.261,2.590,0.386,0.611
275,78,856.551,375.000,38.485,854,367,5,16,0.662,16.492,855,367,104.036,5.000,3.173,0.315,0.987
276,76,1187.461,371.329,38.627,1181,367,14,10,0.640,14.866,1181,372,19.654,9.066,1.548,0.646,0.776
277,26,1367.192,369.923,28.627,1364,367,7,7,0.399,9.220,1365,374,49.399,6.708,1.245,0.803,0.619
278,28,1295.821,370.750,24.971,1292,368,8,7,0.564,9.434,1292,374,32.005,6.261,1.694,0.590,0.667
279,82,1318.171,373.646,38.284,1312,369,13,10,0.703,13.892,1312,369,149.744,9.371,1.619,0.618,0.824
280,44,1007.773,378.136,35.799,1005,370,7,14,0.431,14.560,1008,370,105.945,6.306,2.835,0.353,0.633
281,97,1014.706,376.799,36.042,1009,371,11,12,0.938,13.454,1010,372,131.987,9.899,1.305,0.766,0.919
282,28,1418.964,374.143,20.385,1415,371,8,6,0.847,8.544,1415,376,20.556,6.000,1.492,0.670,0.789
283,26,1426.692,377.038,20.971,1423,374,7,6,0.743,8.062,1423,375,150.255,5.657,1.654,0.605,0.800
284,48,1329.667,380.812,42.284,1325,375,11,12,0.337,16.279,1325,375,132.510,7.603,2.386,0.419,0.552
285,64,653.562,380.250,28.971,649,376,9,9,0.958,10.630,650,376,131.186,8.944,1.138,0.879,0.914
286,109,1193.812,382.757,45.113,1187,376,13,15,0.673,17.804,1188,376,128.157,9.985,2.191,0.456,0.820
287,71,1344.387,381.204,51.941,1336,377,17,10,0.331,17.263,1336,382,10.008,10.000,1.961,0.510,0.599
288,37,1296.203,381.473,32.870,1290,378,12,7,0.430,12.649,1290,381,161.565,6.736,2.293,0.436,0.592
289,71,493.669,384.387,42.627,485,379,16,10,0.491,17.889,485,387,26.565,6.690,3.291,0.304,0.714
290,58,1416.190,383.345,35.456,1410,380,12,8,0.580,13.416,1410,387,26.565,8.000,1.574,0.635,0.748
291,53,1355.538,385.104,30.385,1351,381,9,8,0.721,11.402,1351,388,37.875,8.000,1.541,0.649,0.841
292,79,1434.816,388.677,38.385,1430,382,8,13,0.674,13.892,1431,394,59.744,8.000,1.837,0.544,0.854
293,35,1026.671,386.471,26.385,1021,383,10,7,0.632,11.180,1021,383,153.435,6.181,2.079,0.481,0.722
294,38,1287.368,386.947,29.213,1282,383,9,8,0.560,10.296,1282,384,150.945,7.603,1.379,0.725,0.697
295,43,856.360,388.523,26.485,854,384,5,10,0.770,10.770,854,384,111.801,5.000,2.119,0.472,0.925
296,43,1256.802,388.872,37.456,1251,384,9,9,0.385,10.817,1251,392,33.690,8.944,1.298,0.770,0.662
297,32,1276.375,386.812,30.385,1273,384,8,8,0.436,11.314,1273,392,45.000,7.766,1.569,0.637,0.615
298,46,1422.761,391.283,40.042,1416,387,13,7,0.361,13.153,1416,391,171.254,7.000,1.699,0.589,0.657
299,49,482.990,393.092,26.142,480,388,6,10,0.901,10.770,481,398,68.199,6.000,1.519,0.659,0.916
300,33,1330.955,392.924,29.213,1328,389,7,9,0.486,11.402,1328,398,52.125,6.864,1.515,0.660,0.695
301,28,1344.464,393.893,22.728,1342,389,5,8,0.681,9.434,1342,389,122.005,5.000,1.608,0.622,0.789
302,57,1364.044,393.412,36.042,1359,389,11,9,0.551,13.038,1359,397,32.471,8.549,1.808,0.553,0.726
303,73,634.240,400.295,43.799,631,390,6,19,0.478,19.235,633,390,98.973,6.000,3.933,0.254,0.807
304,88,1203.011,395.102,44.527,1196,390,15,11,0.558,15.133,1196,392,172.405,11.000,1.363,0.734,0.762
305,81,1314.290,396.500,49.941,1308,390,14,13,0.408,16.125,1308,393,150.255,11.067,1.577,0.634,0.645
306,34,1353.353,393.441,21.899,1350,390,6,7,0.891,8.485,1350,396,45.000,6.000,1.103,0.906,0.895
307,38,1382.211,393.211,28.627,1378,390,9,7,0.583,10.296,1378,390,150.945,7.000,1.742,0.574,0.717
308,31,724.823,395.565,21.314,722,392,5,8,0.858,9.434,722,392,122.005,5.000,1.889,0.529,0.912
309,66,1091.500,400.773,40.971,1089,392,5,18,0.494,18.248,1090,392,99.462,5.000,3.870,0.258,0.841
310,28,1401.429,395.214,23.556,1398,392,7,8,0.634,10.000,1399,400,53.130,5.657,2.363,0.423,0.737
311,98,736.520,399.439,43.456,731,393,12,14,0.652,16.643,734,407,57.265,10.490,1.776,0.563,0.810
312,41,1377.744,399.963,27.799,1374,394,7,10,0.667,10.770,1376,394,111.801,7.000,1.365,0.733,0.781
313,108,856.926,406.204,50.728,854,395,6,22,0.527,22.361,855,395,100.305,6.000,3.782,0.264,0.908
314,98,1435.204,404.500,47.556,1431,396,7,18,0.545,18.974,1432,396,108.435,7.000,3.140,0.319,0.845
315,47,491.904,402.138,36.870,487,397,9,12,0.434,13.601,487,408,53.973,7.452,2.459,0.407,0.627
316,25,1346.060,400.300,19.314,1342,398,7,5,0.842,7.616,1342,401,23.199,5.000,1.384,0.723,0.847
317,37,1386.041,402.149,24.971,1382,398,8,8,0.746,10.630,1383,406,48.814,6.261,1.998,0.500,0.804
318,51,1331.304,403.912,36.042,1325,399,13,9,0.493,13.153,1325,404,171.254,8.825,1.227,0.815,0.654
319,83,1208.970,404.849,37.799,1203,400,11,11,0.730,13.038,1207,411,57.529,10.543,1.071,0.934,0.860
320,25,1231.060,403.860,21.799,1227,400,8,7,0.661,10.000,1227,400,143.130,4.715,2.820,0.355,0.735
321,42,1309.690,404.405,33.213,1304,401,11,9,0.478,11.402,1305,401,127.875,8.384,1.381,0.724,0.656
322,34,1426.794,403.735,26.142,1423,401,7,7,0.625,9.220,1424,401,130.601,7.000,1.287,0.777,0.782
323,84,1409.107,409.738,40.627,1405,403,9,13,0.640,14.422,1405,415,56.310,9.000,1.423,0.703,0.800
324,129,1398.593,412.368,56.527,1390,404,14,17,0.507,21.401,1391,421,52.595,12.474,1.813,0.552,0.779
325,68,1417.706,415.132,47.456,1415,404,6,20,0.379,20.100,1416,404,95.711,6.000,3.654,0.274,0.723
326,41,1337.085,412.085,32.042,1332,407,10,10,0.502,11.180,1332,410,153.435,8.321,1.571,0.637,0.612
327,41,484.646,414.476,36.870,481,409,8,11,0.379,13.601,481,420,53.973,7.211,1.945,0.514,0.641
328,67,802.933,415.321,30.627,798,410,10,10,0.898,11.402,798,418,37.875,8.944,1.364,0.733,0.865
329,79,1214.449,415.753,38.627,1208,410,12,11,0.665,15.000,1208,412,143.130,9.391,1.730,0.578,0.806
330,45,1092.433,416.989,27.314,1090,411,5,11,0.758,11.402,1091,411,105.255,5.000,2.222,0.450,0.909
331,50,1366.140,415.080,37.213,1360,411,14,8,0.454,14.318,1360,413,167.905,7.159,2.414,0.414,0.641
332,54,1386.907,417.259,37.698,1383,412,8,13,0.477,13.416,1385,425,63.435,8.000,2.034,0.492,0.675
333,38,1425.289,416.132,25.799,1422,412,7,8,0.717,10.000,1423,412,126.870,6.364,1.705,0.587,0.817
334,76,584.671,419.079,31.556,580,414,9,10,0.959,12.207,581,424,55.008,9.000,1.261,0.793,0.938
335,33,1356.348,417.439,25.213,1352,414,9,7,0.652,10.630,1352,414,138.814,5.814,2.264,0.442,0.733
336,26,1377.423,417.538,22.728,1373,414,7,6,0.633,9.220,1373,420,40.601,6.000,1.630,0.613,0.765
337,84,1434.655,421.536,47.456,1430,414,8,15,0.469,16.553,1430,414,115.017,8.000,1.996,0.501,0.781
338,48,1275.896,419.854,36.627,1270,415,12,11,0.450,15.620,1270,426,39.806,6.656,2.969,0.337,0.649
339,71,472.303,421.782,38.042,466,416,12,11,0.617,15.556,467,427,45.000,8.243,2.264,0.442,0.755
340,43,1408.895,418.826,29.799,1403,416,12,6,0.609,12.166,1403,419,9.462,6.000,2.186,0.458,0.761
341,87,857.477,427.109,43.314,855,418,6,18,0.583,18.439,855,418,102.529,6.000,3.256,0.307,0.926
342,99,1401.823,426.944,53.355,1394,419,15,15,0.437,18.601,1394,434,36.254,13.034,1.661,0.602,0.623
343,27,1369.278,423.056,20.142,1366,420,6,7,0.836,8.062,1367,420,119.745,5.367,1.523,0.657,0.831
344,64,476.594,430.859,50.527,471,421,12,20,0.315,22.361,473,441,63.435,5.529,5.749,0.174,0.646
345,105,1221.471,428.957,46.870,1215,421,13,16,0.601,19.209,1215,422,128.660,8.460,2.547,0.393,0.817
346,42,1251.548,425.357,35.456,1246,421,11,8,0.420,11.180,1246,425,10.305,8.000,1.559,0.642,0.627
347,27,1378.167,423.759,27.799,1373,421,11,5,0.439,11.705,1373,426,19.983,4.713,3.308,0.302,0.643
348,29,1303.879,425.534,29.799,1299,422,11,8,0.410,12.083,1299,424,155.556,5.400,2.695,0.371,0.598
349,37,1352.905,425.230,28.971,1348,422,11,6,0.554,11.402,1348,428,15.255,6.000,2.008,0.498,0.740
350,26,1393.808,423.962,22.142,1390,422,9,4,0.666,9.487,1390,426,18.435,4.000,2.360,0.424,0.839
351,54,1092.963,430.056,34.728,1091,423,5,14,0.563,14.560,1091,423,105.945,5.000,3.458,0.289,0.864
352,55,1282.064,426.209,38.042,1275,423,13,7,0.478,13.416,1275,424,153.435,7.000,1.748,0.572,0.728
353,39,543.756,429.756,23.213,540,426,8,8,0.910,10.000,540,426,126.870,5.657,1.831,0.546,0.867
354,47,590.202,430.011,34.385,586,427,10,8,0.500,11.662,586,427,149.036,8.000,1.570,0.637,0.681
355,53,1386.802,431.066,34.627,1380,427,13,8,0.555,13.928,1380,434,21.038,8.000,1.703,0.587,0.707
356,41,1423.037,431.500,33.213,1419,427,10,10,0.467,12.207,1419,434,34.992,8.480,1.721,0.581,0.590
357,49,1353.541,432.969,38.284,1349,429,9,10,0.420,11.662,1352,439,59.036,8.485,1.325,0.755,0.726
358,35,1411.414,432.700,25.799,1408,429,7,8,0.661,9.220,1408,436,40.601,6.641,1.390,0.719,0.769
359,81,1435.204,438.117,40.142,1431,430,7,15,0.632,16.155,1432,445,68.199,7.000,2.635,0.380,0.880
360,65,1290.885,438.777,36.284,1285,433,12,11,0.620,14.213,1287,433,129.289,7.778,2.114,0.473,0.760
361,33,1343.955,436.894,23.799,1339,434,9,6,0.732,9.849,1339,435,156.038,5.578,2.097,0.477,0.815
362,50,1362.020,438.320,37.698,1355,435,14,7,0.442,14.318,1355,440,12.095,7.000,2.280,0.439,0.654
363,26,1388.077,437.615,24.142,1383,435,10,5,0.561,10.770,1383,439,21.801,4.315,3.161,0.316,0.754
364,142,1230.528,447.627,64.184,1223,437,15,21,0.433,24.413,1223,438,124.992,10.722,3.175,0.315,0.706
365,38,469.132,444.842,26.385,466,440,6,10,0.686,11.180,466,450,63.435,6.000,1.975,0.506,0.784
366,47,999.691,442.862,24.728,995,440,9,6,0.966,9.849,995,441,156.038,6.000,1.516,0.659,0.940
367,27,1179.056,442.907,18.142,1176,440,6,6,1.000,7.211,1176,445,33.690,5.657,1.207,0.829,0.885
368,54,1379.630,446.759,42.284,1372,440,13,11,0.380,13.928,1372,449,21.038,9.783,2.041,0.490,0.560
369,31,1306.339,445.048,22.142,1302,443,9,5,0.795,9.487,1302,446,18.435,5.000,2.040,0.490,0.873
370,69,917.471,449.601,30.042,912,445,11,9,0.961,12.083,912,447,155.556,8.050,1.539,0.650,0.902
371,48,1356.562,449.146,34.385,1352,445,10,8,0.510,11.180,1352,447,153.435,8.000,1.252,0.798,0.711
372,73,1434.760,451.459,34.142,1431,446,8,11,0.787,12.530,1432,446,118.610,8.000,1.605,0.623,0.890
373,27,1415.130,450.537,22.971,1412,447,6,7,0.643,8.485,1412,447,135.000,6.000,1.437,0.696,0.750
374,30,1338.033,451.633,27.799,1333,449,10,5,0.488,11.180,1333,449,153.435,4.932,2.704,0.370,0.723
375,55,1424.136,452.864,34.627,1417,450,13,6,0.576,13.928,1417,456,21.038,6.000,2.297,0.435,0.786
376,29,464.672,454.534,22.142,462,451,6,8,0.743,8.944,464,459,63.435,5.578,1.637,0.611,0.817
377,34,1308.353,456.118,29.799,1303,452,11,7,0.481,11.705,1303,454,160.017,5.824,2.303,0.434,0.673
378,55,1391.864,459.155,44.627,1387,454,9,10,0.347,12.806,1387,464,51.340,8.598,1.458,0.686,0.724
379,44,1406.136,459.023,36.284,1401,454,10,10,0.420,14.142,1401,454,135.000,7.071,2.550,0.392,0.667
380,59,1340.975,459.110,47.113,1336,455,13,9,0.334,14.765,1336,456,151.699,9.000,1.348,0.742,0.634
381,34,1264.529,461.382,26.971,1262,456,5,10,0.587,11.180,1262,466,63.435,5.000,2.499,0.400,0.782
382,48,1423.375,460.312,25.799,1419,456,8,9,0.906,9.849,1422,465,66.038,7.778,1.327,0.754,0.865
383,84,460.024,465.202,42.870,456,458,11,15,0.574,15.811,457,473,71.565,10.525,1.813,0.551,0.730
384,86,1238.244,463.477,42.042,1232,458,11,11,0.611,14.213,1232,459,140.711,10.752,1.202,0.832,0.847
385,54,1435.093,461.852,26.728,1431,458,8,8,0.950,10.000,1431,464,36.870,8.000,1.134,0.882,0.931
386,53,1176.689,464.123,29.799,1173,459,8,11,0.750,12.530,1173,470,61.390,7.155,1.942,0.515,0.841
387,79,807.057,466.095,31.799,802,461,10,10,0.982,12.207,802,469,34.992,9.839,1.245,0.803,0.924
388,33,1310.318,466.864,28.971,1305,464,11,6,0.494,12.530,1305,470,28.610,4.851,3.358,0.298,0.688
389,111,1019.950,471.500,38.627,1014,465,11,13,0.935,13.928,1018,465,111.038,11.000,1.147,0.872,0.914
390,70,1100.600,473.029,39.556,1098,465,6,17,0.562,17.464,1098,465,103.241,5.706,3.460,0.289,0.848
391,91,613.324,473.016,39.213,608,466,12,12,0.744,15.556,609,466,135.000,10.286,1.594,0.627,0.847
392,88,1167.352,472.239,37.799,1162,467,10,11,0.774,12.806,1163,468,128.660,10.000,1.172,0.853,0.880
393,31,448.726,474.629,28.142,446,469,5,12,0.492,12.369,447,469,104.036,4.465,3.796,0.263,0.713
394,66,792.833,475.485,29.799,789,470,8,11,0.934,11.705,791,470,109.983,8.000,1.472,0.679,0.898
395,137,1243.887,480.960,59.113,1237,470,12,23,0.493,25.495,1237,470,115.560,8.284,3.648,0.274,0.838
396,52,1321.058,475.058,40.284,1313,470,13,9,0.403,13.892,1313,478,30.256,8.157,1.950,0.513,0.662
397,133,858.470,485.500,66.971,855,471,6,29,0.373,29.428,856,471,99.782,6.000,5.552,0.180,0.866
398,66,1412.864,477.273,43.113,1407,472,12,10,0.446,13.000,1407,474,157.380,10.000,1.192,0.839,0.680
399,32,455.906,478.188,24.971,453,474,6,9,0.645,10.000,453,482,53.130,5.060,2.179,0.459,0.790
400,59,969.737,477.500,29.314,965,474,10,7,0.863,11.662,965,475,149.036,7.000,1.370,0.730,0.922
401,28,1094.393,477.179,19.556,1092,474,6,7,0.920,7.616,1093,481,66.801,6.000,1.373,0.728,0.848
402,31,1368.565,479.887,31.799,1366,474,7,11,0.385,13.038,1366,474,122.471,5.367,2.763,0.362,0.614
403,37,1360.662,478.797,22.385,1356,476,9,6,0.928,9.487,1356,477,161.565,6.000,1.614,0.620,0.860
404,57,1434.816,481.289,30.971,1429,477,10,8,0.747,11.402,1430,485,37.875,8.000,1.361,0.735,0.844
405,71,749.373,483.627,30.971,744,480,11,8,0.930,12.083,744,486,24.444,8.000,1.504,0.665,0.928
406,92,1360.152,486.120,57.355,1350,481,19,11,0.351,19.647,1350,481,165.256,10.349,1.764,0.567,0.692
407,83,1101.404,491.295,46.385,1098,482,9,17,0.485,19.235,1098,482,117.897,8.654,2.950,0.339,0.719
408,81,450.525,492.117,45.456,446,483,9,19,0.493,19.647,449,502,75.256,7.375,3.211,0.311,0.747
409,73,1411.199,487.418,44.042,1405,483,15,10,0.473,16.125,1406,493,29.745,8.944,2.153,0.465,0.689
410,72,1341.153,489.889,49.698,1332,485,17,11,0.366,18.028,1332,492,19.440,10.945,1.896,0.527,0.558
411,38,1306.974,489.053,31.556,1303,486,10,8,0.480,11.402,1304,493,37.875,7.778,1.605,0.623,0.661
412,143,1434.738,496.738,63.941,1428,486,11,22,0.440,22.361,1434,486,100.305,10.713,2.649,0.377,0.757
413,137,1251.252,500.427,69.355,1245,487,12,25,0.358,25.495,1251,512,78.690,11.686,2.804,0.357,0.624
414,35,413.443,492.586,27.213,409,488,9,9,0.594,10.817,412,497,56.310,7.071,1.779,0.562,0.693
415,106,1127.009,494.123,39.698,1121,488,12,13,0.845,14.765,1124,501,61.699,10.607,1.458,0.686,0.883
416,66,1416.833,493.621,41.456,1413,488,9,12,0.483,13.601,1414,500,53.973,9.000,1.681,0.595,0.725
417,53,1424.632,495.406,41.698,1421,489,9,11,0.383,12.042,1421,500,48.366,9.000,1.123,0.890,0.667
418,138,852.457,504.630,68.142,849,490,6,31,0.373,31.257,850,490,97.352,6.000,6.074,0.165,0.876
419,78,1391.936,499.308,40.870,1387,492,10,15,0.587,17.000,1387,507,61.928,8.875,2.194,0.456,0.776
420,33,1378.530,495.106,26.142,1373,493,10,6,0.607,10.440,1373,496,16.699,6.000,1.916,0.522,0.742
421,43,1384.593,499.105,25.556,1381,494,6,10,0.827,10.440,1384,504,73.301,6.000,1.698,0.589,0.878
422,67,1408.843,498.619,40.042,1404,494,10,10,0.525,11.662,1404,496,149.036,9.371,1.255,0.797,0.793
423,59,503.500,499.958,27.556,500,495,7,10,0.976,10.817,501,495,123.690,7.000,1.413,0.707,0.929
424,39,1335.756,499.987,34.971,1329,495,10,9,0.401,11.662,1329,502,30.964,8.835,1.464,0.683,0.574
425,42,1400.452,503.000,30.142,1396,500,10,6,0.581,11.180,1396,501,153.435,6.000,1.810,0.552,0.764
426,64,436.766,509.828,40.971,434,501,5,17,0.479,17.720,434,518,73.610,5.000,3.915,0.255,0.842
427,29,446.155,504.121,21.556,443,501,7,6,0.784,8.062,443,501,150.255,6.000,1.343,0.745,0.841
428,38,1371.947,505.184,25.799,1367,502,10,6,0.717,10.770,1367,503,158.199,5.295,2.278,0.439,0.792
429,35,1416.129,506.871,30.627,1412,502,7,11,0.469,11.402,1412,504,127.875,7.000,2.099,0.476,0.660
430,28,1301.321,507.036,25.556,1297,504,9,6,0.539,10.817,1297,510,33.690,5.261,2.842,0.352,0.675
431,97,1187.139,510.077,35.213,1181,505,12,10,0.983,13.416,1181,513,26.565,10.000,1.294,0.773,0.942
432,58,1401.172,511.724,38.042,1397,506,8,14,0.504,14.318,1401,520,77.905,8.000,1.972,0.507,0.739
433,26,1409.885,509.385,22.971,1406,506,8,6,0.619,8.246,1406,509,165.964,5.821,1.518,0.659,0.712
434,36,1384.056,511.889,25.556,1381,507,6,10,0.693,10.050,1384,507,95.711,5.295,2.077,0.481,0.800
435,141,1434.677,518.961,58.870,1430,507,9,23,0.511,23.770,1432,507,104.621,8.608,3.112,0.321,0.813
436,30,445.467,511.233,22.142,442,508,6,8,0.769,8.544,444,508,110.556,6.000,1.399,0.715,0.845
437,40,1264.350,512.125,24.142,1260,508,7,8,0.862,8.944,1263,516,63.435,7.000,1.244,0.804,0.879
438,55,1392.209,512.973,32.627,1388,508,8,10,0.649,12.806,1388,508,128.660,8.000,1.547,0.647,0.797
439,26,1345.692,513.000,22.385,1342,509,6,8,0.652,8.544,1345,509,110.556,6.000,1.514,0.660,0.754
440,32,1354.219,513.688,25.799,1351,509,6,10,0.604,10.770,1352,509,111.801,5.692,2.332,0.429,0.736
441,45,1369.833,513.678,27.556,1366,509,7,9,0.745,10.630,1366,518,48.814,7.000,1.371,0.729,0.818
442,69,1186.457,517.109,47.213,1178,510,17,10,0.389,18.788,1178,510,154.799,8.538,2.845,0.351,0.592
443,28,1303.250,517.393,27.556,1300,511,5,11,0.463,11.180,1303,522,79.695,5.000,2.363,0.423,0.709
444,25,1361.380,513.060,18.142,1358,511,7,5,0.954,7.616,1358,514,23.199,5.000,1.456,0.687,0.893
445,111,1214.752,518.752,39.456,1209,512,12,13,0.896,14.765,1210,525,61.699,11.314,1.283,0.779,0.906
446,25,1295.460,513.580,26.142,1289,512,11,4,0.460,11.180,1289,513,169.695,4.000,3.623,0.276,0.714
447,143,1063.892,520.878,44.870,1057,513,13,15,0.893,16.553,1060,528,64.983,13.000,1.264,0.791,0.908
448,76,1413.145,518.566,39.213,1406,513,12,12,0.621,16.279,1406,514,137.490,8.875,1.866,0.536,0.809
449,95,750.742,519.711,39.698,743,514,14,12,0.758,14.866,743,517,160.346,10.413,1.479,0.676,0.830
450,68,441.971,523.603,40.385,439,515,6,17,0.524,17.720,439,532,73.610,5.582,3.687,0.271,0.829
451,28,501.286,517.107,20.142,497,515,8,5,0.867,8.246,497,516,165.964,5.000,1.587,0.630,0.875
452,49,1423.704,520.071,33.799,1419,516,11,7,0.539,12.083,1419,516,155.556,7.000,2.036,0.491,0.778
453,27,1361.685,521.315,20.971,1359,517,6,8,0.772,8.944,1360,517,116.565,4.950,1.957,0.511,0.806
454,62,1369.952,523.048,38.042,1366,518,8,11,0.538,12.530,1367,529,61.390,8.000,1.496,0.669,0.810
455,65,620.346,525.115,32.385,616,519,9,11,0.779,13.038,617,530,57.529,8.728,1.497,0.668,0.833
456,53,1404.726,523.425,31.799,1400,519,10,9,0.659,12.042,1400,528,41.634,8.043,1.879,0.532,0.779
457,103,1395.102,528.646,51.698,1390,520,10,18,0.484,20.125,1391,538,63.435,10.000,2.207,0.453,0.705
458,53,638.123,529.915,36.971,635,521,6,15,0.487,15.524,637,521,104.931,5.754,3.100,0.323,0.785
459,72,1426.597,529.222,50.284,1419,523,12,16,0.358,18.028,1419,524,123.690,10.149,2.002,0.499,0.560
460,25,939.300,526.580,17.899,936,524,6,5,0.981,7.071,937,524,135.000,5.000,1.123,0.891,0.909
461,27,1301.278,526.500,22.385,1297,524,8,5,0.677,8.944,1297,524,153.435,5.000,1.959,0.510,0.761
462,39,1410.808,528.449,22.485,1408,525,6,7,0.969,8.602,1408,525,125.538,6.000,1.195,0.837,0.963
463,103,631.850,538.888,58.142,629,526,5,26,0.383,26.306,630,526,98.746,5.000,5.995,0.167,0.884
464,31,1316.210,529.597,28.971,1313,526,8,10,0.464,12.207,1314,536,55.008,5.724,2.349,0.426,0.639
465,57,1373.763,532.254,47.598,1368,526,12,11,0.316,14.213,1369,536,39.289,9.597,1.526,0.655,0.630
466,34,1296.059,533.059,28.971,1293,527,7,11,0.509,11.402,1294,538,74.745,6.063,2.402,0.416,0.636
467,36,1385.500,533.250,31.456,1380,528,10,10,0.457,13.454,1381,528,131.987,5.270,3.310,0.302,0.667
468,26,1404.192,531.385,19.314,1401,529,6,6,0.876,7.810,1401,529,129.806,6.000,1.196,0.836,0.867
469,57,1420.904,533.939,36.870,1415,529,11,9,0.527,12.806,1415,538,38.660,8.629,1.562,0.640,0.745
470,148,1094.297,542.095,62.284,1089,530,9,25,0.479,25.710,1092,530,103.496,9.000,3.143,0.318,0.813
471,37,1301.527,537.392,34.870,1296,531,10,12,0.382,15.620,1296,543,50.194,5.200,3.939,0.254,0.602
472,53,1200.877,535.651,26.971,1197,532,9,8,0.916,10.296,1197,539,29.055,7.906,1.285,0.778,0.898
473,120,437.158,543.942,57.456,433,533,9,23,0.457,23.537,437,556,77.735,7.245,3.662,0.273,0.811
474,37,1358.527,538.851,27.799,1355,533,7,10,0.602,11.180,1356,543,63.435,6.364,2.226,0.449,0.740
475,33,1401.258,537.318,22.971,1398,534,8,7,0.786,8.944,1398,540,26.565,6.871,1.451,0.689,0.767
476,81,464.809,540.784,32.971,459,536,11,9,0.936,13.038,459,544,32.471,9.000,1.424,0.702,0.931
477,118,638.729,548.390,52.971,636,537,6,23,0.528,23.195,637,537,97.431,6.000,3.922,0.255,0.925
478,31,1382.532,539.887,28.971,1377,537,10,7,0.464,11.662,1377,538,149.036,6.202,2.202,0.454,0.626
479,34,1322.559,540.735,26.385,1318,538,10,7,0.614,10.440,1318,538,163.301,6.647,1.902,0.526,0.716
480,25,314.340,540.220,26.728,308,539,12,3,0.440,12.166,308,539,170.538,3.000,4.637,0.216,0.794
481,25,1417.500,542.500,23.556,1415,539,7,7,0.566,8.602,1415,539,144.462,6.364,1.381,0.724,0.714
482,42,1403.119,545.095,30.971,1398,540,10,9,0.550,13.454,1398,549,41.987,6.364,2.765,0.362,0.700
483,38,1261.658,544.737,23.556,1258,541,8,7,0.861,8.944,1258,543,153.435,7.000,1.170,0.855,0.844
484,67,1247.067,548.769,34.627,1241,544,11,9,0.702,12.728,1241,553,45.000,9.000,1.317,0.759,0.812
485,32,1277.688,549.312,27.799,1273,545,9,8,0.520,9.487,1273,551,18.435,6.860,1.619,0.617,0.640
486,27,1346.611,551.537,21.556,1343,548,7,7,0.730,8.602,1343,548,125.538,6.008,1.678,0.596,0.740
487,35,425.843,552.757,23.556,422,549,8,7,0.793,8.485,424,549,135.000,7.000,1.104,0.906,0.805
488,35,1262.671,552.014,22.142,1259,549,8,6,0.897,8.944,1259,549,153.435,6.000,1.410,0.709,0.864
489,31,1416.339,558.500,31.213,1413,552,6,11,0.400,11.705,1415,552,109.983,6.000,2.178,0.459,0.614
490,45,631.944,559.478,30.142,629,553,5,13,0.622,13.153,631,553,98.746,5.000,3.043,0.329,0.849
491,68,1103.294,561.324,36.485,1101,554,5,15,0.642,15.524,1101,554,104.931,5.000,3.089,0.324,0.951
492,75,1370.540,559.153,40.042,1365,555,12,9,0.588,15.000,1365,564,36.870,9.000,1.522,0.657,0.798
493,37,1400.392,562.176,37.456,1396,555,8,14,0.331,14.142,1402,555,98.130,7.516,2.205,0.454,0.507
494,74,434.014,562.757,41.213,429,556,8,15,0.547,15.652,429,557,116.565,8.000,2.271,0.440,0.775
495,84,1096.500,565.119,44.971,1094,556,6,19,0.522,19.235,1094,556,98.973,6.000,3.471,0.288,0.870
496,32,1179.906,560.344,23.799,1177,556,7,8,0.710,8.246,1179,556,104.036,6.364,1.210,0.826,0.810
497,120,1265.242,564.325,48.627,1261,556,10,18,0.638,18.974,1261,556,108.435,9.617,2.201,0.454,0.842
498,44,999.136,562.023,26.627,995,557,8,10,0.780,10.770,997,557,111.801,6.261,1.809,0.553,0.815
499,29,1346.741,560.879,22.971,1344,558,7,7,0.691,8.602,1344,565,35.538,6.708,1.198,0.834,0.784
500,32,1381.781,561.688,24.728,1376,560,11,4,0.658,11.402,1376,560,164.745,4.000,3.241,0.309,0.865
501,53,664.594,567.726,29.799,661,562,7,12,0.750,12.369,664,562,104.036,6.698,1.922,0.520,0.835
502,100,1379.690,568.710,42.527,1373,563,14,13,0.695,14.866,1373,565,160.346,12.296,1.144,0.874,0.810
503,36,1367.639,567.528,25.556,1362,565,10,5,0.693,10.440,1362,568,16.699,5.000,2.034,0.492,0.837
504,27,1275.500,572.093,28.971,1273,566,5,12,0.404,12.369,1274,578,75.964,4.258,3.907,0.256,0.621
505,35,1313.871,570.186,22.971,1310,566,7,8,0.834,9.434,1311,574,57.995,6.002,1.851,0.540,0.814
506,89,632.522,577.601,48.728,630,567,5,22,0.471,22.091,632,567,95.194,5.000,4.395,0.228,0.904
507,89,1103.489,579.904,46.728,1100,570,6,20,0.512,20.396,1102,570,101.310,6.000,3.996,0.250,0.868
508,83,432.380,581.355,48.971,429,571,6,22,0.435,22.091,432,571,95.194,5.771,4.645,0.215,0.810
509,69,1370.355,578.355,44.284,1363,571,13,13,0.442,14.765,1367,584,61.699,10.290,1.760,0.568,0.624
510,36,1395.750,575.611,34.627,1391,572,9,7,0.377,10.817,1391,572,146.310,7.000,1.447,0.691,0.679
511,45,1419.744,575.922,38.042,1414,572,13,7,0.391,13.928,1414,578,21.038,6.866,2.233,0.448,0.608
512,48,1248.125,576.417,26.142,1244,573,8,8,0.883,9.434,1245,573,122.005,8.000,1.022,0.979,0.889
513,29,1315.224,577.155,21.556,1311,574,8,6,0.784,9.434,1311,579,32.005,5.145,2.212,0.452,0.817
514,26,981.923,578.346,18.142,979,575,6,6,0.993,6.708,979,580,26.565,6.000,1.093,0.915,0.867
515,47,1266.117,579.351,26.142,1263,575,7,9,0.864,10.817,1263,575,123.690,7.000,1.488,0.672,0.887
516,109,567.931,583.546,41.213,563,576,10,15,0.806,15.524,565,591,75.069,10.000,1.538,0.650,0.879
517,32,1093.594,578.469,20.485,1090,576,7,5,0.958,8.602,1090,576,144.462,5.000,1.416,0.706,0.955
518,87,557.879,583.626,33.213,553,578,10,11,0.991,12.083,555,589,65.556,10.000,1.119,0.894,0.930
519,36,1319.667,584.083,32.385,1317,578,5,13,0.431,13.153,1320,578,98.746,5.000,2.780,0.360,0.643
520,41,1388.524,581.720,25.799,1384,578,9,7,0.774,9.487,1384,584,18.435,7.000,1.329,0.753,0.788
521,50,1403.140,582.040,27.213,1398,578,10,8,0.848,10.440,1398,581,163.301,7.603,1.323,0.756,0.847
522,44,1415.841,582.909,28.385,1410,579,11,7,0.686,11.705,1410,581,160.017,6.957,1.986,0.503,0.772
523,101,545.550,588.054,40.284,540,582,12,12,0.782,15.000,540,592,36.870,10.733,1.346,0.743,0.860
524,81,1096.846,588.623,36.728,1093,582,7,14,0.755,15.652,1093,582,116.565,7.000,2.283,0.438,0.936
525,59,1393.941,590.551,47.456,1390,582,7,16,0.329,17.464,1390,598,66.371,6.647,3.359,0.298,0.659
526,51,1266.833,589.520,32.971,1264,584,7,11,0.590,12.207,1264,584,124.992,6.548,1.900,0.526,0.829
527,47,1219.372,589.074,27.556,1215,585,8,9,0.778,10.817,1215,585,123.690,7.747,1.390,0.719,0.839
528,84,1410.060,591.560,44.042,1405,586,10,12,0.544,14.422,1407,598,56.310,9.475,1.587,0.630,0.785
529,49,1277.622,595.051,40.627,1273,588,8,16,0.373,17.088,1274,588,110.556,6.276,3.883,0.258,0.616
530,63,1336.817,595.294,41.698,1332,589,9,15,0.455,16.155,1333,589,111.801,7.649,2.572,0.389,0.681
531,26,1239.769,592.538,20.728,1236,590,8,5,0.760,8.944,1236,595,26.565,4.366,2.340,0.427,0.825
532,26,1423.423,593.923,20.971,1421,590,5,8,0.743,8.944,1421,598,63.435,5.000,1.744,0.573,0.812
533,42,1104.071,596.619,28.485,1102,591,4,11,0.650,11.705,1102,591,109.983,4.000,2.832,0.353,0.955
534,72,1433.264,595.389,33.556,1427,591,11,9,0.804,13.601,1427,592,143.973,8.682,1.575,0.635,0.878
535,73,1301.911,598.007,47.213,1296,593,11,11,0.412,13.038,1296,594,147.529,10.686,1.142,0.876,0.712
536,49,1365.602,596.643,31.213,1360,593,11,7,0.632,11.705,1360,594,160.017,7.000,1.737,0.576,0.754
537,25,245.700,595.900,29.556,241,594,12,4,0.360,12.369,241,594,165.964,4.000,4.058,0.246,0.610
538,32,371.531,596.562,25.556,367,594,10,6,0.616,10.440,367,597,16.699,5.374,2.287,0.437,0.780
539,65,1353.885,598.285,51.941,1346,594,13,9,0.303,13.928,1346,600,21.038,9.000,1.413,0.707,0.707
540,102,1268.294,605.588,53.799,1265,596,8,19,0.443,20.248,1265,596,110.225,7.891,2.892,0.346,0.819
541,26,1330.231,600.115,20.971,1328,596,5,8,0.743,8.544,1329,604,69.444,4.851,1.981,0.505,0.800
542,54,1098.111,602.222,28.728,1095,597,6,11,0.822,11.705,1096,608,70.017,6.000,1.954,0.512,0.908
543,41,1381.207,600.232,31.799,1376,598,13,6,0.510,13.342,1376,602,12.995,6.000,2.393,0.418,0.726
544,42,1402.976,601.690,29.213,1398,598,10,8,0.618,11.402,1398,599,142.125,6.314,2.162,0.463,0.730
545,36,1413.194,602.694,34.870,1409,598,8,9,0.372,9.434,1412,598,122.005,8.000,1.251,0.800,0.643
546,28,1290.500,602.714,21.556,1287,600,8,6,0.757,9.434,1287,606,32.005,5.367,1.911,0.523,0.824
547,45,1366.500,603.322,41.698,1359,600,15,8,0.325,15.524,1359,604,14.931,7.463,2.778,0.360,0.556
548,29,1427.707,603.569,20.142,1424,600,7,6,0.898,8.602,1424,606,35.538,6.000,1.582,0.632,0.853
549,27,1435.241,603.426,18.485,1432,601,6,5,0.993,7.211,1432,602,146.310,5.000,1.221,0.819,0.947
550,56,1385.393,607.821,34.870,1380,604,11,8,0.579,12.207,1380,612,34.992,8.000,1.344,0.744,0.767
551,34,251.206,609.824,30.627,247,605,7,10,0.455,10.630,247,607,131.186,7.000,1.755,0.570,0.667
552,35,260.443,609.900,29.799,255,606,11,7,0.495,13.038,255,606,147.529,5.494,2.901,0.345,0.680
553,73,1420.610,611.610,40.042,1413,606,12,11,0.572,13.454,1416,607,131.987,10.388,1.359,0.736,0.745
554,27,1309.056,610.204,20.142,1306,607,6,6,0.836,7.211,1307,607,123.690,6.000,1.166,0.858,0.844
555,68,1433.529,610.706,32.142,1428,607,10,8,0.827,12.806,1428,607,141.340,8.000,1.381,0.724,0.919
556,84,1098.298,618.381,44.728,1096,609,5,19,0.528,19.416,1096,609,101.889,5.000,3.879,0.258,0.939
557,40,1332.875,612.700,34.870,1328,609,10,9,0.413,11.402,1328,609,127.875,7.906,1.450,0.690,0.620
558,61,1408.566,617.303,38.284,1404,611,9,12,0.523,13.892,1405,623,59.744,8.433,1.719,0.582,0.744
559,33,1344.045,617.439,24.385,1340,613,7,8,0.697,8.602,1340,619,35.538,6.800,1.311,0.763,0.786
560,50,1384.060,617.540,28.385,1380,613,9,9,0.780,10.296,1380,620,29.055,8.549,1.098,0.911,0.806
561,93,1425.478,621.543,51.698,1418,613,13,15,0.437,18.028,1419,628,56.310,12.021,1.749,0.572,0.648
562,33,1393.500,617.955,20.728,1390,615,7,6,0.965,8.062,1390,620,29.745,6.000,1.247,0.802,0.880
563,30,1278.767,620.800,27.799,1275,616,7,10,0.488,12.207,1275,616,124.992,4.919,3.168,0.316,0.682
564,46,1434.674,619.565,24.485,1431,616,7,7,0.964,9.220,1431,617,139.399,7.000,1.040,0.962,0.968
565,66,1203.636,625.894,30.971,1200,620,8,11,0.865,12.207,1201,620,124.992,8.000,1.531,0.653,0.904
566,45,1352.989,623.811,28.627,1348,620,11,7,0.690,11.180,1348,624,169.695,6.822,1.712,0.584,0.789
567,42,1390.333,623.833,28.627,1386,620,10,8,0.644,10.198,1386,622,168.690,7.889,1.344,0.744,0.771
568,71,1404.049,626.317,37.456,1398,620,13,11,0.636,15.811,1398,620,145.305,8.682,2.167,0.461,0.772
569,103,1379.888,627.277,61.841,1371,621,17,12,0.338,17.117,1371,628,173.290,11.535,1.430,0.699,0.698
570,65,1237.823,626.762,32.385,1232,622,10,10,0.779,12.806,1232,624,141.340,9.171,1.393,0.718,0.850
571,36,1342.806,625.500,33.556,1336,622,10,9,0.402,12.728,1336,622,135.000,8.184,1.556,0.643,0.600
572,30,1254.867,626.133,18.728,1252,623,6,6,1.000,7.211,1253,623,123.690,6.000,1.116,0.896,0.923
573,32,1293.031,626.594,30.728,1289,623,8,6,0.426,9.434,1289,629,32.005,6.000,1.476,0.678,0.696
574,43,1435.035,627.105,24.142,1430,624,9,6,0.927,9.487,1430,628,18.435,6.000,1.396,0.717,0.925
575,47,1229.372,629.351,26.142,1226,625,7,9,0.864,10.296,1226,634,60.945,7.000,1.403,0.713,0.887
576,36,1395.472,628.444,24.971,1391,625,9,7,0.726,9.487,1391,631,18.435,6.008,1.834,0.545,0.774
577,129,1056.159,633.012,49.698,1049,627,14,13,0.656,15.811,1050,639,34.695,12.969,1.193,0.838,0.849
578,46,1352.957,632.391,38.870,1346,627,11,11,0.383,12.530,1350,638,61.390,8.026,1.621,0.617,0.575
579,130,1424.077,633.808,62.184,1416,627,15,14,0.422,17.804,1418,641,51.843,12.823,1.272,0.786,0.747
580,76,633.763,636.895,41.899,631,628,5,18,0.544,18.439,632,628,102.529,5.000,3.990,0.251,0.916
581,145,788.024,636.224,49.698,780,629,17,14,0.738,21.401,780,642,37.405,10.607,2.169,0.461,0.895
582,47,1289.819,635.777,29.799,1285,631,10,9,0.665,13.454,1285,640,41.987,6.364,2.228,0.449,0.790
583,84,1435.393,637.286,36.728,1432,631,7,13,0.783,14.318,1432,631,114.775,7.000,1.911,0.523,0.955
584,44,524.432,635.864,23.556,521,632,7,8,0.996,9.434,522,640,57.995,7.000,1.386,0.721,0.917
585,72,913.042,637.792,34.042,909,632,8,13,0.781,13.928,910,632,111.038,8.000,1.754,0.570,0.862
586,61,1301.123,636.434,34.042,1296,632,10,9,0.661,12.728,1296,632,135.000,8.485,1.538,0.650,0.824
587,47,1323.138,635.245,37.799,1315,632,14,8,0.413,15.652,1315,633,153.435,6.325,2.937,0.340,0.657
588,55,1387.936,636.409,37.113,1381,632,13,8,0.502,13.416,1382,640,26.565,7.417,2.251,0.444,0.696
589,28,1343.179,638.000,30.142,1337,635,10,8,0.387,11.662,1337,636,149.036,5.800,2.525,0.396,0.560
590,26,1413.423,637.769,23.799,1409,635,8,6,0.577,9.434,1409,636,147.995,5.657,1.570,0.637,0.732
591,46,880.478,639.304,28.385,875,636,10,7,0.717,11.180,875,641,26.565,7.000,1.827,0.547,0.814
592,44,1296.182,641.341,28.042,1292,636,9,10,0.703,11.402,1293,636,127.875,6.364,1.983,0.504,0.765
593,146,1107.000,654.329,66.042,1104,638,8,29,0.421,29.275,1105,638,97.853,8.000,4.452,0.225,0.813
594,52,1426.615,644.000,35.456,1422,639,9,9,0.520,10.630,1422,647,41.186,8.246,1.258,0.795,0.776
595,89,1305.972,648.298,47.698,1301,640,10,17,0.492,17.029,1308,640,93.366,9.758,1.687,0.593,0.698
596,98,432.510,655.776,60.142,430,641,5,27,0.340,27.295,431,641,98.427,5.000,6.650,0.150,0.834
597,46,1287.022,643.543,28.971,1281,641,12,6,0.689,12.166,1281,642,170.538,6.000,2.206,0.453,0.814
598,96,1393.125,647.365,56.184,1386,641,15,12,0.382,17.029,1386,642,139.764,11.885,1.559,0.641,0.667
599,65,1268.638,647.931,34.385,1265,642,9,11,0.691,13.038,1265,642,122.471,9.000,1.265,0.791,0.823
600,41,1414.134,646.183,34.627,1410,642,11,9,0.430,14.213,1410,651,39.289,6.961,2.369,0.422,0.678
601,92,888.696,650.924,36.627,883,645,12,11,0.862,15.620,883,646,140.194,9.192,1.721,0.581,0.915
602,51,1434.716,649.324,28.728,1430,645,8,8,0.777,11.314,1430,653,45.000,8.000,1.329,0.752,0.903
603,25,1292.340,650.380,25.799,1290,646,5,9,0.472,10.296,1290,655,60.945,4.808,2.502,0.400,0.658
604,25,1340.980,652.740,18.142,1338,650,6,6,0.954,7.810,1338,650,129.806,4.950,1.655,0.604,0.877
605,35,1355.757,652.614,28.385,1350,650,12,5,0.546,12.649,1350,651,161.565,4.341,3.598,0.278,0.745
606,100,1406.620,658.430,61.941,1399,651,17,13,0.328,19.416,1400,653,145.491,11.963,1.715,0.583,0.637
607,29,1143.914,656.224,18.728,1141,653,6,6,1.000,7.211,1141,654,146.310,6.000,1.076,0.929,0.906
608,29,1417.397,658.879,26.142,1415,653,5,11,0.533,11.705,1416,653,109.983,4.472,3.248,0.308,0.753
609,81,1334.907,660.549,46.770,1328,654,13,13,0.465,17.029,1329,654,130.236,9.899,1.868,0.535,0.717
610,137,1434.405,664.412,58.042,1426,654,13,20,0.511,20.881,1432,674,73.301,12.947,2.000,0.500,0.739
611,48,1301.479,658.917,31.213,1296,655,11,7,0.619,12.530,1296,655,151.390,6.399,2.278,0.439,0.780
612,27,1375.130,657.759,21.899,1370,656,9,4,0.707,9.849,1370,656,156.038,4.000,2.430,0.412,0.900
613,55,705.064,661.027,28.385,700,657,10,8,0.858,10.770,700,659,158.199,8.000,1.185,0.844,0.859
614,25,1368.300,660.340,20.728,1364,658,7,6,0.731,9.220,1364,658,139.399,5.310,1.908,0.524,0.794
615,112,674.955,666.357,40.042,669,659,11,14,0.878,15.264,671,660,121.608,11.000,1.382,0.724,0.907
616,74,1316.959,666.351,47.941,1309,661,16,9,0.405,16.125,1309,666,172.875,9.000,1.919,0.521,0.715
617,30,1376.333,663.567,22.142,1372,661,9,5,0.769,9.220,1372,662,167.471,4.707,2.186,0.458,0.811
618,32,882.219,665.906,20.728,879,663,6,7,0.936,7.616,880,663,113.199,6.000,1.092,0.915,0.914
619,25,1302.620,665.300,18.142,1299,663,7,5,0.954,8.062,1299,663,150.255,4.950,1.704,0.587,0.893
620,46,1274.870,670.261,29.556,1271,664,7,11,0.662,12.083,1272,675,65.556,6.574,2.160,0.463,0.786
621,28,1346.964,668.964,29.213,1344,664,7,9,0.412,10.296,1346,664,119.055,6.641,1.588,0.630,0.577
622,34,1386.588,667.147,31.799,1382,664,11,8,0.423,13.038,1382,665,147.529,6.261,2.290,0.437,0.618
623,43,1403.477,668.128,37.213,1398,664,10,8,0.390,12.806,1398,672,38.660,7.194,1.305,0.766,0.628
624,26,1412.115,667.346,25.799,1409,664,6,7,0.491,9.220,1409,664,130.601,6.000,1.311,0.763,0.684
625,29,1307.879,673.190,22.728,1303,670,8,6,0.705,8.944,1303,674,26.565,6.000,1.581,0.633,0.773
626,27,1373.352,675.130,25.213,1370,671,6,9,0.534,10.817,1370,671,123.690,5.367,2.381,0.420,0.692
627,36,1426.333,673.889,26.142,1421,671,10,5,0.662,10.440,1421,672,163.301,5.000,2.324,0.430,0.809
628,72,1354.444,681.208,48.527,1348,674,14,14,0.384,16.643,1348,679,147.265,9.839,1.511,0.662,0.667
629,141,864.465,696.053,66.385,861,681,7,30,0.402,30.265,863,681,97.595,6.766,5.231,0.191,0.832
630,54,1333.648,683.389,38.385,1326,681,16,5,0.461,16.279,1326,681,169.380,5.000,3.856,0.259,0.771
631,108,856.787,693.537,52.385,851,682,9,20,0.495,20.616,855,682,104.036,9.000,2.836,0.353,0.750
632,68,935.132,688.353,31.213,930,683,10,10,0.877,11.402,932,684,127.875,8.944,1.331,0.752,0.883
633,31,1385.919,687.048,22.728,1382,683,7,7,0.754,9.220,1382,690,49.399,6.517,1.508,0.663,0.795
634,41,1421.427,688.720,34.627,1415,685,11,7,0.430,11.705,1415,688,160.017,7.000,1.725,0.580,0.678
635,31,1310.371,689.339,25.213,1306,686,9,7,0.613,10.296,1306,688,150.945,6.102,1.836,0.545,0.721
636,36,1356.806,691.806,29.213,1352,688,9,8,0.530,9.849,1352,690,156.038,7.778,1.318,0.758,0.692
637,124,1108.976,703.944,60.385,1106,689,7,26,0.427,26.306,1108,689,98.746,7.000,4.466,0.224,0.844
638,38,1191.737,695.789,25.799,1188,691,8,9,0.717,11.402,1189,691,127.875,5.378,2.409,0.415,0.809
639,29,1380.397,694.190,23.556,1376,691,8,7,0.657,10.000,1376,697,36.870,6.000,1.984,0.504,0.716
640,26,1273.269,696.462,22.971,1270,693,6,7,0.619,9.220,1270,693,130.601,5.547,1.715,0.583,0.788
641,25,1332.820,696.620,19.556,1329,693,7,6,0.821,8.602,1329,699,35.538,4.950,1.892,0.529,0.806
642,37,1397.392,697.824,34.385,1391,694,10,10,0.393,12.728,1391,695,135.000,7.778,1.827,0.547,0.540
643,32,1403.594,702.094,31.556,1402,695,3,13,0.404,13.153,1403,695,98.746,3.000,4.540,0.220,0.842
644,79,1123.880,702.614,35.213,1118,697,11,11,0.801,14.142,1118,707,45.000,8.963,1.718,0.582,0.845
645,58,1371.707,701.638,41.213,1364,698,15,7,0.429,16.155,1364,705,21.801,5.885,3.237,0.309,0.686
646,99,1435.136,706.439,45.213,1430,698,9,16,0.609,17.464,1432,714,66.371,9.000,2.417,0.414,0.792
647,36,1301.333,702.111,35.698,1296,699,11,7,0.355,11.402,1296,699,142.125,6.934,1.786,0.560,0.643
648,59,1262.076,704.161,29.213,1258,700,9,9,0.869,10.296,1259,700,119.055,8.974,1.009,0.991,0.868
649,40,1409.550,704.925,30.627,1407,700,5,10,0.536,10.770,1407,700,111.801,5.000,2.222,0.450,0.825
650,93,440.511,711.360,48.385,437,701,8,20,0.499,21.190,438,701,109.290,6.446,3.680,0.272,0.842
651,36,1386.611,703.722,25.556,1382,701,10,5,0.693,10.198,1382,704,168.690,5.000,1.758,0.569,0.857
652,74,857.568,709.716,38.142,854,703,7,15,0.639,15.811,855,703,108.435,7.000,2.579,0.388,0.855
653,27,1295.056,706.870,30.971,1290,703,8,8,0.354,10.630,1290,703,131.186,6.261,1.940,0.516,0.562
654,28,1324.571,705.214,24.971,1320,703,10,5,0.564,10.440,1320,707,16.699,4.707,2.811,0.356,0.709
655,44,1351.045,707.682,32.042,1346,703,10,8,0.539,11.662,1346,705,149.036,8.000,1.613,0.620,0.715
656,31,1425.726,705.629,22.142,1422,703,8,6,0.795,8.944,1422,708,26.565,5.578,1.881,0.532,0.816
657,27,1369.907,708.130,22.971,1366,705,7,7,0.643,7.810,1366,707,140.194,6.499,1.309,0.764,0.711
658,78,1258.846,715.038,36.142,1255,708,8,13,0.750,13.892,1255,721,59.744,7.442,1.880,0.532,0.876
659,89,1422.646,712.848,47.456,1414,708,16,10,0.497,17.000,1414,710,151.928,8.974,2.491,0.401,0.715
660,48,1103.604,717.125,33.556,1101,710,5,14,0.536,14.318,1102,710,102.095,5.000,3.664,0.273,0.787
661,26,1383.077,711.962,27.314,1378,710,12,4,0.438,12.369,1378,710,165.964,3.423,4.651,0.215,0.743
662,96,865.167,720.240,46.385,862,711,7,20,0.561,20.396,862,711,101.310,7.000,3.012,0.332,0.881
663,51,1352.265,716.931,34.627,1347,712,9,10,0.534,11.402,1347,719,37.875,8.403,1.362,0.734,0.739
664,37,1407.797,714.905,27.799,1404,712,8,8,0.602,10.000,1405,720,53.130,7.374,1.457,0.686,0.740
665,100,728.760,719.500,38.042,723,713,11,13,0.868,14.422,726,726,56.310,10.213,1.517,0.659,0.885
666,41,1416.720,718.476,29.799,1412,715,11,7,0.580,11.180,1413,715,153.435,7.000,2.035,0.491,0.739
667,93,1431.113,720.285,54.284,1421,715,18,12,0.397,20.000,1422,727,36.870,9.890,2.789,0.359,0.637
668,65,1109.792,723.438,36.728,1107,716,5,15,0.606,15.524,1108,716,104.931,5.000,3.166,0.316,0.915
669,31,1329.468,718.016,25.556,1325,716,10,5,0.596,10.770,1325,720,21.801,5.000,2.869,0.349,0.775
670,33,1321.561,720.409,32.627,1317,717,10,8,0.390,12.806,1317,717,141.340,6.345,2.016,0.496,0.611
671,47,1373.032,720.202,34.042,1366,717,13,7,0.510,13.601,1366,719,162.897,6.616,2.267,0.441,0.671
672,40,1346.325,722.175,39.698,1340,718,12,11,0.319,15.000,1340,720,143.130,6.303,3.020,0.331,0.523
673,26,1383.308,723.462,21.556,1381,719,5,8,0.703,8.246,1382,727,75.964,5.000,1.663,0.601,0.776
674,56,250.071,727.339,43.698,246,720,10,15,0.369,15.033,249,720,93.814,9.328,1.712,0.584,0.577
675,93,444.844,730.586,45.213,440,722,10,17,0.572,17.889,442,722,116.565,8.242,2.532,0.395,0.788
676,34,983.000,725.500,20.142,980,722,6,7,1.000,8.062,981,722,119.745,6.000,1.275,0.784,0.919
677,75,1256.407,727.500,34.142,1252,722,9,11,0.809,13.038,1253,733,57.529,8.104,1.663,0.601,0.882
678,103,1433.121,728.092,43.456,1426,722,13,11,0.685,14.318,1426,730,24.775,11.000,1.241,0.806,0.855
679,25,1318.940,730.060,23.799,1316,725,6,9,0.555,9.487,1317,734,71.565,5.687,2.027,0.493,0.667
680,38,1403.842,728.316,24.385,1400,725,8,7,0.803,9.899,1401,732,45.000,6.800,1.463,0.684,0.817
681,71,1410.697,732.641,43.456,1404,726,11,14,0.472,14.318,1411,726,102.095,11.000,1.093,0.915,0.670
682,93,1265.704,732.489,47.941,1259,727,14,11,0.508,15.000,1260,729,143.130,10.002,1.414,0.707,0.753
683,88,1419.557,735.750,47.113,1416,727,9,18,0.498,18.111,1418,727,96.340,9.000,2.108,0.474,0.736
684,37,1343.986,734.500,25.799,1340,730,7,9,0.699,10.817,1341,739,56.310,6.102,2.018,0.496,0.804
685,64,787.672,736.531,38.870,780,731,14,10,0.532,17.205,780,741,35.538,7.155,2.717,0.368,0.776
686,90,1366.878,736.333,57.355,1357,731,19,11,0.344,19.416,1357,739,11.889,11.000,2.078,0.481,0.586
687,27,1277.463,733.944,21.314,1273,732,9,4,0.747,9.849,1273,736,23.962,4.000,2.652,0.377,0.885
688,94,1253.809,739.915,39.213,1249,733,11,13,0.768,14.318,1251,733,114.775,11.000,1.244,0.804,0.839
689,28,1304.107,736.500,24.385,1300,733,8,8,0.592,10.000,1301,741,53.130,5.622,2.254,0.444,0.659
690,109,1434.528,740.995,42.971,1430,734,9,14,0.742,15.652,1431,734,116.565,9.000,1.692,0.591,0.905
691,27,871.574,738.093,17.899,869,735,5,6,1.000,7.211,870,735,123.690,5.000,1.210,0.826,0.947
692,28,1309.714,740.071,28.385,1305,736,8,8,0.437,8.944,1305,741,26.565,7.071,1.400,0.714,0.622
693,75,1403.180,742.473,43.355,1397,737,12,11,0.501,14.422,1397,745,33.690,10.577,1.421,0.704,0.711
694,115,1423.665,747.709,53.355,1417,738,12,20,0.508,21.541,1421,758,68.199,9.341,2.755,0.363,0.728
695,48,449.125,744.271,27.556,446,739,7,10,0.794,11.180,447,739,116.565,6.548,1.849,0.541,0.865
696,28,1364.643,742.179,23.799,1360,739,9,6,0.621,9.849,1360,740,156.038,5.376,2.231,0.448,0.709
697,42,266.524,745.190,33.799,262,741,10,8,0.462,12.207,262,749,34.992,7.845,1.547,0.646,0.651
698,128,809.383,749.836,44.870,804,741,11,17,0.799,17.720,807,741,106.390,11.000,1.634,0.612,0.886
699,55,1348.845,745.209,36.627,1341,741,15,7,0.515,15.133,1341,746,7.595,6.227,2.970,0.337,0.743
700,53,1409.689,748.292,34.042,1405,742,8,13,0.575,13.038,1409,742,94.399,7.603,1.809,0.553,0.752
701,48,1012.875,747.188,27.799,1008,743,9,8,0.781,11.402,1008,743,142.125,7.603,1.483,0.674,0.821
702,59,1393.517,748.636,37.456,1388,743,11,11,0.528,13.601,1389,743,126.027,8.403,1.727,0.579,0.686
703,30,1328.667,748.100,25.799,1324,744,8,8,0.566,8.602,1324,746,144.462,7.589,1.330,0.752,0.667
704,25,1360.580,747.100,18.728,1358,744,6,6,0.896,7.211,1358,750,33.690,6.000,1.225,0.817,0.847
705,72,1251.861,750.167,40.870,1246,745,12,10,0.542,13.454,1248,745,138.013,9.216,1.544,0.648,0.774
706,29,1370.983,748.190,24.142,1367,745,7,6,0.625,7.810,1367,750,39.806,6.000,1.115,0.897,0.784
707,78,1353.603,757.244,53.355,1349,748,9,18,0.344,18.385,1350,765,67.620,8.733,2.225,0.449,0.632
708,81,452.846,756.648,47.456,446,749,12,15,0.452,16.971,446,752,135.000,9.171,2.427,0.412,0.720
709,26,1402.038,753.923,24.142,1400,749,5,10,0.561,10.198,1400,759,78.690,4.707,2.294,0.436,0.765
710,105,1432.586,753.890,46.627,1425,749,13,11,0.607,15.811,1425,758,34.695,11.000,1.291,0.774,0.814
711,31,1362.823,753.016,20.971,1359,750,8,6,0.886,8.246,1359,752,165.964,6.000,1.413,0.708,0.816
712,131,1244.462,766.088,63.113,1238,753,11,23,0.413,23.195,1243,776,82.569,10.188,2.812,0.356,0.762
713,63,1414.294,759.151,35.456,1410,753,9,12,0.630,12.207,1411,754,124.992,8.974,1.591,0.629,0.737
714,61,674.467,759.303,28.728,671,754,7,10,0.929,11.180,671,764,63.435,7.000,1.413,0.708,0.946
715,39,1360.013,759.397,27.213,1356,755,8,10,0.662,10.198,1358,755,101.310,6.641,1.471,0.680,0.750
716,53,1299.991,761.217,31.213,1295,756,10,10,0.684,13.454,1295,765,41.987,6.872,2.449,0.408,0.797
717,46,1424.391,763.435,34.870,1420,759,10,10,0.475,10.440,1422,759,106.699,8.707,1.258,0.795,0.662
718,35,1393.729,765.186,28.627,1390,760,8,9,0.537,9.487,1391,760,108.435,7.778,1.255,0.797,0.660
719,37,1313.149,765.689,28.042,1309,761,8,9,0.591,9.849,1310,770,66.038,7.589,1.302,0.768,0.705
720,52,1434.038,764.846,29.556,1428,761,10,7,0.748,11.662,1428,767,30.964,7.000,1.485,0.673,0.881
721,31,1287.694,764.694,28.385,1281,762,12,5,0.484,12.166,1281,766,9.462,5.000,2.518,0.397,0.713
722,39,1305.577,768.782,33.556,1302,763,6,13,0.435,13.153,1305,763,98.746,5.687,3.119,0.321,0.650
723,81,454.500,770.833,44.627,450,765,11,14,0.511,16.125,451,779,60.255,10.254,1.820,0.549,0.707
724,38,640.921,770.211,25.071,639,765,4,10,0.760,10.770,639,765,111.801,4.000,2.504,0.399,0.974
725,28,829.821,767.821,18.728,827,765,6,6,1.000,7.071,827,770,45.000,6.000,1.014,0.986,0.889
726,35,763.243,771.671,26.971,760,766,6,11,0.605,11.180,762,777,79.695,5.082,2.489,0.402,0.761
727,142,818.465,773.606,44.770,812,766,14,16,0.890,16.763,815,766,107.354,12.021,1.291,0.774,0.907
728,52,1427.346,772.442,29.799,1422,768,10,8,0.736,10.770,1422,775,21.801,8.000,1.390,0.719,0.825
729,36,339.639,772.111,23.556,336,769,9,6,0.815,9.487,336,770,161.565,6.000,1.569,0.637,0.818
730,33,1275.712,771.955,28.627,1271,769,9,6,0.506,9.487,1271,769,161.565,6.000,1.572,0.636,0.702
731,57,1286.886,772.728,38.870,1279,769,15,8,0.474,16.155,1279,777,21.801,7.159,2.595,0.385,0.708
732,71,1435.570,775.261,39.213,1431,769,8,14,0.580,14.866,1433,769,109.654,8.000,1.905,0.525,0.798
733,42,1387.452,773.833,28.971,1383,770,8,8,0.629,11.314,1383,778,45.000,7.519,1.457,0.686,0.792
734,26,1407.769,772.577,25.799,1403,770,9,7,0.491,11.402,1403,770,142.125,4.715,2.879,0.347,0.634
735,79,461.854,780.386,42.870,457,772,10,17,0.540,17.263,461,772,100.008,6.499,3.054,0.327,0.798
736,39,1355.295,778.192,35.456,1351,773,9,11,0.390,12.083,1354,784,65.556,7.603,1.873,0.534,0.609
737,60,1239.533,779.533,29.213,1235,775,10,9,0.883,10.440,1235,778,163.301,8.974,1.159,0.863,0.851
738,26,1307.077,781.308,19.556,1304,778,6,7,0.854,8.062,1305,778,119.745,5.060,1.752,0.571,0.812
739,36,1390.917,782.722,29.799,1385,778,10,8,0.509,10.440,1385,781,163.301,7.747,1.537,0.650,0.632
740,25,1378.260,782.780,20.142,1375,779,6,7,0.774,8.602,1375,786,54.462,4.919,2.012,0.497,0.781
741,76,745.197,786.066,31.799,740,781,10,10,0.944,12.207,740,783,145.008,9.391,1.266,0.790,0.905
742,28,1344.500,784.143,26.385,1340,781,8,8,0.505,9.434,1341,781,122.005,6.872,1.484,0.674,0.651
743,27,1107.167,786.833,21.899,1105,782,4,9,0.707,9.487,1106,782,108.435,4.000,2.471,0.405,0.857
744,33,1361.227,785.833,25.799,1356,782,9,7,0.623,9.487,1356,786,161.565,6.548,1.467,0.682,0.717
745,34,1401.500,785.324,25.799,1398,782,9,7,0.642,10.817,1398,789,33.690,5.935,2.104,0.475,0.773
746,125,1234.948,791.748,57.012,1228,783,13,18,0.483,18.439,1234,783,102.529,11.470,1.701,0.588,0.746
747,86,801.198,790.140,34.627,795,784,11,11,0.901,12.806,796,794,51.340,9.899,1.226,0.816,0.910
748,53,1314.274,788.349,33.213,1309,784,10,8,0.604,11.402,1310,792,37.875,8.000,1.273,0.786,0.757
749,43,468.035,793.640,27.556,465,788,7,10,0.712,11.402,465,789,127.875,6.202,1.997,0.501,0.835
750,103,1434.500,795.801,44.971,1429,788,9,16,0.640,17.493,1429,789,120.964,9.000,2.217,0.451,0.841
751,25,1383.860,791.980,18.142,1381,789,6,6,0.954,7.211,1382,789,123.690,5.547,1.443,0.693,0.847
752,49,576.704,795.337,27.213,573,790,8,10,0.831,10.198,576,800,78.690,8.000,1.142,0.876,0.831
753,27,1342.796,796.130,27.799,1338,792,8,8,0.439,10.000,1338,794,143.130,7.374,1.567,0.638,0.600
754,47,1427.628,797.457,33.213,1424,792,7,10,0.535,12.207,1424,792,124.992,7.000,1.660,0.602,0.764
755,32,1325.125,796.625,27.556,1320,794,10,7,0.530,11.662,1320,801,30.964,5.367,2.371,0.422,0.688
756,28,1372.357,798.107,20.971,1369,795,7,6,0.800,8.602,1369,796,144.462,5.578,1.726,0.579,0.812
757,74,1422.757,802.851,46.770,1416,796,14,13,0.425,15.232,1416,800,156.801,8.485,1.913,0.523,0.661
758,136,862.110,813.074,67.314,859,797,6,30,0.377,30.265,860,797,97.595,6.000,6.310,0.158,0.861
759,120,475.433,810.242,57.598,469,799,14,22,0.455,25.060,470,799,118.610,7.155,4.189,0.239,0.816
760,67,1398.261,804.888,36.870,1392,799,12,11,0.619,13.416,1392,808,26.565,9.091,1.657,0.604,0.724
761,52,1302.346,806.615,43.355,1297,800,9,14,0.348,14.142,1304,814,81.870,9.000,1.769,0.565,0.619
762,81,1330.981,805.809,43.456,1323,802,14,10,0.539,14.765,1323,804,151.699,10.000,1.510,0.662,0.761
763,113,641.066,815.119,54.385,638,803,6,24,0.480,24.187,639,803,97.125,6.000,4.282,0.234,0.876
764,48,1385.438,806.188,28.971,1381,803,10,7,0.719,11.180,1381,803,153.435,7.000,1.628,0.614,0.814
765,58,1406.690,807.379,34.042,1401,803,11,8,0.629,13.038,1401,811,32.471,8.000,1.565,0.639,0.800
766,37,1415.824,807.284,28.627,1412,803,8,9,0.567,9.220,1415,803,102.529,8.000,1.142,0.876,0.692
767,82,1323.732,813.585,54.669,1318,804,12,19,0.345,19.235,1320,804,98.973,10.186,2.247,0.445,0.601
768,64,1433.672,809.328,35.556,1428,805,10,9,0.636,13.454,1428,814,41.987,8.558,1.396,0.716,0.821
769,29,1290.776,809.638,33.456,1285,806,11,7,0.326,12.530,1285,813,28.610,6.548,2.234,0.448,0.532
770,38,468.526,812.789,26.971,465,808,7,9,0.656,10.296,465,808,119.055,6.574,1.738,0.575,0.752
771,56,1316.304,813.946,43.941,1310,809,12,9,0.364,14.422,1310,809,146.310,8.043,1.868,0.535,0.687
772,33,1422.742,812.924,26.385,1420,809,7,8,0.596,8.602,1420,816,35.538,7.000,1.256,0.796,0.759
773,70,807.500,815.214,29.799,803,810,9,10,0.991,11.402,804,811,127.875,9.000,1.224,0.817,0.915
774,75,513.860,816.180,31.213,509,811,10,10,0.967,11.180,511,821,63.435,9.839,1.107,0.903,0.909
775,31,1400.726,814.532,21.899,1396,812,8,5,0.812,8.944,1396,813,153.435,5.000,1.559,0.641,0.886
776,56,1288.375,821.768,44.627,1283,813,9,17,0.353,17.263,1288,830,79.992,8.056,2.563,0.390,0.612
777,60,686.483,818.300,35.213,682,814,10,8,0.608,10.817,682,815,146.310,8.000,1.224,0.817,0.845
778,40,1371.700,817.300,38.042,1367,814,10,8,0.347,11.180,1367,814,153.435,8.000,1.361,0.735,0.620
779,52,1435.058,818.673,27.899,1431,814,7,9,0.839,10.817,1432,823,56.310,7.000,1.442,0.693,0.912
780,88,1115.420,824.932,46.142,1112,815,6,20,0.519,20.396,1114,815,101.310,6.000,3.673,0.272,0.876
781,32,1295.219,819.656,24.971,1292,815,6,10,0.645,10.198,1295,825,78.690,5.060,2.091,0.478,0.771
782,93,1420.801,823.930,43.113,1415,816,12,14,0.629,17.029,1415,817,130.236,9.192,1.939,0.516,0.791
783,37,1427.284,818.959,22.971,1423,816,8,6,0.881,8.602,1424,816,144.462,6.000,1.323,0.756,0.871
784,55,634.464,827.009,40.485,632,818,4,18,0.422,18.248,633,818,99.462,4.000,5.724,0.175,0.866
785,26,1267.077,821.423,20.728,1264,818,7,6,0.760,9.220,1264,818,139.399,5.657,1.830,0.546,0.812
786,36,1392.083,819.917,27.314,1387,818,11,4,0.606,11.705,1387,822,19.983,4.000,3.164,0.316,0.867
787,59,1331.839,823.839,35.456,1326,819,12,9,0.590,12.649,1326,826,18.435,8.379,1.558,0.642,0.707
788,32,1404.188,821.500,27.556,1399,819,9,7,0.530,10.630,1399,819,138.814,6.574,1.737,0.576,0.688
789,44,484.250,826.386,28.385,481,821,8,10,0.686,11.314,481,822,135.000,6.688,1.772,0.564,0.800
790,38,1263.553,827.053,27.799,1259,822,8,10,0.618,12.207,1260,822,124.992,5.085,2.981,0.335,0.760
791,31,1257.661,828.790,24.385,1255,824,5,9,0.655,9.849,1255,824,113.962,5.000,1.868,0.535,0.765
792,61,1411.484,828.943,30.142,1407,824,8,10,0.844,11.402,1407,833,52.125,7.967,1.406,0.711,0.891
793,32,1225.625,830.031,26.971,1221,825,9,8,0.553,9.220,1221,830,167.471,7.778,1.063,0.941,0.688
794,57,1352.535,830.658,38.042,1349,825,8,12,0.495,12.369,1353,837,75.964,8.000,1.677,0.596,0.695
795,70,1400.729,829.843,43.698,1395,825,11,10,0.461,12.530,1395,827,151.390,10.000,1.270,0.787,0.749
796,34,1324.000,830.706,35.213,1319,826,9,11,0.345,14.213,1319,826,129.289,6.102,3.092,0.323,0.596
797,40,454.425,834.425,36.042,451,827,7,12,0.387,12.649,454,827,108.435,7.000,2.250,0.444,0.602
798,126,640.643,843.619,63.314,638,828,6,28,0.395,28.284,639,828,98.130,6.000,5.225,0.191,0.872
799,35,862.329,832.729,25.314,860,828,5,10,0.686,10.440,861,828,106.699,5.000,2.564,0.390,0.824
800,55,1371.064,832.300,41.113,1363,828,15,9,0.409,15.133,1363,833,172.405,8.535,1.860,0.538,0.618
801,56,1333.571,835.625,34.627,1330,830,8,13,0.587,14.318,1331,830,114.775,7.276,2.353,0.425,0.732
802,120,1388.808,836.892,60.426,1380,830,16,14,0.413,16.492,1380,835,165.964,13.582,1.220,0.820,0.721
803,31,1417.403,833.823,21.556,1414,830,7,7,0.838,8.062,1415,837,60.255,6.708,1.216,0.822,0.795
804,106,490.019,838.019,49.941,481,831,17,15,0.534,20.809,481,833,144.782,9.192,2.763,0.362,0.754
805,75,1425.300,837.207,36.284,1419,831,11,11,0.716,12.530,1424,831,118.610,10.461,1.130,0.885,0.820
806,28,1263.750,835.000,21.899,1259,833,8,5,0.734,8.944,1259,834,153.435,5.000,1.895,0.528,0.875
807,92,869.130,846.174,52.142,867,834,5,23,0.425,23.195,868,834,97.431,5.000,4.954,0.202,0.880
808,122,1110.131,847.033,59.556,1107,834,6,26,0.432,26.476,1108,834,100.886,6.000,4.890,0.204,0.881
809,75,1248.153,838.900,41.456,1241,834,13,11,0.548,14.318,1241,835,155.225,9.964,1.670,0.599,0.704
810,33,1410.621,837.924,23.213,1407,834,8,8,0.770,9.434,1408,834,122.005,5.657,1.948,0.513,0.795
811,51,1309.716,838.578,40.870,1303,835,13,8,0.384,13.342,1303,837,167.005,7.562,2.121,0.472,0.654
812,38,965.553,839.421,21.556,962,836,7,7,1.000,8.062,964,843,60.255,7.000,1.055,0.948,0.905
813,90,634.367,846.522,42.971,630,837,7,18,0.613,18.248,634,837,99.462,7.000,3.045,0.328,0.887
814,96,1403.052,843.990,43.698,1396,837,12,14,0.632,15.264,1400,838,121.608,12.000,1.222,0.818,0.790
815,37,1241.095,841.122,25.556,1236,838,9,7,0.712,10.296,1236,840,150.945,6.008,1.908,0.524,0.787
816,28,1258.607,841.571,20.971,1256,838,7,7,0.800,7.616,1256,844,23.199,6.800,1.091,0.916,0.789
817,121,695.492,846.186,40.627,690,839,11,14,0.921,15.264,691,840,121.608,11.000,1.343,0.744,0.920
818,96,863.354,851.406,60.142,861,839,5,27,0.334,27.166,861,839,96.340,5.000,6.394,0.156,0.824
819,95,1224.332,847.584,49.456,1220,839,9,19,0.488,19.235,1223,839,98.973,9.000,2.248,0.445,0.739
820,70,1133.314,845.314,32.142,1129,840,8,11,0.851,12.207,1129,850,55.008,7.814,1.547,0.646,0.897
821,61,1345.369,848.893,46.284,1339,842,13,12,0.358,14.318,1339,852,24.775,9.907,1.532,0.653,0.587
822,69,1425.529,848.312,40.284,1420,843,11,12,0.534,13.892,1423,855,59.744,10.600,1.368,0.731,0.719
823,54,1237.000,849.444,34.042,1232,844,11,10,0.586,13.038,1232,852,32.471,8.485,1.702,0.588,0.711
824,112,1382.116,850.080,66.184,1372,844,20,12,0.321,20.881,1372,854,16.699,11.270,2.150,0.465,0.609
825,51,1316.049,848.853,27.556,1312,845,9,8,0.844,10.296,1312,846,150.945,8.000,1.365,0.733,0.857
826,67,1434.634,850.246,34.142,1429,845,10,10,0.722,12.806,1429,853,38.660,9.551,1.373,0.728,0.817
827,44,1256.864,849.432,30.627,1250,846,12,7,0.589,12.649,1250,847,161.565,7.000,1.982,0.504,0.710
828,83,1405.488,853.982,58.426,1396,848,17,13,0.306,18.788,1396,848,154.799,12.808,1.445,0.692,0.516
829,25,458.380,851.900,19.556,455,849,7,6,0.821,8.602,455,849,144.462,4.950,2.100,0.476,0.769
830,45,1278.078,852.989,37.213,1273,850,10,8,0.408,10.198,1273,851,168.690,8.000,1.276,0.784,0.698
831,44,1417.909,854.273,27.213,1414,850,8,8,0.747,9.899,1414,851,135.000,8.000,1.154,0.866,0.800
832,25,303.740,855.580,24.385,301,851,6,8,0.528,8.944,302,859,63.435,5.657,1.747,0.573,0.649
833,128,1194.867,861.875,55.841,1187,851,16,21,0.516,22.847,1190,872,66.801,8.043,3.351,0.298,0.773
834,92,1359.261,859.467,61.255,1351,851,14,16,0.308,18.439,1351,865,40.601,11.926,1.589,0.629,0.603
835,53,802.443,857.538,28.142,799,852,7,10,0.841,10.770,801,852,111.801,7.000,1.559,0.641,0.891
836,100,1258.390,861.600,46.042,1252,855,15,13,0.593,18.028,1252,868,33.690,11.200,1.939,0.516,0.760
837,29,1383.948,859.362,21.071,1382,855,4,8,0.821,8.944,1382,855,116.565,4.000,1.822,0.549,0.951
838,137,637.391,864.464,62.971,633,856,9,17,0.434,18.788,633,856,115.201,9.000,1.743,0.574,0.913
839,43,1288.081,860.384,37.213,1284,856,10,8,0.390,11.662,1284,857,149.036,8.000,1.528,0.654,0.623
840,52,1369.327,860.692,38.870,1364,856,10,10,0.432,12.806,1365,866,51.340,9.459,1.380,0.724,0.650
841,84,1375.202,864.714,48.527,1366,857,15,14,0.448,18.439,1366,870,40.601,9.192,2.353,0.425,0.680
842,45,1410.944,860.611,29.213,1405,857,11,7,0.663,11.180,1405,860,169.695,7.000,1.807,0.554,0.769
843,43,869.965,863.198,27.314,867,858,5,11,0.724,11.705,868,858,109.983,5.000,2.389,0.419,0.905
844,63,1321.056,862.929,40.627,1316,858,9,11,0.480,13.038,1317,858,122.471,9.000,1.514,0.660,0.783
845,51,1239.912,861.971,34.385,1233,859,14,7,0.542,14.866,1233,864,19.654,5.909,3.124,0.320,0.773
846,26,1311.654,862.000,17.556,1309,859,6,6,1.000,6.708,1309,860,153.435,6.000,1.189,0.841,0.867
847,35,1333.329,860.843,32.971,1327,859,14,5,0.405,14.142,1327,861,8.130,5.000,2.388,0.419,0.693
848,32,1304.875,863.938,25.799,1301,860,7,9,0.604,9.220,1304,869,77.471,7.000,1.383,0.723,0.703
849,86,1112.326,871.116,51.556,1110,861,5,23,0.407,23.195,1110,861,97.431,5.000,4.808,0.208,0.864
850,26,1226.385,864.769,22.142,1223,861,7,6,0.666,7.810,1224,862,140.194,6.000,1.307,0.765,0.765
851,76,1338.908,866.474,46.870,1332,861,13,11,0.435,16.401,1332,872,37.569,8.497,2.189,0.457,0.752
852,31,1248.242,865.113,22.142,1244,862,7,7,0.795,8.062,1244,863,150.255,7.000,1.071,0.934,0.827
853,29,1404.603,865.086,19.556,1401,862,7,6,0.953,8.602,1401,863,144.462,4.950,1.763,0.567,0.892
854,92,1419.380,869.924,47.355,1414,862,11,15,0.516,16.125,1417,862,119.745,10.791,1.553,0.644,0.754
855,31,329.339,865.984,28.385,323,863,11,7,0.484,11.402,323,865,164.745,5.692,2.825,0.354,0.614
856,34,596.000,866.412,22.971,592,863,8,7,0.810,8.602,593,870,35.538,6.325,1.444,0.693,0.800
857,51,1268.245,867.304,34.042,1263,863,11,10,0.553,12.728,1263,864,135.000,7.566,1.888,0.530,0.694
858,26,306.808,867.615,19.556,304,864,6,7,0.854,7.616,305,864,113.199,5.687,1.500,0.667,0.812
859,35,1385.157,867.300,21.556,1382,864,7,7,0.947,8.602,1382,864,125.538,6.957,1.194,0.838,0.854
860,29,384.707,867.603,26.971,379,865,11,5,0.501,11.402,379,868,15.255,4.961,2.369,0.422,0.699
861,52,1241.596,869.385,29.213,1236,865,10,9,0.766,10.440,1236,869,163.301,8.598,1.207,0.829,0.806
862,55,513.118,871.173,32.627,508,866,10,11,0.649,13.454,508,867,138.013,6.800,2.212,0.452,0.764
863,83,1000.717,872.187,34.385,996,866,9,12,0.882,13.892,997,878,59.744,8.944,1.598,0.626,0.917
864,27,1286.833,867.870,22.728,1282,866,10,4,0.657,10.440,1282,869,16.699,4.000,2.677,0.374,0.844
865,38,1313.632,867.553,29.314,1307,866,13,4,0.556,13.342,1307,866,167.005,4.000,4.089,0.245,0.854
866,51,1357.402,869.422,36.627,1350,866,14,7,0.478,14.318,1350,868,167.905,6.450,3.044,0.329,0.671
867,79,1394.867,872.892,43.456,1390,866,12,12,0.526,15.620,1390,866,140.194,9.839,1.672,0.598,0.778
868,52,1406.154,870.673,35.556,1398,868,15,6,0.517,15.811,1398,869,161.565,4.932,3.894,0.257,0.800
869,34,325.088,872.147,24.728,320,870,9,5,0.699,9.849,320,871,156.038,5.000,1.935,0.517,0.861
870,36,871.000,875.444,24.485,869,870,4,10,0.755,10.440,870,870,106.699,4.000,2.435,0.411,0.947
871,124,1182.863,879.202,60.326,1174,870,16,17,0.428,20.000,1174,885,36.870,12.800,1.914,0.522,0.693
872,39,1265.987,874.192,26.385,1262,870,7,10,0.704,10.440,1264,870,106.699,6.934,1.585,0.631,0.788
873,38,1320.711,874.447,24.971,1317,870,7,9,0.766,10.296,1318,879,60.945,5.814,2.017,0.496,0.809
874,72,1249.000,876.667,51.113,1243,871,12,15,0.346,16.155,1247,886,68.199,11.314,1.392,0.719,0.556
875,48,1285.229,875.375,29.456,1280,871,11,9,0.695,13.038,1280,871,147.529,6.102,2.482,0.403,0.814
876,68,1308.015,875.868,45.698,1300,871,16,10,0.409,18.868,1300,881,32.005,7.906,2.199,0.455,0.697
877,68,1434.691,875.574,34.728,1430,871,9,10,0.709,12.806,1430,871,128.660,8.384,1.485,0.673,0.872
878,33,1374.924,877.409,24.971,1372,872,7,9,0.665,10.296,1373,872,119.055,6.018,2.060,0.486,0.750
879,29,1119.224,879.603,29.314,1117,873,4,13,0.424,13.342,1118,873,102.995,4.000,3.657,0.273,0.763
880,53,424.255,878.104,38.284,418,874,11,11,0.454,13.601,419,874,126.027,9.603,1.462,0.684,0.613
881,68,634.676,882.059,37.899,631,874,6,15,0.595,15.811,632,889,71.565,6.000,3.200,0.312,0.877
882,34,640.176,878.912,23.899,638,874,4,10,0.748,10.440,639,874,106.699,4.000,2.625,0.381,0.919
883,84,1298.226,884.845,59.255,1294,874,10,20,0.301,20.224,1297,894,81.469,10.000,2.264,0.442,0.558
884,37,1407.554,877.581,22.971,1404,874,7,8,0.881,8.544,1407,882,69.444,6.791,1.201,0.833,0.841
885,91,521.291,884.049,48.184,516,876,11,16,0.493,16.279,519,876,100.620,11.000,1.599,0.625,0.722
886,48,1415.438,881.021,42.284,1411,876,8,12,0.337,13.000,1413,876,112.620,7.778,1.598,0.626,0.636
887,33,1426.712,879.682,25.799,1422,876,8,7,0.623,9.434,1422,881,32.005,6.864,1.461,0.684,0.750
888,34,1367.353,881.529,30.385,1361,877,11,7,0.463,11.180,1361,883,10.305,7.000,1.617,0.618,0.660
889,27,1238.759,882.426,23.556,1234,878,8,7,0.611,10.000,1234,885,36.870,4.950,2.239,0.447,0.771
890,27,1316.019,882.389,26.385,1313,878,6,10,0.487,10.770,1314,878,111.801,5.367,2.425,0.412,0.643
891,36,1340.222,882.000,27.213,1337,878,7,10,0.611,10.440,1338,888,73.301,6.930,1.475,0.678,0.735
892,95,1389.816,881.900,53.698,1380,878,20,7,0.414,20.224,1380,881,171.469,7.000,3.243,0.308,0.742
893,110,1328.264,884.927,61.841,1320,879,17,11,0.361,19.416,1321,879,145.491,10.182,1.981,0.505,0.685
894,26,1276.692,883.308,22.728,1272,880,8,6,0.633,9.434,1272,885,32.005,5.200,2.260,0.443,0.743
895,113,871.332,894.075,63.213,868,881,7,28,0.355,28.160,870,881,96.116,7.000,5.796,0.173,0.761
896,58,1403.052,885.500,38.627,1396,881,13,8,0.488,13.928,1396,888,21.038,8.000,1.680,0.595,0.734
897,37,325.986,886.095,27.213,321,882,9,8,0.628,10.000,321,889,36.870,7.649,1.321,0.757,0.712
898,33,1201.591,886.955,31.556,1196,882,10,8,0.416,11.314,1198,882,135.000,6.641,1.903,0.525,0.611
899,46,1426.109,886.870,35.698,1419,883,13,7,0.454,13.153,1419,888,8.746,6.574,2.286,0.437,0.639
900,35,1345.586,887.586,25.799,1341,884,9,8,0.661,10.000,1341,886,143.130,6.364,1.774,0.564,0.753
901,113,639.960,899.217,66.142,638,885,5,30,0.325,30.265,638,915,82.405,5.000,7.152,0.140,0.883
902,28,1288.679,888.571,21.556,1285,885,7,7,0.757,7.810,1285,887,140.194,6.325,1.071,0.933,0.767
903,76,1355.592,889.882,51.355,1350,885,12,11,0.362,13.601,1350,893,36.027,11.000,1.117,0.895,0.664
904,27,1367.574,887.056,24.142,1362,885,10,4,0.582,10.770,1362,885,158.199,4.000,2.696,0.371,0.794
905,113,1171.810,893.199,51.012,1163,886,18,15,0.546,18.439,1163,898,12.529,11.524,1.937,0.516,0.708
906,39,306.167,894.346,37.799,303,887,6,16,0.343,16.279,305,903,79.380,5.367,3.995,0.250,0.605
907,54,527.815,892.037,31.456,522,887,11,9,0.686,11.402,522,894,15.255,8.050,1.439,0.695,0.806
908,26,1391.269,891.192,23.556,1388,887,7,8,0.589,10.630,1388,895,48.814,4.828,2.476,0.404,0.722
909,66,1411.030,891.439,42.042,1402,887,17,8,0.469,17.117,1402,891,173.290,8.000,2.272,0.440,0.688
910,45,1375.967,893.522,32.627,1373,888,7,12,0.531,12.369,1373,888,104.036,6.223,2.187,0.457,0.709
911,93,1113.962,899.747,44.728,1111,889,6,19,0.584,19.416,1113,889,101.889,6.000,3.027,0.330,0.930
912,107,1121.164,901.453,51.799,1118,889,8,21,0.501,21.378,1120,889,100.784,8.000,2.952,0.339,0.826
913,89,1423.051,898.489,45.213,1419,889,10,16,0.547,17.464,1422,889,113.629,10.000,1.828,0.547,0.767
914,51,322.167,894.931,37.456,317,890,11,8,0.457,11.402,317,896,15.255,8.000,1.610,0.621,0.723
915,77,632.006,894.045,32.728,626,890,11,8,0.903,12.207,627,891,145.008,8.000,1.328,0.753,0.945
916,27,1202.833,893.907,23.556,1200,891,7,6,0.611,9.220,1200,897,40.601,6.000,1.414,0.707,0.740
917,50,1334.640,896.900,43.113,1331,891,8,13,0.338,14.318,1331,891,114.775,7.730,1.926,0.519,0.578
918,25,468.780,894.860,25.799,465,892,7,7,0.472,8.602,465,892,125.538,7.000,1.364,0.733,0.633
919,26,1303.269,894.615,20.142,1300,892,7,6,0.805,8.602,1300,892,144.462,5.199,1.927,0.519,0.812
920,68,535.971,899.324,35.941,530,893,12,12,0.662,13.416,530,896,153.435,8.194,1.892,0.529,0.773
921,137,1263.712,900.040,75.397,1255,893,18,15,0.303,18.248,1255,900,9.462,14.643,1.283,0.779,0.649
922,37,1385.419,898.392,29.213,1381,893,7,11,0.545,11.705,1383,893,109.983,6.379,2.027,0.493,0.705
923,58,1297.569,898.776,44.870,1289,894,18,8,0.362,18.248,1289,902,9.462,7.837,2.442,0.409,0.641
924,46,1319.804,897.565,28.971,1314,894,10,7,0.689,11.662,1314,900,30.964,7.000,1.727,0.579,0.807
925,51,1347.657,897.735,33.799,1344,894,9,11,0.561,12.530,1346,905,61.390,8.692,1.513,0.661,0.745
926,81,1412.821,898.611,40.385,1405,894,14,9,0.624,14.866,1405,899,19.654,9.000,1.661,0.602,0.779
927,29,1360.293,900.983,26.142,1358,895,5,10,0.533,10.198,1361,895,101.310,4.969,2.056,0.486,0.744
928,75,1396.500,901.020,43.456,1390,896,14,11,0.499,16.643,1390,905,32.735,9.370,2.006,0.498,0.682
929,80,1368.650,904.050,52.184,1363,897,10,15,0.369,15.811,1367,912,71.565,10.000,1.505,0.665,0.667
930,43,1353.547,902.407,26.971,1349,898,8,9,0.743,9.434,1349,904,32.005,8.000,1.138,0.879,0.796
931,39,299.167,903.500,32.385,294,899,8,9,0.467,10.817,296,908,56.310,8.000,1.543,0.648,0.684
932,47,634.585,903.713,27.899,631,899,6,10,0.759,10.817,631,900,123.690,6.000,1.961,0.510,0.904
933,123,1158.337,907.394,51.497,1149,899,18,17,0.583,21.095,1149,913,31.430,8.278,2.889,0.346,0.807
934,28,1329.714,903.750,22.971,1327,900,7,7,0.667,9.220,1327,907,40.601,5.814,1.596,0.627,0.737
935,51,1404.931,903.775,33.799,1400,900,11,7,0.561,12.530,1400,900,151.390,7.000,1.845,0.542,0.761
936,96,1380.146,907.417,59.255,1373,901,16,13,0.344,17.000,1374,901,151.928,11.884,1.541,0.649,0.678
937,97,546.232,910.572,45.598,539,903,14,15,0.586,17.205,539,906,144.462,9.600,2.273,0.440,0.758
938,27,1342.204,907.500,22.971,1340,903,5,9,0.643,9.849,1340,912,66.038,4.608,2.441,0.410,0.771
939,117,1409.594,910.423,54.284,1399,904,18,13,0.499,18.974,1399,911,18.435,11.852,1.668,0.599,0.705
940,30,1257.633,909.100,24.385,1254,905,8,7,0.634,8.544,1254,912,20.556,7.000,1.360,0.735,0.741
941,36,1421.556,907.972,24.142,1418,905,8,6,0.776,9.220,1418,911,40.601,6.000,1.500,0.667,0.857
942,61,1287.959,911.287,32.870,1284,906,8,11,0.709,11.705,1285,906,109.983,8.000,1.359,0.736,0.836
943,33,817.106,911.136,23.556,814,907,6,9,0.747,9.487,816,916,71.565,5.376,2.016,0.496,0.795
944,34,1264.059,911.853,33.799,1258,907,10,8,0.374,11.402,1258,914,37.875,8.000,1.230,0.813,0.607
945,34,1324.676,911.265,26.385,1321,907,7,9,0.614,11.402,1321,907,127.875,6.000,1.964,0.509,0.756
946,25,317.980,910.900,25.213,315,908,8,6,0.494,9.434,315,914,32.005,6.000,1.524,0.656,0.694
947,42,1310.333,910.738,37.213,1303,908,15,5,0.381,15.133,1303,911,172.405,5.000,2.997,0.334,0.712
948,50,1335.860,913.740,31.213,1332,908,7,11,0.645,11.705,1334,908,109.983,7.000,1.988,0.503,0.775
949,91,887.148,915.060,36.627,881,909,11,12,0.852,13.416,885,909,116.565,10.686,1.305,0.766,0.892
950,39,1114.808,912.756,24.485,1112,909,6,8,0.817,10.000,1112,909,126.870,6.000,1.372,0.729,0.897
951,74,1393.216,913.554,33.799,1388,909,11,10,0.814,12.083,1388,911,155.556,9.839,1.179,0.848,0.831
952,148,634.182,925.743,72.142,631,910,6,33,0.357,33.242,633,943,83.089,5.713,6.712,0.149,0.868
953,98,872.367,922.306,56.042,869,910,7,24,0.392,24.187,870,910,97.125,6.622,4.590,0.218,0.766
954,70,1121.586,918.429,38.728,1118,911,6,16,0.586,16.763,1118,911,107.354,5.830,3.327,0.301,0.886
955,55,1223.955,915.827,41.213,1215,911,14,9,0.407,14.765,1215,918,28.301,9.000,1.870,0.535,0.636
956,68,1420.515,916.544,30.971,1416,912,9,9,0.891,11.402,1416,913,142.125,9.000,1.071,0.934,0.913
957,41,1164.037,916.841,31.213,1160,913,9,10,0.529,11.180,1160,913,116.565,8.746,1.197,0.835,0.656
958,29,1403.397,916.121,20.971,1400,913,7,7,0.829,8.602,1401,913,125.538,5.600,1.636,0.611,0.795
959,49,1307.520,917.173,41.698,1298,914,16,7,0.354,16.279,1298,918,10.620,7.000,2.159,0.463,0.653
960,34,1321.294,917.588,23.799,1318,914,7,8,0.754,8.246,1321,922,75.964,7.000,1.181,0.847,0.810
961,41,1240.256,919.159,28.042,1235,915,10,9,0.655,12.042,1236,915,131.634,5.657,2.558,0.391,0.726
962,44,317.364,920.295,37.799,313,916,10,8,0.387,10.630,313,923,41.186,8.000,1.172,0.853,0.662
963,59,556.432,921.110,30.284,551,916,11,10,0.808,12.530,551,918,151.390,7.071,2.014,0.497,0.819
964,43,520.058,920.035,33.456,513,917,13,7,0.483,13.342,513,918,167.005,6.325,2.677,0.374,0.683
965,75,1115.580,926.447,45.556,1113,917,5,20,0.454,20.396,1113,917,101.310,5.000,4.723,0.212,0.847
966,31,1327.339,921.210,24.142,1325,917,5,9,0.668,10.296,1325,926,60.945,5.000,2.390,0.418,0.838
967,26,1155.385,921.538,18.971,1152,918,6,7,0.908,7.616,1154,925,66.801,5.657,1.422,0.703,0.800
968,36,1314.889,921.472,25.213,1310,918,10,6,0.712,10.050,1310,922,174.289,6.000,1.727,0.579,0.809
969,47,1343.287,921.479,27.556,1339,918,8,8,0.778,10.000,1341,918,126.870,7.692,1.205,0.830,0.862
970,33,1397.288,920.864,22.728,1393,918,8,6,0.803,9.434,1393,923,32.005,5.336,1.791,0.558,0.835
971,48,754.104,923.042,24.385,750,919,8,8,1.000,8.944,750,921,153.435,8.000,1.079,0.927,0.889
972,96,1382.938,923.812,58.426,1372,919,19,12,0.353,19.105,1372,922,173.991,11.927,1.705,0.587,0.651
973,61,1403.582,924.926,38.627,1397,919,12,10,0.514,13.892,1397,926,30.256,7.779,1.886,0.530,0.753
974,43,1426.965,923.756,30.870,1422,919,9,10,0.567,10.198,1427,919,101.310,8.321,1.046,0.956,0.729
975,48,1305.625,925.062,35.456,1301,920,11,9,0.480,11.705,1301,922,160.017,7.938,1.486,0.673,0.686
976,30,952.867,924.133,18.728,950,921,6,6,1.000,7.211,951,921,123.690,6.000,1.116,0.896,0.923
977,26,1225.385,924.385,23.556,1222,921,6,7,0.589,8.485,1222,927,45.000,5.578,1.694,0.590,0.743
978,67,1212.067,930.142,48.284,1208,922,10,15,0.361,15.033,1211,922,93.814,10.000,1.226,0.815,0.618
979,26,1087.846,926.731,22.385,1084,923,7,7,0.652,7.616,1084,925,156.801,6.128,1.331,0.751,0.722
980,64,1268.625,928.781,32.385,1264,923,10,10,0.767,12.806,1264,933,38.660,8.854,1.548,0.646,0.837
981,26,1413.154,925.962,25.213,1410,923,8,6,0.514,8.944,1410,929,26.565,6.000,1.615,0.619,0.667
982,150,571.627,934.820,72.811,560,924,25,21,0.356,29.411,561,926,144.689,9.595,4.688,0.213,0.694
983,28,1151.250,927.036,25.799,1148,924,8,8,0.529,8.544,1148,925,159.444,7.496,1.042,0.960,0.644
984,40,1434.575,927.150,23.314,1430,924,8,6,0.925,9.434,1430,929,32.005,6.000,1.317,0.759,0.941
985,129,1312.864,934.105,65.598,1304,925,16,18,0.377,19.416,1304,936,34.509,15.205,1.383,0.723,0.670
986,44,1376.432,930.432,25.556,1372,926,8,8,0.847,9.434,1372,928,147.995,7.778,1.176,0.850,0.846
987,96,866.281,939.948,62.971,864,927,5,28,0.304,28.160,864,927,96.116,5.000,6.942,0.144,0.810
988,38,1144.711,932.158,28.142,1142,927,6,11,0.603,12.083,1142,938,65.556,5.209,2.976,0.336,0.784
989,25,1368.020,931.100,22.385,1364,927,7,8,0.627,9.899,1364,934,45.000,4.243,2.684,0.373,0.725
990,61,1393.975,935.861,44.870,1389,927,11,15,0.381,16.553,1391,927,115.017,9.657,2.168,0.461,0.560
991,47,1200.926,934.734,43.456,1193,929,14,10,0.313,16.643,1193,930,147.265,7.603,3.052,0.328,0.543
992,27,1225.574,931.426,24.142,1221,929,10,5,0.582,10.198,1221,930,168.690,4.851,2.554,0.392,0.711
993,88,1403.045,933.682,50.284,1395,929,18,9,0.437,19.313,1395,931,158.749,8.720,2.425,0.412,0.688
994,26,1414.885,932.077,24.142,1410,929,9,5,0.561,9.849,1410,933,23.962,4.808,2.552,0.392,0.712
995,51,1320.892,936.069,34.042,1317,930,8,11,0.553,13.601,1317,941,53.973,7.845,2.011,0.497,0.750
996,57,1382.904,936.412,35.456,1378,930,10,11,0.570,12.083,1382,930,114.444,10.000,1.100,0.909,0.735
997,112,1433.188,937.411,59.698,1427,930,11,15,0.395,17.205,1428,945,54.462,11.000,1.376,0.727,0.786
998,48,1259.688,936.250,31.213,1256,931,8,10,0.619,10.817,1257,941,56.310,7.778,1.575,0.635,0.768
999,47,472.564,936.457,34.042,467,932,13,8,0.510,13.928,467,934,158.962,7.155,2.181,0.459,0.676
1000,50,1218.420,938.320,37.698,1213,933,12,10,0.442,13.601,1214,935,143.973,8.719,1.560,0.641,0.629
1001,44,1347.364,936.091,27.799,1342,933,11,6,0.715,11.402,1342,934,164.745,6.000,1.919,0.521,0.800
1002,100,1370.600,939.690,53.012,1361,933,16,15,0.447,16.279,1361,937,169.380,12.728,1.132,0.883,0.643
1003,37,561.824,939.554,23.556,559,935,6,9,0.838,9.487,560,944,71.565,6.000,1.637,0.611,0.851
1004,34,872.529,940.176,24.728,870,935,5,10,0.699,10.440,871,935,106.699,5.000,2.367,0.423,0.819
1005,135,1258.885,947.433,65.598,1251,936,16,21,0.394,22.472,1252,936,110.854,13.435,1.554,0.643,0.662
1006,130,1117.931,945.354,53.012,1108,937,19,16,0.581,21.471,1108,950,27.759,10.146,2.649,0.378,0.760
1007,29,1336.776,943.534,21.556,1333,940,8,6,0.784,8.544,1333,946,20.556,6.000,1.504,0.665,0.817
1008,44,1287.136,945.932,28.627,1284,941,7,10,0.675,10.198,1285,941,101.310,7.000,1.298,0.770,0.800
1009,54,1307.519,945.222,34.627,1303,941,9,9,0.566,11.402,1303,949,37.875,8.222,1.452,0.689,0.794
1010,52,1321.269,945.192,29.556,1316,941,9,8,0.748,11.402,1316,948,37.875,8.000,1.275,0.784,0.860
1011,40,1425.225,946.325,30.042,1421,941,9,9,0.557,10.630,1423,941,131.186,7.071,1.691,0.591,0.672
1012,32,1172.938,945.062,28.728,1166,942,11,5,0.487,11.402,1166,944,164.745,5.000,2.537,0.394,0.736
1013,53,1378.387,946.557,31.799,1373,942,10,9,0.659,11.180,1373,946,153.435,8.654,1.390,0.719,0.768
1014,96,1389.938,946.552,44.042,1382,942,15,10,0.622,15.232,1382,943,156.801,10.000,1.332,0.751,0.777
1015,50,307.500,945.880,33.799,301,943,13,7,0.550,13.601,301,943,162.897,7.000,2.069,0.483,0.725
1016,30,1183.833,947.900,27.799,1180,943,7,9,0.488,9.849,1183,943,113.962,6.905,1.459,0.685,0.652
1017,65,589.562,949.685,36.284,584,944,13,11,0.620,15.264,584,945,148.392,7.000,2.612,0.383,0.788
1018,53,1277.311,948.462,38.284,1269,944,14,8,0.454,14.866,1269,951,19.654,7.747,2.563,0.390,0.675
1019,45,1328.856,949.300,31.556,1326,944,6,13,0.568,13.342,1327,944,102.995,6.000,2.141,0.467,0.769
1020,122,1434.598,953.320,53.698,1427,944,12,17,0.532,20.248,1427,961,57.095,11.384,1.855,0.539,0.767
1021,39,872.269,952.064,27.899,870,946,4,12,0.630,12.369,871,958,75.964,4.000,3.296,0.303,0.897
1022,116,1338.009,952.491,45.698,1331,946,14,13,0.698,14.765,1331,956,28.301,12.522,1.211,0.826,0.814
1023,36,1292.972,950.694,29.799,1288,947,9,8,0.509,10.000,1288,953,36.870,7.761,1.254,0.797,0.679
1024,47,1369.457,952.223,34.284,1364,947,9,11,0.502,12.806,1365,948,128.660,7.102,2.096,0.477,0.696
1025,98,633.633,960.214,52.971,630,948,6,24,0.439,24.083,633,948,94.764,6.000,4.614,0.217,0.860
1026,35,1421.071,953.357,26.627,1417,949,7,10,0.620,11.180,1418,949,116.565,5.824,2.286,0.437,0.737
1027,128,1101.000,958.633,59.497,1091,951,20,16,0.454,23.601,1092,967,36.384,9.532,3.354,0.298,0.738
1028,50,1323.940,956.780,34.284,1320,951,8,12,0.535,13.038,1320,952,122.471,7.692,2.141,0.467,0.680
1029,26,1203.615,955.577,30.042,1199,952,9,7,0.362,9.487,1199,958,18.435,6.505,1.663,0.601,0.559
1030,67,1186.022,961.097,40.042,1181,953,10,14,0.525,15.232,1182,967,66.801,9.656,1.837,0.544,0.684
1031,46,1193.891,958.739,30.385,1190,953,8,10,0.626,11.662,1192,953,120.964,7.491,1.826,0.548,0.767
1032,47,1414.330,956.883,30.042,1409,953,10,8,0.654,11.662,1409,960,30.964,7.071,1.803,0.555,0.803
1033,43,361.128,958.895,38.870,355,954,11,11,0.358,13.601,358,954,126.027,7.867,1.772,0.564,0.548
1034,80,603.350,960.462,47.012,595,954,16,13,0.455,17.889,595,956,153.435,8.719,2.615,0.382,0.675
1035,29,1272.293,956.431,20.142,1268,954,8,5,0.898,8.246,1268,956,165.964,5.000,1.575,0.635,0.866
1036,34,1316.824,957.118,24.142,1313,954,9,6,0.733,10.296,1313,954,150.945,5.692,2.046,0.489,0.800
1037,35,584.357,958.700,22.971,581,955,7,7,0.834,8.602,583,955,125.538,6.791,1.257,0.795,0.843
1038,136,1395.015,961.669,55.698,1387,955,18,14,0.551,18.974,1387,955,161.565,13.953,1.113,0.898,0.735
1039,34,1113.235,958.824,32.385,1107,956,14,6,0.407,14.866,1107,962,19.654,5.199,3.347,0.299,0.660
1040,107,867.790,969.668,56.728,865,957,5,26,0.418,26.173,866,957,96.582,5.000,5.901,0.169,0.907
1041,40,392.200,961.500,35.213,385,958,14,8,0.405,14.866,385,958,160.346,6.708,2.900,0.345,0.611
1042,26,516.038,962.462,22.385,512,959,8,6,0.652,10.000,512,959,143.130,5.657,2.082,0.480,0.743
1043,84,1311.226,964.131,48.770,1303,959,15,11,0.444,17.493,1303,961,149.036,9.944,1.693,0.591,0.706
1044,46,1358.957,961.587,30.142,1353,959,11,5,0.636,12.083,1353,959,155.556,5.000,2.388,0.419,0.860
1045,33,1368.106,962.561,27.799,1365,959,9,8,0.537,9.487,1365,961,161.565,7.603,1.167,0.857,0.647
1046,36,1385.528,962.667,24.971,1382,959,7,7,0.726,8.602,1383,959,125.538,6.791,1.242,0.805,0.818
1047,42,456.238,964.595,32.042,451,960,10,9,0.514,11.402,454,960,127.875,7.589,1.658,0.603,0.667
1048,25,464.420,964.180,24.142,461,960,7,7,0.539,9.220,461,966,40.601,6.002,1.805,0.554,0.685
1049,38,1271.237,964.711,34.870,1266,960,9,8,0.393,9.849,1266,967,23.962,8.000,1.137,0.879,0.673
1050,44,1419.818,964.250,33.456,1414,960,12,8,0.494,13.416,1414,966,26.565,5.942,2.605,0.384,0.698
1051,29,1224.983,964.638,23.556,1221,961,7,7,0.657,8.602,1221,963,144.462,7.000,1.124,0.889,0.753
1052,35,1281.843,965.871,25.799,1278,961,7,9,0.661,9.220,1281,961,102.529,6.261,1.538,0.650,0.787
1053,47,1410.287,966.160,27.556,1407,961,8,9,0.778,11.402,1407,961,127.875,7.155,1.624,0.616,0.862
1054,40,640.325,966.975,27.556,638,962,5,11,0.662,11.402,639,973,74.745,5.000,2.402,0.416,0.833
1055,85,1402.594,969.088,38.870,1397,962,10,14,0.707,14.560,1402,976,74.055,9.285,1.657,0.604,0.833
1056,147,1434.507,972.650,58.284,1428,962,11,21,0.544,21.587,1433,962,103.392,10.473,2.459,0.407,0.788
1057,27,509.944,965.944,22.971,507,963,6,8,0.643,8.944,507,963,116.565,6.000,1.453,0.688,0.761
1058,38,627.316,966.053,22.142,623,963,8,6,0.974,8.246,623,966,165.964,6.000,1.198,0.835,0.905
1059,49,691.867,966.643,25.556,687,963,9,7,0.943,10.000,688,970,36.870,7.000,1.360,0.736,0.907
1060,33,467.955,968.530,25.799,464,964,8,9,0.623,11.402,464,973,52.125,4.713,2.954,0.339,0.767
1061,132,620.553,972.492,60.426,611,964,20,16,0.454,23.601,611,965,143.616,10.539,3.014,0.332,0.744
1062,83,1223.042,971.452,52.527,1215,964,17,12,0.378,18.385,1215,964,157.620,10.213,1.832,0.546,0.615
1063,29,1250.224,967.121,24.142,1247,964,7,7,0.625,9.220,1248,964,130.601,6.499,1.593,0.628,0.734
1064,91,1190.797,971.984,54.770,1183,965,14,17,0.381,18.028,1191,982,70.560,13.187,1.570,0.637,0.607
1065,45,1361.767,969.033,28.385,1358,965,8,10,0.702,11.180,1358,965,116.565,7.603,1.554,0.643,0.804
1066,31,1302.629,969.758,22.142,1300,967,7,7,0.795,8.602,1300,973,35.538,6.715,1.458,0.686,0.816
1067,38,1425.447,971.842,24.385,1422,967,7,9,0.803,10.000,1423,967,126.870,6.364,1.624,0.616,0.826
1068,26,1351.500,971.308,21.213,1348,968,7,7,0.726,8.602,1349,968,125.538,4.950,1.966,0.509,0.776
1069,58,1156.466,974.569,32.627,1150,969,12,9,0.685,13.000,1150,978,22.620,7.778,1.849,0.541,0.806
1070,40,1275.525,974.650,31.213,1271,969,9,11,0.516,13.038,1272,980,57.529,5.315,2.977,0.336,0.702
1071,149,1412.104,979.285,69.012,1405,970,14,19,0.393,21.024,1409,989,64.654,13.964,1.580,0.633,0.680
1072,79,1090.335,977.057,41.456,1086,971,9,14,0.578,14.765,1086,971,118.301,8.825,1.842,0.543,0.786
1073,53,1236.387,975.368,34.627,1231,971,10,8,0.555,11.180,1231,973,153.435,8.000,1.539,0.650,0.741
1074,30,1306.733,974.633,22.971,1304,971,6,7,0.714,8.062,1305,971,119.745,6.000,1.488,0.672,0.800
1075,117,1422.714,980.115,56.184,1416,971,16,17,0.466,17.889,1416,975,153.435,12.383,1.589,0.630,0.711
1076,74,957.703,975.946,30.971,952,972,11,8,0.969,12.530,952,973,151.390,8.000,1.462,0.684,0.937
1077,48,1316.000,976.812,37.799,1310,972,13,8,0.422,13.342,1310,976,167.005,8.000,1.371,0.730,0.623
1078,29,1098.707,976.638,29.556,1095,973,7,10,0.417,11.180,1095,973,116.565,6.957,2.175,0.460,0.598
1079,30,1287.467,976.700,26.385,1283,973,8,7,0.542,10.000,1283,973,143.130,6.364,1.802,0.555,0.690
1080,27,1296.315,976.167,22.971,1293,973,7,7,0.643,9.220,1293,973,130.601,6.000,1.418,0.705,0.730
1081,29,457.707,976.466,23.799,453,974,9,5,0.643,9.487,453,978,18.435,5.000,2.303,0.434,0.753
1082,27,1258.981,976.537,19.556,1255,974,8,5,0.887,8.246,1255,978,14.036,5.000,1.579,0.633,0.844
1083,43,1333.756,982.035,34.627,1331,975,6,12,0.451,13.000,1332,975,112.620,6.000,2.219,0.451,0.735
1084,56,1131.089,981.232,39.113,1126,976,12,11,0.460,13.416,1126,985,26.565,9.200,1.468,0.681,0.633
1085,30,1162.633,980.000,22.142,1160,976,5,8,0.769,9.434,1160,984,57.995,5.000,1.765,0.567,0.857
1086,27,552.056,979.389,19.899,548,977,7,5,0.857,8.602,548,977,144.462,5.000,1.408,0.710,0.885
1087,79,638.475,982.842,47.113,630,977,18,12,0.447,20.000,631,977,143.130,6.705,4.131,0.242,0.702
1088,36,1104.500,980.611,28.142,1102,977,6,9,0.571,9.849,1102,977,113.962,6.000,1.703,0.587,0.783
1089,34,1227.794,980.059,20.728,1224,977,7,6,0.994,8.062,1224,982,29.745,6.000,1.138,0.879,0.907
1090,30,1393.500,979.567,20.142,1390,977,7,6,0.929,7.616,1390,981,23.199,6.000,1.299,0.770,0.870
1091,142,1060.176,986.528,73.983,1051,978,19,20,0.326,25.000,1053,998,53.130,11.690,2.236,0.447,0.664
1092,55,1342.336,982.555,34.870,1338,978,9,9,0.568,10.817,1338,979,146.310,9.000,1.056,0.947,0.786
1093,30,337.400,982.900,27.213,334,979,6,10,0.509,10.440,336,979,106.699,6.000,2.023,0.494,0.674
1094,32,1154.875,981.875,23.556,1151,979,8,6,0.725,8.602,1151,984,35.538,5.687,1.733,0.577,0.780
1095,108,1237.500,986.787,51.355,1230,980,14,15,0.515,18.439,1232,980,130.601,12.418,1.648,0.607,0.708
1096,31,1368.371,984.339,21.556,1365,980,6,8,0.838,8.944,1367,980,116.565,5.657,1.644,0.608,0.861
1097,83,1385.030,985.837,47.113,1379,980,12,14,0.470,14.142,1383,980,98.130,11.180,1.145,0.874,0.761
1098,29,1117.534,984.500,21.799,1114,981,8,7,0.767,8.544,1114,982,159.444,6.002,1.611,0.621,0.763
1099,39,1185.910,985.628,28.627,1183,981,6,10,0.598,10.770,1185,981,111.801,6.000,1.771,0.565,0.743
1100,70,1247.500,988.043,46.870,1243,981,13,12,0.400,15.620,1244,981,140.194,9.899,1.507,0.663,0.657
1101,50,1329.580,988.140,37.213,1326,982,9,11,0.454,12.806,1327,982,128.660,8.746,1.570,0.637,0.694
1102,50,1394.000,988.640,31.213,1389,984,11,9,0.645,12.083,1389,991,24.444,8.485,1.471,0.680,0.735
1103,33,1136.288,987.682,23.314,1131,985,9,5,0.763,9.487,1131,988,18.435,5.000,1.836,0.545,0.880
1104,45,1149.189,988.367,33.213,1143,985,13,7,0.513,13.342,1143,990,12.995,6.833,2.406,0.416,0.682
1105,33,1259.197,987.258,24.142,1254,985,10,5,0.711,10.770,1254,986,158.199,4.768,2.485,0.402,0.835
1106,36,1403.361,989.556,30.627,1399,985,9,10,0.482,10.770,1402,995,68.199,6.786,1.785,0.560,0.632
1107,25,1428.540,988.020,18.728,1425,985,6,6,0.896,7.211,1425,989,33.690,6.000,1.136,0.880,0.847
1108,30,1225.167,988.300,25.314,1219,986,11,4,0.588,11.402,1219,990,15.255,4.000,2.725,0.367,0.833
1109,29,1348.603,989.466,28.385,1344,986,8,7,0.452,9.434,1344,992,32.005,6.864,1.490,0.671,0.644
1110,134,661.343,995.410,71.255,647,987,29,16,0.332,30.871,648,987,155.095,6.599,5.883,0.170,0.749
1111,76,1103.658,993.447,44.627,1097,987,12,13,0.480,17.029,1097,987,130.236,8.021,2.464,0.406,0.704
1112,72,1180.139,993.917,51.113,1175,987,11,14,0.346,14.866,1176,1001,70.346,10.822,1.099,0.910,0.613
1113,34,608.706,991.000,33.799,601,988,14,5,0.374,14.866,601,988,160.346,4.384,3.825,0.261,0.694
1114,109,1043.206,994.711,52.184,1033,988,19,13,0.503,19.723,1034,999,30.466,8.940,2.858,0.350,0.765
1115,110,1308.464,993.455,49.698,1300,988,17,10,0.560,18.028,1301,988,146.310,9.806,1.943,0.515,0.789
1116,30,1321.133,990.967,23.556,1316,988,10,5,0.679,10.770,1316,989,158.199,4.743,2.591,0.386,0.833
1117,75,1366.793,993.740,38.870,1361,988,12,12,0.624,13.000,1361,990,157.380,9.899,1.255,0.797,0.750
1118,50,1411.480,993.640,35.213,1406,988,9,11,0.507,11.402,1411,999,74.745,9.000,1.136,0.880,0.671
1119,85,1421.735,993.841,46.284,1416,988,11,13,0.499,14.422,1417,988,123.690,11.000,1.464,0.683,0.726
1120,40,1062.250,995.350,25.556,1057,991,9,7,0.770,10.630,1057,998,41.186,6.800,1.688,0.592,0.842
1121,54,1153.630,996.870,34.971,1150,991,7,14,0.555,14.318,1152,991,102.095,6.576,2.541,0.394,0.777
1122,64,1169.938,1000.516,44.870,1166,991,10,15,0.399,16.553,1169,991,115.017,9.615,1.982,0.505,0.601
1123,71,1203.782,995.401,47.113,1196,991,14,9,0.402,15.232,1196,992,156.801,8.768,1.854,0.539,0.714
1124,55,1225.464,995.282,39.213,1220,991,10,8,0.449,11.662,1220,997,30.964,8.000,1.415,0.707,0.759
1125,29,1258.534,994.672,23.556,1256,991,6,8,0.657,8.602,1256,999,54.462,6.000,1.342,0.745,0.753
1126,68,1393.147,996.647,49.355,1386,991,15,11,0.351,16.643,1387,991,147.265,9.171,1.985,0.504,0.648
1127,52,1232.365,999.308,34.627,1228,992,8,13,0.545,13.928,1230,1005,68.962,6.641,2.730,0.366,0.727
1128,53,388.292,1000.500,40.284,383,993,11,12,0.410,13.416,383,1005,63.435,10.458,1.046,0.956,0.576
1129,45,1082.056,995.856,30.385,1076,993,12,6,0.613,12.649,1076,995,161.565,6.000,2.181,0.459,0.783
1130,30,1092.033,997.067,24.971,1090,993,5,9,0.605,9.487,1090,993,108.435,5.000,1.746,0.573,0.789
1131,46,1112.978,998.478,31.213,1110,993,6,11,0.593,11.402,1112,993,105.255,6.000,2.073,0.482,0.773
1132,38,1215.184,996.368,24.142,1211,993,8,7,0.819,9.434,1211,994,147.995,6.871,1.490,0.671,0.826
1133,70,1323.443,997.571,43.941,1317,993,15,9,0.456,15.133,1317,997,7.595,8.756,1.785,0.560,0.670
1134,86,1334.581,999.860,47.941,1328,993,13,13,0.470,14.765,1331,1006,61.699,11.139,1.287,0.777,0.691
1135,46,1285.391,997.435,34.870,1278,994,13,8,0.475,13.153,1278,997,171.254,7.603,1.702,0.587,0.639
1136,75,1345.553,1002.807,44.870,1340,994,9,16,0.468,16.492,1345,994,104.036,9.000,1.965,0.509,0.701
1137,26,365.923,999.077,20.971,363,995,6,8,0.743,8.544,365,995,110.556,5.547,1.737,0.576,0.743
1138,83,913.512,1002.633,38.627,909,995,10,14,0.699,15.652,911,995,116.565,8.356,2.005,0.499,0.822
1139,41,1160.598,998.476,26.385,1157,995,8,8,0.740,9.434,1158,1003,57.995,7.778,1.178,0.849,0.804
1140,32,1262.875,1001.938,30.627,1259,996,7,11,0.429,11.402,1263,996,105.255,5.966,2.451,0.408,0.653
1141,37,1301.689,1000.014,29.213,1296,996,11,7,0.545,11.180,1296,1000,169.695,6.822,1.719,0.582,0.679
1142,63,1408.786,1002.183,42.527,1402,996,12,13,0.438,17.029,1402,996,130.236,7.496,2.995,0.334,0.667
1143,36,401.389,1000.417,24.971,397,997,8,7,0.726,8.944,397,1001,26.565,7.000,1.123,0.891,0.800
1144,28,1269.464,1000.536,22.142,1266,998,8,6,0.718,8.944,1266,998,153.435,6.000,1.437,0.696,0.767
1145,46,1314.565,1003.435,34.042,1309,999,11,9,0.499,11.705,1309,1007,19.983,8.489,1.589,0.629,0.643
1146,77,681.877,1005.487,45.941,675,1000,14,11,0.458,15.652,675,1002,153.435,8.944,1.961,0.510,0.733
1147,46,1216.261,1003.022,37.213,1208,1000,15,6,0.417,15.297,1208,1003,11.310,5.896,2.759,0.363,0.692
1148,32,361.812,1004.938,21.556,359,1001,6,8,0.865,8.544,360,1001,110.556,6.000,1.626,0.615,0.821
1149,30,631.700,1004.500,26.971,626,1001,10,7,0.518,12.207,626,1001,145.008,4.919,3.257,0.307,0.714
1150,47,1209.096,1006.777,36.284,1202,1002,13,10,0.449,15.000,1202,1003,143.130,6.102,3.227,0.310,0.662
1151,62,1260.000,1008.903,38.042,1256,1002,10,12,0.538,13.601,1257,1002,126.027,9.192,1.773,0.564,0.725
1152,42,1399.619,1006.381,28.385,1396,1002,8,9,0.655,11.402,1397,1011,52.125,6.959,1.881,0.532,0.757
1153,67,1421.112,1005.978,42.627,1415,1002,11,8,0.463,12.083,1415,1004,155.556,8.000,1.328,0.753,0.827
1154,30,1225.833,1006.233,22.971,1222,1003,7,6,0.714,7.810,1224,1003,129.806,6.000,1.146,0.873,0.845
1155,137,1382.675,1008.945,70.426,1370,1003,21,15,0.347,24.187,1370,1005,150.255,13.416,1.809,0.553,0.675
1156,38,671.789,1008.868,28.385,666,1004,10,8,0.593,11.662,666,1012,30.964,6.508,2.445,0.409,0.731
1157,44,1329.773,1009.682,32.042,1325,1004,9,11,0.539,12.530,1328,1004,118.610,7.488,1.836,0.545,0.693
1158,52,1355.019,1008.500,27.213,1350,1004,10,8,0.882,10.770,1350,1007,158.199,7.603,1.525,0.656,0.852
1159,25,608.420,1007.220,22.728,603,1005,10,4,0.608,10.198,603,1007,168.690,3.922,3.013,0.332,0.794
1160,60,1404.667,1010.850,33.213,1401,1005,8,12,0.684,13.000,1402,1017,67.380,7.234,1.985,0.504,0.822
1161,41,443.110,1009.354,39.698,438,1006,10,8,0.327,11.402,439,1013,37.875,7.799,1.564,0.639,0.636
1162,88,697.682,1011.773,44.870,689,1006,17,11,0.549,18.868,690,1006,147.995,6.769,3.169,0.316,0.811
1163,29,1337.707,1009.879,28.042,1333,1006,9,8,0.463,10.296,1333,1007,150.945,6.872,1.781,0.562,0.611
1164,40,1074.500,1011.500,24.971,1070,1007,8,8,0.806,10.000,1071,1015,53.130,6.860,1.525,0.656,0.825
1165,27,1219.167,1010.648,22.385,1215,1007,8,7,0.677,8.544,1215,1012,20.556,5.657,1.674,0.597,0.720
1166,29,1252.259,1010.224,22.971,1248,1007,8,6,0.691,10.000,1248,1013,36.870,5.145,2.293,0.436,0.806
1167,26,1392.385,1011.231,20.728,1390,1007,5,8,0.760,8.544,1391,1007,110.556,4.511,2.106,0.475,0.800
1168,26,1416.846,1012.769,23.556,1414,1009,7,7,0.589,8.062,1414,1009,119.745,6.871,1.210,0.827,0.684
1169,33,1023.348,1012.924,29.314,1016,1010,12,5,0.483,13.000,1016,1015,22.620,4.608,3.292,0.304,0.805
1170,124,1432.556,1016.694,49.799,1424,1010,15,13,0.628,17.692,1427,1023,47.291,12.537,1.343,0.745,0.790
1171,39,401.346,1016.423,33.213,399,1011,5,13,0.444,13.342,399,1024,77.005,5.000,2.979,0.336,0.690
1172,107,716.360,1018.528,50.870,707,1013,20,10,0.520,21.932,707,1013,155.772,7.491,3.529,0.283,0.811
1173,83,869.380,1024.331,46.142,867,1014,5,21,0.490,21.213,868,1014,98.130,5.000,4.184,0.239,0.892
1174,36,684.861,1018.639,27.799,680,1015,11,6,0.585,11.402,680,1018,164.745,6.000,1.741,0.574,0.766
1175,91,699.225,1020.126,46.870,691,1015,18,11,0.521,20.125,691,1015,153.435,7.717,3.189,0.314,0.737
1176,81,1265.685,1019.426,42.284,1258,1015,16,9,0.569,16.279,1258,1016,169.380,8.172,1.966,0.509,0.775
1177,28,1338.357,1018.393,20.728,1335,1015,6,6,0.819,7.211,1335,1017,146.310,6.000,1.151,0.868,0.875
1178,132,1407.826,1021.970,68.083,1398,1015,18,15,0.358,18.682,1398,1018,164.476,13.924,1.185,0.844,0.675
1179,33,1419.773,1018.530,23.556,1416,1015,8,7,0.747,9.434,1416,1021,32.005,5.692,2.010,0.497,0.795
1180,41,1005.354,1019.720,26.971,1002,1016,8,8,0.708,10.000,1002,1023,36.870,6.708,1.473,0.679,0.820
1181,44,1157.273,1022.068,29.799,1153,1016,8,11,0.623,11.402,1158,1016,105.255,7.376,1.428,0.700,0.772
1182,27,1393.870,1019.352,24.627,1390,1016,8,7,0.559,8.944,1390,1019,153.435,6.576,1.306,0.766,0.659
1183,29,1288.086,1020.259,20.142,1284,1017,7,6,0.898,7.616,1284,1019,156.801,6.000,1.212,0.825,0.841
1184,34,1075.824,1021.912,24.971,1071,1018,9,7,0.685,11.402,1071,1025,37.875,5.657,2.310,0.433,0.782
1185,127,1180.059,1027.413,69.497,1171,1018,18,17,0.330,20.125,1171,1033,26.565,14.969,1.574,0.635,0.603
1186,97,1277.201,1024.964,56.184,1270,1018,15,12,0.386,15.811,1270,1024,161.565,12.000,1.255,0.797,0.755
1187,27,1295.463,1021.130,19.556,1292,1018,7,6,0.887,8.062,1292,1023,29.745,5.367,1.506,0.664,0.818
1188,122,738.344,1025.180,60.284,726,1019,24,12,0.422,24.739,726,1024,165.964,6.896,4.199,0.238,0.772
1189,74,1170.189,1024.770,46.284,1162,1019,15,11,0.434,17.000,1162,1028,28.072,9.171,2.185,0.458,0.673
1190,76,1256.211,1026.211,43.456,1253,1019,7,14,0.506,14.560,1254,1033,74.055,7.000,1.922,0.520,0.854
1191,37,1192.689,1025.473,34.042,1189,1020,8,12,0.401,12.369,1189,1032,75.964,7.730,1.665,0.600,0.544
1192,100,965.600,1027.610,53.355,959,1022,13,12,0.441,15.000,959,1024,143.130,11.833,1.194,0.838,0.787
1193,65,1376.285,1027.823,34.284,1371,1023,11,9,0.695,12.083,1371,1025,155.556,9.000,1.204,0.831,0.812
1194,53,1433.877,1025.915,28.728,1428,1023,11,6,0.807,12.083,1428,1024,155.556,6.000,1.639,0.610,0.914
1195,25,1290.380,1026.780,19.314,1288,1024,6,6,0.842,7.211,1288,1024,146.310,6.000,1.073,0.932,0.847
1196,33,1399.803,1028.379,25.556,1396,1024,8,8,0.635,10.630,1396,1024,138.814,6.261,1.901,0.526,0.717
1197,86,951.279,1028.791,42.385,942,1025,17,7,0.602,17.263,942,1029,10.008,7.000,2.737,0.365,0.864
1198,73,1265.404,1029.527,31.556,1261,1025,9,10,0.921,12.207,1261,1025,124.992,9.000,1.230,0.813,0.918
1199,55,756.409,1029.664,30.142,751,1026,11,7,0.761,13.038,751,1026,147.529,6.325,2.287,0.437,0.866
1200,29,979.948,1028.845,23.556,975,1026,9,5,0.657,10.296,975,1031,29.055,5.000,2.502,0.400,0.817
1201,31,1082.790,1030.210,22.142,1080,1026,6,8,0.795,8.944,1080,1034,63.435,6.000,1.439,0.695,0.838
1202,31,1241.242,1029.468,20.728,1238,1026,7,6,0.907,7.810,1238,1032,39.806,6.000,1.237,0.808,0.873
1203,31,1307.661,1031.661,23.314,1305,1027,5,9,0.717,9.487,1306,1036,71.565,4.932,2.006,0.499,0.816
1204,49,1234.418,1032.888,28.142,1230,1028,8,9,0.777,10.000,1231,1036,53.130,7.891,1.228,0.814,0.831
1205,36,1248.222,1031.944,24.385,1245,1028,7,9,0.761,9.849,1247,1037,66.038,5.824,1.892,0.528,0.818
1206,52,1300.442,1034.096,36.627,1295,1028,10,11,0.487,13.601,1296,1039,53.973,8.043,1.922,0.520,0.671
1207,62,1382.968,1033.597,49.355,1376,1028,15,11,0.320,16.643,1376,1037,32.735,7.155,2.882,0.347,0.617
1208,105,772.700,1033.338,50.627,763,1029,21,8,0.515,22.472,763,1029,159.146,6.845,3.673,0.272,0.840
1209,101,933.371,1033.470,43.799,926,1029,16,9,0.662,17.464,926,1037,23.629,9.000,2.054,0.487,0.845
1210,111,1333.329,1035.122,53.598,1325,1029,15,15,0.486,19.849,1325,1031,139.086,11.314,1.699,0.589,0.784
1211,43,1199.500,1034.593,31.556,1196,1030,9,10,0.543,13.454,1196,1040,48.013,6.786,2.358,0.424,0.705
1212,27,1213.389,1033.500,20.385,1210,1030,7,7,0.817,8.062,1211,1037,60.255,5.547,1.475,0.678,0.783
1213,109,1276.858,1034.711,48.284,1270,1030,15,10,0.588,16.155,1270,1037,21.801,9.950,1.592,0.628,0.826
1214,93,917.285,1035.478,42.142,909,1031,16,8,0.658,17.464,909,1039,23.629,7.354,2.722,0.367,0.877
1215,36,1050.611,1034.028,26.385,1046,1031,9,7,0.650,10.296,1046,1031,150.945,6.740,1.723,0.580,0.758
1216,25,1162.300,1033.460,21.556,1158,1031,8,6,0.676,8.246,1158,1032,165.964,5.821,1.608,0.622,0.725
1217,39,1289.064,1034.321,32.627,1285,1031,9,7,0.460,11.402,1285,1038,37.875,6.656,1.952,0.512,0.765
1218,29,1312.810,1034.776,20.142,1310,1031,6,7,0.898,7.810,1310,1038,39.806,6.000,1.218,0.821,0.841
1219,39,1320.013,1035.449,27.799,1317,1031,8,9,0.634,10.000,1317,1031,143.130,7.766,1.264,0.791,0.736
1220,46,788.043,1036.065,31.213,784,1032,8,8,0.593,10.000,784,1040,36.870,8.000,1.066,0.938,0.786
1221,29,1020.466,1034.086,21.314,1017,1032,8,5,0.802,9.434,1017,1037,32.005,5.000,2.035,0.491,0.879
1222,67,1260.828,1037.336,34.627,1255,1032,12,10,0.702,13.601,1256,1033,143.973,8.485,1.792,0.558,0.798
1223,40,1394.025,1036.775,30.042,1390,1032,7,10,0.557,10.198,1394,1042,78.690,7.000,1.367,0.732,0.769
1224,34,449.471,1035.647,23.556,445,1033,9,6,0.770,9.849,445,1037,23.962,6.000,1.639,0.610,0.810
1225,36,756.333,1035.667,23.314,752,1033,9,5,0.832,9.849,752,1033,156.038,5.000,2.109,0.474,0.889
1226,47,1188.287,1038.351,35.456,1183,1033,11,10,0.470,11.705,1183,1042,19.983,8.661,1.237,0.808,0.667
1227,35,1206.357,1038.186,32.042,1201,1033,9,9,0.428,10.296,1201,1040,29.055,8.485,1.367,0.732,0.619
1228,120,1403.750,1038.750,64.426,1396,1033,20,12,0.363,20.881,1396,1044,16.699,12.000,1.587,0.630,0.692
1229,70,799.386,1038.143,40.971,793,1035,13,10,0.524,13.928,793,1035,158.962,10.000,1.557,0.642,0.707
1230,68,812.853,1038.382,32.142,807,1035,12,7,0.827,13.000,807,1036,157.380,6.946,1.980,0.505,0.907
1231,79,890.576,1038.335,40.142,882,1035,16,6,0.616,16.763,882,1041,17.354,6.000,2.917,0.343,0.898
1232,56,903.161,1038.536,40.870,899,1035,9,10,0.421,13.454,899,1045,48.013,9.000,1.299,0.770,0.704
1233,26,973.962,1038.115,19.314,971,1035,6,6,0.876,7.211,971,1041,33.690,6.000,1.138,0.879,0.852
1234,101,764.064,1040.975,58.770,755,1036,22,11,0.367,22.561,755,1045,12.804,11.000,2.335,0.428,0.614
1235,136,831.794,1040.485,70.042,820,1036,26,10,0.348,26.926,820,1037,164.932,9.965,4.402,0.227,0.668
1236,30,1131.767,1039.933,22.971,1127,1037,9,6,0.714,10.296,1127,1038,150.945,4.919,2.492,0.401,0.789
1237,55,1143.045,1043.573,47.698,1134,1037,14,12,0.304,16.401,1134,1047,37.569,8.637,2.164,0.462,0.491
1238,70,1295.029,1043.514,44.870,1290,1037,11,12,0.437,16.279,1290,1037,132.510,8.485,2.279,0.439,0.749
1239,44,1303.818,1040.591,27.799,1300,1037,9,7,0.715,10.296,1300,1044,29.055,7.000,1.309,0.764,0.838
1240,33,1343.439,1040.985,22.385,1340,1037,7,8,0.828,8.544,1342,1045,69.444,6.708,1.196,0.836,0.795
1241,28,1152.607,1042.000,20.971,1150,1038,5,8,0.800,8.246,1151,1046,75.964,5.000,1.544,0.648,0.824
1242,29,1239.397,1041.328,21.314,1237,1038,5,8,0.802,8.544,1239,1046,69.444,5.000,1.604,0.624,0.853
1243,32,1374.750,1041.625,20.971,1371,1038,7,7,0.914,7.616,1371,1043,23.199,6.957,1.062,0.941,0.831
1244,26,1232.962,1041.692,18.728,1229,1039,7,5,0.932,8.062,1229,1040,150.255,5.000,1.415,0.707,0.867
1245,132,1254.667,1046.136,63.255,1246,1039,15,17,0.415,20.616,1248,1040,129.094,14.972,1.379,0.725,0.649
1246,56,1271.071,1044.464,33.456,1267,1039,8,11,0.629,11.705,1269,1039,109.983,8.000,1.669,0.599,0.778
1247,27,1285.574,1041.685,22.142,1281,1039,8,5,0.692,8.544,1281,1041,159.444,5.000,1.746,0.573,0.818
1248,67,1312.142,1047.366,52.284,1307,1039,12,15,0.308,16.643,1310,1039,122.735,8.630,2.274,0.440,0.596
1249,109,1330.069,1044.729,62.912,1321,1039,18,13,0.346,21.095,1321,1041,148.570,10.243,2.165,0.462,0.722
1250,25,478.260,1044.300,26.971,475,1040,6,8,0.432,8.544,476,1048,69.444,6.000,1.432,0.698,0.685
1251,66,611.727,1046.061,50.770,605,1040,15,10,0.322,15.264,607,1040,148.392,9.839,1.461,0.684,0.638
1252,30,718.067,1042.400,24.971,713,1040,10,5,0.605,10.440,713,1044,16.699,4.707,2.804,0.357,0.750
1253,46,1060.543,1043.326,35.456,1054,1040,13,7,0.460,14.318,1054,1047,24.775,7.000,2.103,0.476,0.643
1254,28,1349.571,1044.250,22.971,1347,1040,6,8,0.667,8.944,1347,1048,63.435,6.000,1.621,0.617,0.757
1255,63,977.087,1047.437,41.456,971,1041,10,14,0.461,14.318,976,1055,77.905,10.000,1.410,0.709,0.656
1256,63,1223.643,1046.008,42.385,1215,1041,14,8,0.441,15.232,1215,1048,23.199,8.000,2.101,0.476,0.720
1257,40,1278.475,1045.550,24.971,1275,1041,7,8,0.806,9.434,1276,1041,122.005,7.000,1.228,0.814,0.842
1258,32,1424.312,1045.781,23.314,1422,1041,6,8,0.740,9.434,1423,1041,122.005,6.000,1.743,0.574,0.831
1259,59,986.941,1046.076,35.213,982,1042,13,8,0.598,13.601,982,1043,162.897,7.663,1.950,0.513,0.787
1260,47,1392.904,1047.777,29.556,1389,1042,8,10,0.676,10.817,1391,1042,123.690,7.649,1.248,0.802,0.777
1261,36,770.639,1047.306,30.042,766,1043,10,7,0.501,11.662,766,1049,30.964,6.063,1.982,0.505,0.686
1262,32,1243.875,1046.219,25.213,1239,1043,9,6,0.633,9.487,1239,1048,18.435,6.000,1.416,0.706,0.736
1263,48,808.188,1047.354,33.799,802,1044,12,7,0.528,12.369,802,1049,14.036,7.000,1.999,0.500,0.711
1264,29,1162.569,1047.086,22.142,1159,1044,8,6,0.743,8.246,1159,1050,14.036,5.918,1.250,0.800,0.795
1265,56,1409.625,1047.893,35.456,1404,1044,11,10,0.560,11.402,1408,1054,52.125,10.000,1.167,0.857,0.718
1266,30,838.300,1047.667,25.799,833,1045,10,5,0.566,10.198,833,1047,168.690,5.000,2.422,0.413,0.714
1267,27,1074.870,1047.574,27.799,1070,1045,10,5,0.439,10.440,1070,1049,16.699,5.000,2.254,0.444,0.659
1268,29,1172.155,1048.948,25.213,1168,1045,9,7,0.573,9.055,1168,1048,173.660,6.800,1.180,0.847,0.667
1269,35,1233.929,1048.414,26.728,1230,1045,10,6,0.616,11.180,1230,1046,153.435,6.000,1.949,0.513,0.778
1270,25,1304.900,1047.900,19.556,1302,1045,6,7,0.821,7.616,1303,1045,113.199,5.657,1.352,0.740,0.781
1271,52,1401.808,1050.442,29.213,1398,1045,9,10,0.766,11.402,1400,1045,127.875,7.071,1.608,0.622,0.839
1272,39,426.090,1051.218,29.799,423,1046,7,11,0.552,11.402,425,1046,105.255,6.276,2.243,0.446,0.678
1273,49,756.520,1049.418,31.799,751,1046,11,8,0.609,13.601,751,1054,36.027,6.685,2.191,0.456,0.766
1274,31,870.210,1050.274,27.213,866,1046,8,10,0.526,11.180,868,1046,116.565,5.657,2.607,0.384,0.639
1275,41,1377.378,1050.183,27.556,1374,1046,7,9,0.679,10.000,1374,1054,53.130,6.791,1.598,0.626,0.774
1276,44,1144.841,1051.659,35.799,1138,1047,11,9,0.431,13.038,1138,1054,32.471,9.000,1.186,0.843,0.607
1277,34,1287.559,1051.500,28.385,1283,1047,8,10,0.530,11.180,1283,1047,116.565,6.565,1.756,0.569,0.687
1278,62,1265.839,1053.274,38.042,1262,1048,8,11,0.538,12.806,1262,1048,128.660,8.000,1.544,0.648,0.805
1279,26,1323.077,1050.192,18.485,1320,1048,6,5,0.956,7.211,1320,1048,146.310,5.000,1.322,0.756,0.929
1280,25,763.220,1053.100,20.728,759,1050,8,5,0.731,8.246,759,1053,165.964,5.000,1.598,0.626,0.833
1281,26,1275.846,1052.423,21.556,1272,1050,8,5,0.703,8.544,1272,1051,159.444,4.903,2.088,0.479,0.765
1282,86,1304.767,1056.209,59.012,1296,1050,17,13,0.310,18.788,1296,1051,154.799,10.200,2.000,0.500,0.630
1283,39,1423.577,1052.679,26.971,1419,1050,10,6,0.674,10.440,1419,1052,163.301,6.000,1.873,0.534,0.765
1284,52,1328.558,1056.154,32.385,1324,1051,8,10,0.623,11.662,1326,1061,59.036,8.000,1.379,0.725,0.788
1285,31,411.016,1056.016,30.042,406,1053,9,7,0.432,9.434,406,1054,147.995,7.000,1.215,0.823,0.639
1286,30,1243.367,1057.500,29.213,1239,1053,9,8,0.442,12.042,1239,1061,41.634,6.102,2.765,0.362,0.625
1287,56,1276.661,1058.893,31.456,1270,1055,12,8,0.711,12.649,1270,1061,18.435,8.000,1.862,0.537,0.778
1288,50,1319.360,1058.400,32.971,1313,1055,12,7,0.578,13.892,1313,1055,149.744,6.078,1.981,0.505,0.775
1289,30,1406.567,1058.200,22.971,1403,1055,7,7,0.714,8.062,1403,1059,29.745,6.864,1.213,0.825,0.789
1290,29,1418.741,1058.776,25.799,1415,1055,8,7,0.548,9.434,1415,1056,147.995,5.571,1.983,0.504,0.707
1291,36,570.139,1058.500,27.556,564,1056,11,5,0.596,11.705,564,1057,160.017,5.000,2.671,0.374,0.809
1292,28,930.179,1061.679,25.799,927,1057,7,9,0.529,10.296,928,1057,119.055,5.367,2.599,0.385,0.636
1293,28,774.679,1062.929,25.799,771,1058,8,9,0.529,12.042,771,1067,48.366,4.481,3.595,0.278,0.700
1294,29,1188.983,1061.397,22.385,1185,1058,8,7,0.727,9.434,1185,1064,32.005,5.367,2.110,0.474,0.784
1295,59,1284.025,1064.669,37.113,1280,1058,8,14,0.538,14.560,1283,1072,74.055,7.637,2.134,0.469,0.756
1296,45,562.144,1065.833,33.213,559,1059,6,13,0.513,13.928,559,1059,111.038,5.871,2.927,0.342,0.692
1297,49,1342.214,1063.276,34.042,1336,1059,12,10,0.531,13.454,1336,1059,131.987,7.630,2.150,0.465,0.695
1298,29,905.707,1062.707,25.556,901,1060,10,5,0.558,10.770,901,1064,21.801,4.589,2.844,0.352,0.725
1299,82,1174.963,1066.805,45.113,1168,1060,12,12,0.506,15.000,1168,1070,36.870,11.314,1.178,0.849,0.752
1300,70,1411.029,1067.486,47.213,1404,1060,13,15,0.395,17.804,1404,1074,51.843,8.050,3.031,0.330,0.569
1301,48,1100.896,1066.562,37.456,1095,1061,13,9,0.430,15.264,1095,1061,148.392,6.708,2.721,0.367,0.649
1302,47,1139.734,1064.926,29.799,1135,1061,10,8,0.665,11.180,1135,1061,153.435,7.906,1.326,0.754,0.777
1303,75,1331.007,1064.887,41.213,1324,1061,15,9,0.555,15.811,1324,1069,18.435,9.000,1.866,0.536,0.743
1304,25,460.020,1065.780,23.556,456,1062,8,7,0.566,8.544,456,1065,159.444,6.641,1.153,0.868,0.649
1305,90,928.144,1071.167,53.113,923,1062,10,17,0.401,18.028,924,1062,109.440,10.000,1.701,0.588,0.703
1306,59,939.161,1067.856,39.355,934,1062,11,13,0.479,13.928,936,1075,68.962,8.321,1.924,0.520,0.648
1307,60,1216.800,1068.883,39.456,1212,1062,11,12,0.484,13.038,1216,1062,122.471,10.436,1.465,0.682,0.635
1308,119,1240.567,1068.634,49.941,1233,1062,14,15,0.600,18.028,1236,1062,123.690,12.944,1.572,0.636,0.778
1309,53,1274.708,1065.783,30.627,1269,1062,11,7,0.710,12.530,1269,1062,151.390,7.000,1.868,0.535,0.815
1310,44,1320.477,1064.773,25.556,1315,1062,10,6,0.847,10.770,1315,1063,158.199,6.000,1.725,0.580,0.898
1311,76,1364.868,1066.816,45.698,1358,1063,16,9,0.457,16.763,1358,1068,17.354,8.944,1.963,0.509,0.760
1312,27,955.130,1066.463,24.142,952,1064,8,7,0.582,9.220,953,1071,40.601,6.018,1.554,0.644,0.711
1313,58,1250.086,1069.931,31.556,1246,1064,8,10,0.732,12.207,1247,1064,124.992,8.000,1.226,0.816,0.847
1314,55,1312.773,1068.555,30.870,1308,1064,10,9,0.725,10.770,1308,1072,21.801,8.497,1.224,0.817,0.815
1315,44,919.182,1068.909,30.627,913,1065,11,8,0.589,11.402,913,1069,15.255,7.761,1.732,0.577,0.710
1316,99,1290.227,1071.500,49.698,1285,1065,13,14,0.504,16.125,1288,1079,60.255,10.733,1.776,0.563,0.723
1317,26,1399.269,1069.077,23.799,1395,1065,8,7,0.577,8.544,1395,1071,20.556,6.708,1.411,0.709,0.684
1318,33,1353.167,1069.197,29.213,1347,1066,12,6,0.486,12.649,1347,1068,161.565,4.533,3.352,0.298,0.702
1319,64,1375.734,1072.625,41.113,1370,1066,10,13,0.476,13.153,1376,1066,98.746,9.171,1.492,0.670,0.703
1320,38,959.342,1071.211,30.042,955,1067,9,9,0.529,9.849,958,1067,113.962,8.222,1.399,0.715,0.650
1321,35,427.043,1071.786,34.627,421,1069,12,6,0.367,12.166,421,1073,9.462,6.000,2.476,0.404,0.654
1322,50,915.280,1074.420,32.042,910,1069,11,9,0.612,12.806,911,1069,141.340,6.450,2.258,0.443,0.781
1323,29,1199.155,1076.086,27.556,1193,1073,10,6,0.480,10.440,1193,1075,163.301,6.000,1.636,0.611,0.652
