 ,Area,X,Y,Perim.,BX,BY,Width,Height,Circ.,Feret,FeretX,FeretY,FeretAngle,MinFeret,AR,Round,Solidity
1,29,939.569,4.431,22.728,936,2,8,5,0.705,9.434,936,7,32.005,5.000,1.484,0.674,0.829
2,33,1021.500,10.258,29.213,1017,6,9,10,0.486,12.806,1017,6,128.660,5.657,2.793,0.358,0.660
3,30,987.500,16.133,28.385,982,14,10,5,0.468,11.180,982,19,26.565,5.000,2.066,0.484,0.659
4,35,1019.186,24.014,30.042,1016,19,6,11,0.487,11.705,1016,30,70.017,6.000,1.947,0.514,0.642
5,26,981.769,25.385,25.556,978,21,6,10,0.500,11.180,979,21,116.565,5.209,2.858,0.350,0.634
6,25,875.420,33.100,18.728,873,30,5,6,0.896,7.211,874,30,123.690,5.000,1.316,0.760,0.877
7,33,1025.955,34.167,31.213,1020,30,10,8,0.426,11.314,1022,30,135.000,6.174,2.270,0.441,0.606
8,41,869.793,39.402,31.213,864,36,11,8,0.529,11.180,864,38,153.435,7.140,1.927,0.519,0.651
9,33,1013.167,40.348,26.728,1008,36,9,7,0.580,11.402,1008,43,37.875,5.814,2.364,0.423,0.767
10,25,995.500,39.620,22.385,991,37,8,5,0.627,8.944,991,42,26.565,5.000,1.786,0.560,0.758
11,26,1056.269,41.192,20.971,1052,38,8,6,0.743,8.544,1052,40,159.444,5.199,1.913,0.523,0.754
12,61,974.107,43.156,38.870,966,40,15,7,0.507,15.297,966,43,168.690,6.790,2.722,0.367,0.701
13,25,840.300,45.460,20.971,836,43,8,5,0.714,8.544,836,47,20.556,4.707,2.035,0.491,0.758
14,36,990.417,49.639,28.385,986,44,8,9,0.561,10.296,987,53,60.945,7.211,1.630,0.613,0.720
15,34,1013.824,47.206,29.213,1008,44,12,6,0.501,13.000,1008,44,157.380,5.091,3.043,0.329,0.680
16,39,882.167,51.654,34.870,879,46,7,10,0.403,10.770,880,46,111.801,7.000,1.725,0.580,0.690
17,86,972.605,52.628,51.698,968,46,11,18,0.404,18.974,969,64,71.565,10.901,2.196,0.455,0.608
18,41,1084.110,52.939,30.385,1081,47,8,11,0.558,12.806,1081,47,128.660,6.254,2.753,0.363,0.672
19,25,1037.100,50.660,30.971,1031,48,12,5,0.328,12.649,1031,49,161.565,4.859,2.605,0.384,0.562
20,37,913.635,54.473,29.799,910,49,6,11,0.524,11.705,912,60,70.017,6.000,2.287,0.437,0.718
21,28,1019.679,53.536,24.385,1015,50,9,6,0.592,9.487,1015,56,18.435,6.000,1.739,0.575,0.675
22,26,963.269,55.654,20.142,959,53,8,5,0.805,8.246,959,57,14.036,5.000,1.635,0.612,0.812
23,32,706.594,59.250,22.728,703,56,6,8,0.778,10.000,703,56,126.870,5.800,1.852,0.540,0.877
24,29,873.603,59.603,21.556,870,56,7,6,0.784,8.485,871,56,135.000,6.000,1.193,0.838,0.841
25,31,1094.177,58.210,24.142,1089,56,9,5,0.668,9.849,1089,60,23.962,5.000,1.964,0.509,0.805
26,41,1064.305,63.110,30.385,1061,58,7,11,0.558,12.083,1061,58,114.444,6.641,2.213,0.452,0.707
27,34,1072.559,63.559,32.042,1068,60,9,7,0.416,9.487,1068,61,161.565,7.000,1.354,0.738,0.648
28,33,905.227,64.318,24.385,900,61,10,6,0.697,10.198,900,63,168.690,5.659,1.855,0.539,0.776
29,51,1001.912,69.422,37.456,998,62,8,13,0.457,14.765,998,75,61.699,6.905,2.461,0.406,0.685
30,26,924.731,67.615,22.728,920,65,9,5,0.633,10.296,920,70,29.055,4.315,2.956,0.338,0.788
31,25,1081.300,69.940,20.142,1079,66,5,8,0.774,8.544,1079,66,110.556,4.903,1.910,0.524,0.820
32,36,770.139,69.778,30.385,764,67,12,6,0.490,12.369,764,70,14.036,5.301,3.113,0.321,0.692
33,32,907.219,69.625,26.971,902,67,11,5,0.553,11.402,902,70,15.255,4.713,2.507,0.399,0.771
34,36,1072.917,73.667,34.870,1069,69,9,9,0.372,10.296,1069,69,119.055,8.321,1.183,0.846,0.595
35,30,1050.400,74.933,22.971,1047,71,7,8,0.714,9.434,1048,71,122.005,5.659,2.018,0.496,0.759
36,27,1057.722,74.130,20.142,1054,71,7,6,0.836,8.485,1055,77,45.000,5.657,1.653,0.605,0.831
37,97,1063.149,80.129,58.770,1057,71,11,17,0.353,18.788,1058,88,64.799,11.000,1.917,0.522,0.690
38,66,1024.394,77.727,41.113,1018,73,13,10,0.491,13.601,1018,78,17.103,9.939,1.206,0.830,0.667
39,25,1111.540,76.860,20.971,1109,73,6,8,0.714,8.602,1109,73,125.538,4.919,2.118,0.472,0.769
40,34,1144.324,77.794,25.799,1140,74,9,8,0.642,11.402,1140,74,142.125,4.950,2.802,0.357,0.756
41,33,681.045,78.197,28.385,676,75,10,8,0.515,10.440,676,79,16.699,7.056,1.926,0.519,0.641
42,30,859.867,77.833,23.556,855,76,10,5,0.679,10.198,855,76,168.690,5.000,2.185,0.458,0.789
43,40,1000.525,82.225,33.799,993,77,12,9,0.440,13.038,993,84,32.471,7.488,2.054,0.487,0.584
44,40,857.475,83.325,32.971,850,80,14,6,0.462,14.142,850,83,171.870,6.000,2.591,0.386,0.714
45,57,1047.079,82.675,37.799,1039,80,14,7,0.501,14.765,1039,80,151.699,7.000,2.452,0.408,0.755
46,27,1102.833,85.944,27.799,1099,80,7,11,0.439,12.083,1100,91,65.556,4.240,3.805,0.263,0.651
47,55,1173.355,87.718,46.284,1165,83,17,8,0.323,18.028,1165,89,19.440,7.637,3.140,0.318,0.539
48,29,983.810,87.707,22.971,981,84,7,8,0.691,8.602,981,91,35.538,6.472,1.672,0.598,0.725
49,33,1036.530,90.803,27.556,1033,85,7,9,0.546,11.402,1033,94,52.125,6.364,1.894,0.528,0.725
50,30,1108.500,89.633,22.971,1104,86,8,7,0.714,8.944,1104,89,153.435,6.325,1.497,0.668,0.732
51,35,859.671,90.243,20.971,856,87,8,6,1.000,8.544,856,92,20.556,6.000,1.311,0.763,0.875
52,41,1060.232,91.744,24.728,1056,89,9,6,0.843,10.296,1056,95,29.055,6.000,1.842,0.543,0.901
53,25,995.620,95.540,22.142,992,93,8,5,0.641,9.434,992,98,32.005,4.707,2.383,0.420,0.781
54,25,1067.940,96.260,26.971,1064,94,9,6,0.432,9.849,1064,100,23.962,6.000,1.891,0.529,0.595
55,28,1118.643,96.286,24.728,1113,94,11,4,0.575,11.180,1113,97,10.305,3.946,3.261,0.307,0.812
56,34,1165.029,96.088,28.385,1159,94,11,5,0.530,11.705,1159,94,160.017,5.000,2.326,0.430,0.739
57,50,895.320,100.820,32.971,891,96,8,10,0.578,10.630,891,98,131.186,8.000,1.076,0.930,0.735
58,29,1175.569,98.431,28.142,1171,96,12,5,0.460,12.369,1171,101,14.036,4.881,3.022,0.331,0.690
59,27,1010.648,101.648,21.899,1008,97,5,8,0.707,8.944,1009,97,116.565,5.000,1.977,0.506,0.831
60,36,1057.639,102.417,25.799,1054,97,8,9,0.680,10.817,1055,97,123.690,5.657,1.848,0.541,0.783
61,45,1155.544,99.922,30.385,1149,97,11,7,0.613,11.180,1149,98,153.435,7.000,1.576,0.635,0.769
62,60,1201.433,105.100,49.213,1198,97,7,15,0.311,15.524,1199,97,104.931,7.000,2.123,0.471,0.663
63,69,1066.283,106.993,41.698,1061,100,12,13,0.499,15.811,1063,113,55.305,8.935,1.885,0.530,0.701
64,37,723.797,107.500,24.971,720,103,8,8,0.746,10.630,720,103,131.186,5.814,1.985,0.504,0.813
65,32,666.781,109.531,25.556,664,104,5,10,0.616,10.440,665,104,106.699,5.000,2.388,0.419,0.753
66,93,1042.565,108.392,55.698,1030,104,21,9,0.377,21.587,1030,108,166.608,9.000,2.545,0.393,0.697
67,41,1077.817,108.646,27.213,1074,104,8,10,0.696,11.662,1075,104,120.964,5.657,2.188,0.457,0.774
68,50,1144.060,107.000,32.971,1137,104,14,6,0.578,14.560,1137,105,164.055,5.857,2.981,0.335,0.800
69,59,1169.195,107.788,38.627,1160,104,16,7,0.497,16.492,1160,109,14.036,7.000,2.968,0.337,0.720
70,26,1179.500,107.346,19.314,1177,104,5,7,0.876,7.810,1177,110,50.194,5.000,1.580,0.633,0.867
71,28,915.357,106.536,33.799,908,105,14,4,0.308,14.318,908,106,167.905,3.893,4.710,0.212,0.602
72,26,586.077,110.192,32.284,581,106,9,8,0.313,10.817,581,112,33.690,7.071,1.414,0.707,0.505
73,26,1058.385,110.038,19.314,1056,107,6,6,0.876,7.810,1056,107,140.194,5.814,1.329,0.752,0.852
74,26,1196.192,112.038,18.728,1193,109,6,6,0.932,7.810,1193,115,39.806,5.578,1.403,0.713,0.867
75,25,955.980,112.180,20.142,952,110,8,4,0.774,8.544,952,113,20.556,4.000,2.207,0.453,0.820
76,28,1119.286,114.500,19.899,1116,112,6,6,0.889,7.810,1116,112,140.194,6.000,1.187,0.842,0.875
77,27,1170.278,114.056,19.899,1166,112,8,4,0.857,8.544,1166,115,20.556,4.000,2.055,0.487,0.915
78,34,1186.882,116.588,30.627,1182,112,11,8,0.455,13.601,1182,112,143.973,5.367,3.049,0.328,0.673
79,69,1077.196,118.746,50.527,1071,113,15,10,0.340,16.553,1071,113,154.983,9.944,1.546,0.647,0.636
80,64,1044.203,117.500,46.042,1033,114,19,9,0.379,19.235,1033,115,171.027,7.589,3.124,0.320,0.607
81,42,1058.095,118.262,28.971,1054,114,8,9,0.629,10.817,1054,123,56.310,7.891,1.348,0.742,0.730
82,41,1066.646,117.378,25.556,1062,114,10,6,0.789,10.198,1062,116,168.690,6.000,1.738,0.575,0.828
83,31,1221.532,117.887,26.385,1217,114,7,8,0.560,9.899,1217,121,45.000,7.000,1.349,0.742,0.713
84,30,1019.033,118.733,22.728,1016,115,8,6,0.730,9.434,1016,116,147.995,6.000,1.612,0.620,0.870
85,36,1137.278,117.611,30.142,1131,116,12,4,0.498,12.649,1131,116,161.565,4.000,3.816,0.262,0.837
86,48,1172.833,119.625,36.284,1166,116,13,9,0.458,15.000,1166,125,36.870,6.171,2.648,0.378,0.676
87,26,976.538,123.577,32.385,975,118,5,12,0.312,12.649,975,130,71.565,4.789,3.765,0.266,0.598
88,31,1041.887,122.919,21.556,1039,119,6,8,0.838,8.944,1040,119,116.565,5.199,1.920,0.521,0.838
89,91,1080.863,127.764,54.770,1071,121,18,13,0.381,20.809,1071,134,35.218,9.540,2.697,0.371,0.643
90,36,1133.194,124.583,28.627,1128,121,9,8,0.552,11.402,1128,121,142.125,6.200,2.196,0.455,0.750
91,76,1123.066,131.211,47.113,1118,123,10,14,0.430,15.232,1118,137,66.801,9.864,1.625,0.615,0.679
92,26,1066.462,128.115,20.385,1064,125,6,7,0.786,8.062,1064,132,60.255,5.657,1.467,0.681,0.825
93,54,1226.481,129.815,33.456,1221,125,10,9,0.606,11.402,1224,125,127.875,8.050,1.444,0.693,0.783
94,32,1296.375,130.969,25.314,1294,125,5,10,0.628,11.180,1294,125,116.565,5.000,2.336,0.428,0.842
95,39,629.346,130.859,30.971,624,126,11,8,0.511,12.806,624,134,38.660,5.814,2.628,0.381,0.703
96,29,1111.810,128.948,24.142,1107,126,10,5,0.625,10.770,1107,127,158.199,5.000,2.177,0.459,0.795
97,100,1141.630,136.070,52.527,1137,126,9,18,0.455,18.682,1139,126,105.524,8.969,2.199,0.455,0.735
98,95,1166.774,131.405,47.113,1159,126,17,12,0.538,17.029,1159,132,176.634,10.733,1.417,0.706,0.706
99,25,982.860,129.100,19.556,979,127,8,5,0.821,8.544,979,127,159.444,4.743,1.966,0.509,0.833
100,34,1101.235,129.412,27.213,1096,127,10,5,0.577,10.440,1096,130,16.699,5.000,2.261,0.442,0.764
101,36,1269.111,132.361,30.627,1265,127,8,10,0.482,11.402,1265,128,127.875,7.428,1.826,0.548,0.626
102,32,1289.344,129.906,22.142,1285,127,8,6,0.820,8.944,1285,131,26.565,6.000,1.568,0.638,0.831
103,31,1021.887,131.145,32.627,1016,128,12,6,0.366,12.649,1016,132,18.435,5.432,2.970,0.337,0.574
104,27,1182.944,131.907,21.314,1180,128,5,7,0.747,8.602,1180,135,54.462,5.000,1.657,0.604,0.871
105,26,1234.269,132.462,21.314,1232,128,4,9,0.719,9.220,1234,128,102.529,4.000,1.938,0.516,0.867
106,66,689.212,133.288,41.698,683,129,14,9,0.477,14.866,683,135,19.654,9.000,1.783,0.561,0.684
107,111,1242.311,137.500,58.184,1237,129,12,17,0.412,18.788,1239,146,64.799,11.372,1.945,0.514,0.698
108,88,1155.136,136.807,53.355,1149,130,13,14,0.388,15.232,1152,144,66.801,12.021,1.181,0.847,0.657
109,29,1111.569,134.879,26.971,1107,132,11,6,0.501,12.083,1107,137,24.444,4.670,2.944,0.340,0.699
110,27,1204.944,137.611,28.971,1202,132,7,9,0.404,10.296,1202,132,119.055,6.791,1.663,0.601,0.614
111,30,1219.633,134.833,28.385,1213,132,11,6,0.468,11.402,1213,135,164.745,5.821,2.193,0.456,0.625
112,66,632.318,137.000,39.213,624,134,16,6,0.539,16.492,624,135,165.964,6.000,2.926,0.342,0.810
113,59,982.737,138.636,33.456,977,134,10,10,0.662,12.207,977,134,145.008,9.191,1.210,0.827,0.752
114,45,1287.656,137.122,28.385,1282,134,11,7,0.702,11.705,1282,139,19.983,5.907,2.343,0.427,0.789
115,46,1179.783,139.043,30.385,1174,135,10,9,0.626,10.817,1177,135,123.690,8.141,1.231,0.812,0.697
116,35,1229.500,137.671,24.142,1225,135,10,5,0.755,10.440,1225,136,163.301,5.000,2.209,0.453,0.854
117,98,1219.276,142.959,43.698,1213,136,14,13,0.645,14.866,1213,146,19.654,11.180,1.218,0.821,0.775
118,30,1263.933,140.733,28.042,1260,136,7,10,0.479,10.770,1260,136,111.801,6.399,1.794,0.557,0.594
119,34,1248.559,142.382,25.556,1246,137,5,9,0.654,10.296,1246,146,60.945,5.000,1.677,0.596,0.850
120,35,1255.586,142.443,29.213,1253,137,6,11,0.515,11.705,1253,137,109.983,5.060,2.876,0.348,0.707
121,37,1209.338,142.824,33.799,1202,138,11,9,0.407,13.038,1202,145,32.471,7.200,1.838,0.544,0.583
122,29,1323.190,145.190,34.627,1321,138,5,14,0.304,14.142,1322,138,98.130,5.000,3.777,0.265,0.537
123,26,688.962,141.077,19.314,685,139,7,5,0.876,7.616,685,140,156.801,5.000,1.561,0.641,0.867
124,30,892.333,144.100,25.799,888,140,8,8,0.566,10.630,889,140,131.186,5.270,2.557,0.391,0.706
125,34,1125.088,143.059,29.213,1120,140,10,7,0.501,10.198,1120,144,168.690,6.822,1.446,0.691,0.618
126,85,1150.853,148.312,47.113,1145,140,12,16,0.481,16.763,1148,140,107.354,10.286,2.000,0.500,0.651
127,34,1107.471,143.471,31.799,1100,141,13,6,0.423,13.601,1100,146,17.103,4.903,3.468,0.288,0.636
128,116,1231.655,148.422,62.184,1223,141,17,14,0.377,17.464,1223,148,156.371,12.965,1.413,0.708,0.676
129,29,1177.638,145.190,22.142,1174,142,8,6,0.743,8.944,1174,144,153.435,5.883,1.438,0.695,0.795
130,25,987.140,147.980,24.142,985,143,4,10,0.539,10.198,986,143,101.310,4.000,3.120,0.321,0.735
131,50,1309.560,150.700,39.698,1305,145,10,9,0.399,11.180,1305,148,153.435,9.000,1.253,0.798,0.714
132,52,572.154,150.385,32.627,566,147,11,8,0.614,12.083,566,153,24.444,8.000,1.406,0.711,0.776
133,25,960.820,150.700,23.799,957,147,7,7,0.555,8.062,957,150,150.255,6.668,1.317,0.760,0.694
134,98,1110.041,152.194,56.527,1103,147,17,11,0.385,18.788,1103,147,154.799,11.000,1.685,0.594,0.681
135,34,1041.706,152.118,26.385,1037,148,9,8,0.614,9.849,1037,155,23.962,7.417,1.401,0.714,0.667
136,26,1187.846,150.231,19.899,1184,148,8,4,0.825,8.944,1184,148,153.435,4.000,2.377,0.421,0.897
137,64,1214.672,151.812,46.870,1206,148,18,7,0.366,18.111,1206,152,173.660,6.574,2.993,0.334,0.688
138,27,1260.611,150.611,24.971,1256,148,10,5,0.544,10.770,1256,152,21.801,4.384,2.654,0.377,0.711
139,26,643.231,151.692,22.142,639,149,9,5,0.666,10.296,639,154,29.055,4.315,2.616,0.382,0.800
140,31,1081.984,152.339,26.971,1077,149,11,6,0.536,11.705,1077,150,160.017,4.743,3.097,0.323,0.705
141,37,1171.095,152.230,32.042,1166,149,11,7,0.453,11.045,1166,150,174.806,7.000,1.810,0.552,0.655
142,42,1243.952,153.619,23.556,1240,150,7,8,0.951,10.000,1241,150,126.870,7.000,1.505,0.665,0.903
143,32,905.875,152.844,26.728,900,151,12,4,0.563,12.166,900,154,9.462,3.818,3.817,0.262,0.810
144,70,1264.271,158.200,36.627,1259,151,9,13,0.656,14.213,1259,163,50.711,8.974,1.702,0.588,0.809
145,45,1281.033,156.656,38.284,1274,151,13,12,0.386,17.692,1274,163,42.709,5.657,4.182,0.239,0.629
146,29,563.983,158.879,27.799,559,154,9,8,0.472,12.042,559,162,41.634,5.378,2.519,0.397,0.659
147,48,1196.708,156.417,27.556,1191,154,12,5,0.794,12.369,1191,155,165.964,5.000,2.335,0.428,0.906
148,25,889.700,156.740,22.728,886,155,9,5,0.608,9.849,886,160,23.962,4.682,2.571,0.389,0.781
149,45,1220.011,159.722,31.799,1215,156,11,7,0.559,12.530,1215,162,28.610,6.930,1.906,0.525,0.732
150,42,1238.190,160.119,28.385,1234,156,10,8,0.655,10.770,1234,163,21.801,7.692,1.652,0.605,0.724
151,52,983.038,160.788,35.213,977,157,12,10,0.527,12.649,977,162,18.435,9.475,1.503,0.665,0.638
152,55,993.809,162.118,37.698,989,157,11,11,0.486,12.083,989,167,24.444,10.047,1.233,0.811,0.655
153,28,1040.571,159.143,23.314,1035,157,10,4,0.647,10.198,1035,160,11.310,4.000,2.515,0.398,0.848
154,100,1160.120,162.640,62.184,1151,157,16,13,0.325,17.889,1151,165,26.565,13.000,1.150,0.869,0.678
155,73,1290.979,162.555,42.527,1285,157,11,12,0.507,13.601,1288,169,53.973,10.955,1.209,0.827,0.689
156,48,956.083,161.146,38.142,951,158,13,9,0.415,14.213,953,167,39.289,8.749,1.745,0.573,0.585
157,30,1209.933,160.900,25.213,1205,158,9,7,0.593,10.000,1205,158,143.130,6.000,2.146,0.466,0.714
158,45,1229.922,164.278,42.284,1225,158,10,11,0.316,12.530,1226,169,61.390,10.000,1.199,0.834,0.533
159,25,1309.620,160.460,22.385,1306,158,8,6,0.627,8.246,1306,160,14.036,6.000,1.172,0.853,0.714
160,37,603.716,163.068,27.799,599,159,10,7,0.602,11.402,600,159,142.125,5.600,2.443,0.409,0.763
161,43,695.988,161.547,33.556,689,159,15,5,0.480,15.133,689,161,172.405,5.000,3.581,0.279,0.761
162,25,1200.100,161.980,21.556,1197,159,7,6,0.676,9.220,1197,165,40.601,5.200,2.101,0.476,0.769
163,100,1312.120,169.200,61.012,1303,159,17,17,0.338,22.023,1303,174,39.472,10.812,2.435,0.411,0.573
164,29,1192.776,163.569,20.142,1190,160,6,7,0.898,8.062,1190,167,60.255,6.000,1.409,0.710,0.841
165,28,850.429,166.107,24.142,846,163,10,5,0.604,10.770,846,164,158.199,5.000,2.661,0.376,0.737
166,35,1239.900,166.014,22.142,1237,163,7,7,0.897,9.220,1237,170,40.601,6.364,1.515,0.660,0.875
167,58,1169.828,169.948,35.456,1166,164,8,12,0.580,12.649,1167,164,108.435,8.000,1.804,0.554,0.758
168,44,930.977,168.068,28.142,926,165,10,6,0.698,11.662,926,171,30.964,6.000,2.046,0.489,0.838
169,55,1279.445,169.609,41.698,1273,165,12,11,0.397,13.892,1273,166,149.744,8.485,2.125,0.471,0.611
170,37,1203.311,170.230,28.627,1199,166,8,8,0.567,9.434,1199,168,147.995,7.071,1.263,0.792,0.755
171,142,1211.866,178.282,65.941,1206,166,12,23,0.410,25.080,1206,166,113.499,11.377,2.747,0.364,0.676
172,53,1221.802,171.726,33.799,1217,166,9,10,0.583,12.207,1219,166,124.992,8.232,1.756,0.569,0.746
173,69,1272.674,175.703,46.042,1269,166,8,17,0.409,17.263,1271,166,100.008,8.000,1.934,0.517,0.693
174,27,728.056,170.722,20.728,725,167,5,8,0.790,8.602,725,168,125.538,5.000,1.845,0.542,0.831
175,30,1155.600,171.133,34.042,1149,168,11,8,0.325,11.705,1149,169,160.017,6.626,2.265,0.442,0.522
176,38,1245.053,171.842,25.556,1240,168,9,7,0.731,11.402,1240,175,37.875,6.008,2.153,0.464,0.835
177,49,1293.194,173.500,39.456,1290,168,7,12,0.396,13.000,1292,180,67.380,7.000,1.921,0.521,0.690
178,25,617.420,171.260,20.728,614,169,7,5,0.731,8.602,614,174,35.538,4.608,2.001,0.500,0.833
179,31,897.532,172.597,22.728,893,169,8,6,0.754,8.602,893,174,35.538,6.000,1.313,0.761,0.827
180,25,1230.460,172.020,18.142,1228,169,6,6,0.954,7.211,1228,175,33.690,5.657,1.314,0.761,0.877
181,76,1147.934,175.316,38.870,1140,170,14,11,0.632,15.620,1140,171,140.194,9.171,1.982,0.504,0.768
182,45,866.189,173.633,34.385,859,171,14,5,0.478,14.318,859,173,167.905,5.000,3.159,0.317,0.776
183,91,1164.478,178.401,43.698,1159,171,13,13,0.599,13.928,1160,184,68.962,12.348,1.068,0.936,0.768
184,41,488.793,178.012,29.799,485,172,7,10,0.580,10.770,487,172,111.801,7.000,1.377,0.726,0.752
185,31,1175.113,177.565,33.799,1171,172,7,13,0.341,14.765,1171,185,61.699,4.366,4.175,0.240,0.569
186,65,1199.531,178.531,47.941,1193,172,13,12,0.355,13.928,1193,182,21.038,11.513,1.122,0.891,0.616
187,39,1337.397,175.577,28.971,1332,172,11,7,0.584,12.530,1332,173,151.390,6.364,2.543,0.393,0.736
188,27,924.056,177.167,21.556,920,174,8,6,0.730,8.062,920,178,172.875,6.000,1.116,0.896,0.761
189,91,1284.841,181.907,44.770,1278,174,13,15,0.571,17.804,1278,188,51.843,8.485,2.212,0.452,0.788
190,40,1042.850,180.950,35.799,1039,175,8,11,0.392,12.207,1040,175,124.992,8.000,1.933,0.517,0.588
191,37,1321.743,179.284,26.385,1317,175,8,9,0.668,10.630,1317,176,131.186,5.547,2.214,0.452,0.771
192,30,1141.167,180.500,25.213,1138,176,7,9,0.593,9.849,1138,185,66.038,6.505,1.515,0.660,0.706
193,66,1229.318,180.045,38.870,1223,176,13,9,0.549,13.601,1223,181,17.103,8.878,1.535,0.652,0.737
194,63,1243.183,179.468,39.456,1237,176,12,9,0.509,13.454,1239,185,41.987,9.000,1.724,0.580,0.712
195,29,1252.603,180.569,21.556,1250,176,6,8,0.784,8.944,1251,176,116.565,5.659,1.772,0.564,0.784
196,54,887.519,182.056,43.941,882,177,13,11,0.351,16.401,882,178,142.431,9.012,2.380,0.420,0.565
197,55,960.282,182.445,38.284,955,177,10,11,0.472,12.042,955,187,41.634,9.758,1.376,0.727,0.632
198,49,1304.418,181.520,29.799,1299,177,10,9,0.693,11.402,1299,184,37.875,7.155,1.819,0.550,0.754
199,37,951.338,181.122,28.385,945,178,12,6,0.577,12.369,945,179,165.964,5.571,2.683,0.373,0.725
200,37,1317.041,182.473,25.799,1314,178,7,8,0.699,9.434,1315,178,122.005,7.000,1.579,0.633,0.822
201,32,1335.062,183.781,27.213,1332,179,6,9,0.543,9.849,1334,179,113.962,6.000,1.680,0.595,0.711
202,33,1054.258,184.258,22.971,1051,180,7,8,0.786,9.434,1051,180,122.005,6.261,1.692,0.591,0.805
203,63,1153.452,186.690,37.456,1149,182,9,12,0.564,13.038,1149,182,122.471,8.974,1.616,0.619,0.768
204,56,1293.446,186.804,32.870,1288,182,10,10,0.651,10.770,1288,187,21.801,9.391,1.176,0.850,0.783
205,27,1075.537,187.426,20.728,1073,183,5,8,0.790,8.544,1074,191,69.444,5.000,1.970,0.508,0.818
206,55,1225.064,187.318,45.456,1218,183,17,8,0.334,17.263,1218,185,169.992,8.000,2.605,0.384,0.579
207,32,1246.969,185.188,22.728,1242,183,9,5,0.778,9.487,1242,184,161.565,5.000,1.817,0.550,0.865
208,48,1313.208,189.021,31.213,1309,183,8,11,0.619,11.402,1312,183,105.255,7.778,1.517,0.659,0.756
209,57,1363.219,186.939,31.213,1357,183,12,8,0.735,13.000,1357,189,22.620,7.589,1.819,0.550,0.803
210,33,1306.197,189.894,24.142,1304,185,5,9,0.711,9.849,1305,185,113.962,5.000,2.109,0.474,0.846
211,43,1321.919,189.337,24.971,1318,185,7,9,0.867,9.487,1322,194,71.565,7.000,1.238,0.808,0.869
212,32,1196.719,188.281,21.556,1193,186,8,5,0.865,8.544,1193,186,159.444,5.000,1.674,0.597,0.889
213,41,665.890,192.012,26.971,663,187,8,9,0.708,10.000,663,188,143.130,7.298,1.503,0.665,0.796
214,34,1141.794,190.559,32.042,1137,187,9,7,0.416,10.817,1137,187,146.310,6.708,1.643,0.608,0.708
215,53,1250.085,191.538,35.213,1243,187,13,9,0.537,13.342,1243,193,12.995,8.854,1.902,0.526,0.658
216,86,1057.942,193.372,53.941,1052,188,15,12,0.371,16.155,1052,189,158.199,11.869,1.111,0.900,0.642
217,27,503.426,191.463,24.728,499,189,10,5,0.555,10.770,499,190,158.199,4.667,2.499,0.400,0.711
218,40,1267.775,192.475,30.627,1262,189,11,7,0.536,12.083,1262,190,155.556,6.740,1.898,0.527,0.690
219,49,1286.765,194.724,35.456,1283,189,7,13,0.490,13.928,1284,202,68.962,6.223,2.555,0.391,0.731
220,29,1299.431,193.914,21.556,1296,190,7,7,0.784,8.062,1296,197,29.745,6.499,1.361,0.735,0.795
221,48,1188.146,196.208,32.042,1182,192,11,8,0.588,12.083,1182,198,24.444,6.957,1.956,0.511,0.750
222,98,905.806,198.235,46.042,896,193,17,9,0.581,17.464,896,198,166.759,9.000,2.016,0.496,0.813
223,37,1040.095,195.959,25.799,1035,193,10,6,0.699,10.198,1035,195,168.690,5.425,2.174,0.460,0.796
224,110,1317.845,199.845,51.355,1311,193,14,14,0.524,15.232,1311,203,23.199,11.094,1.425,0.702,0.783
225,44,924.136,198.659,28.385,920,194,9,8,0.686,9.220,920,198,167.471,8.000,1.027,0.973,0.793
226,105,940.748,202.786,61.598,935,194,12,18,0.348,19.313,935,194,111.251,11.927,1.555,0.643,0.654
227,27,1156.907,197.315,20.142,1154,194,6,7,0.836,9.220,1154,194,130.601,4.950,2.041,0.490,0.857
228,41,1112.963,198.354,30.385,1106,195,13,6,0.558,13.153,1106,200,8.746,6.000,2.657,0.376,0.739
229,55,1305.791,198.536,33.213,1300,195,12,9,0.627,12.649,1300,199,18.435,8.944,1.526,0.655,0.759
230,106,809.651,201.934,58.870,800,196,20,10,0.384,21.541,800,196,158.199,9.516,2.330,0.429,0.707
231,51,1266.873,199.853,36.385,1262,196,12,7,0.484,12.649,1262,197,161.565,7.000,1.821,0.549,0.745
232,25,1236.580,199.940,17.314,1234,197,5,6,1.000,6.708,1235,197,116.565,5.000,1.230,0.813,0.909
233,113,1255.624,202.358,51.941,1244,197,19,12,0.526,19.925,1244,200,162.474,11.582,1.762,0.567,0.736
234,40,1367.000,199.850,40.627,1358,197,17,5,0.305,17.029,1358,198,176.634,4.922,4.286,0.233,0.576
235,51,754.343,202.147,29.556,750,198,8,9,0.734,11.314,750,207,45.000,7.814,1.236,0.809,0.823
236,54,1162.148,205.370,44.284,1158,198,9,13,0.346,13.928,1160,211,68.962,8.538,1.850,0.541,0.590
237,49,625.214,203.643,45.113,619,200,14,10,0.303,15.652,619,207,26.565,9.497,2.616,0.382,0.516
238,28,1034.107,203.250,21.556,1030,200,7,7,0.757,7.810,1030,202,140.194,6.800,1.077,0.929,0.757
239,143,1224.262,209.017,67.598,1217,200,17,20,0.393,21.954,1222,220,59.931,14.758,1.715,0.583,0.659
240,43,1279.686,205.965,30.385,1275,200,9,9,0.585,10.817,1276,209,56.310,9.000,1.088,0.919,0.705
241,34,419.265,205.265,28.042,416,201,8,8,0.543,10.000,416,209,36.870,7.778,1.187,0.842,0.673
242,45,797.144,204.611,30.971,790,201,13,6,0.590,13.153,790,204,171.254,6.000,2.462,0.406,0.756
243,51,1024.402,205.892,33.213,1019,201,11,9,0.581,11.180,1020,204,153.435,9.000,1.171,0.854,0.718
244,33,1059.288,204.045,20.142,1056,201,7,6,1.000,7.616,1056,206,23.199,6.000,1.114,0.898,0.904
245,63,1109.690,205.532,43.941,1102,201,15,9,0.410,15.133,1102,207,172.405,9.000,1.838,0.544,0.646
246,39,1194.962,204.013,32.385,1191,201,9,7,0.467,10.296,1191,206,29.055,7.000,1.377,0.726,0.722
247,32,1330.562,204.219,27.556,1326,201,10,7,0.530,11.402,1327,208,37.875,6.200,2.377,0.421,0.640
248,67,450.709,209.888,48.527,443,202,15,13,0.358,15.620,446,202,129.806,9.357,1.915,0.522,0.549
249,87,1187.132,209.282,46.184,1183,202,10,16,0.513,17.889,1183,202,116.565,9.121,2.303,0.434,0.753
250,47,1240.138,206.989,28.627,1235,202,9,10,0.721,10.050,1240,202,95.711,8.433,1.085,0.921,0.764
251,114,1363.614,209.193,47.698,1358,202,13,15,0.630,17.493,1359,217,59.036,11.628,1.486,0.673,0.814
252,67,769.903,208.082,37.213,762,204,15,8,0.608,15.133,762,210,7.595,7.256,2.260,0.443,0.802
253,44,783.523,207.023,32.971,777,204,14,6,0.509,14.142,777,206,171.870,5.545,3.093,0.323,0.739
254,54,1268.333,208.185,36.042,1263,204,11,8,0.522,11.705,1263,207,160.017,8.000,1.212,0.825,0.777
255,44,1322.068,208.205,25.556,1319,204,7,8,0.847,9.434,1320,204,122.005,7.000,1.270,0.787,0.871
256,30,918.867,207.433,20.485,915,205,7,5,0.898,8.062,915,206,150.255,5.000,1.462,0.684,0.923
257,87,930.868,208.707,45.556,923,205,17,8,0.527,18.788,923,205,154.799,8.000,2.608,0.383,0.809
258,37,1081.824,208.365,28.385,1077,205,11,7,0.577,12.083,1077,212,24.444,6.261,2.322,0.431,0.725
259,53,1332.462,209.311,34.042,1326,205,13,8,0.575,13.601,1326,212,17.103,7.155,2.353,0.425,0.736
260,52,1214.308,210.942,32.385,1208,206,10,9,0.623,12.207,1208,214,34.992,9.000,1.447,0.691,0.776
261,75,1233.767,213.633,46.527,1229,206,11,15,0.435,17.205,1229,207,125.538,7.822,2.702,0.370,0.735
262,44,1141.318,209.773,35.456,1135,207,13,6,0.440,13.153,1135,208,171.254,6.000,2.169,0.461,0.688
263,37,1171.581,209.473,26.728,1166,207,11,5,0.651,11.402,1166,211,15.255,4.465,2.953,0.339,0.804
264,56,621.000,213.161,43.113,615,208,13,12,0.379,17.692,615,208,137.291,7.071,3.023,0.331,0.655
265,27,1315.426,211.204,23.799,1312,208,6,7,0.599,7.810,1312,209,129.806,6.000,1.257,0.795,0.771
266,100,750.030,212.750,54.042,740,209,23,8,0.430,23.195,740,215,7.431,8.000,3.709,0.270,0.763
267,78,951.397,213.179,42.627,941,209,17,8,0.539,17.263,941,214,10.008,8.000,2.099,0.476,0.792
268,79,983.930,212.310,37.314,977,209,14,7,0.713,15.232,977,210,156.801,6.644,2.440,0.410,0.893
269,61,1263.352,214.762,34.284,1257,210,12,11,0.652,14.213,1258,210,129.289,7.071,2.311,0.433,0.772
270,58,1024.466,214.897,38.627,1016,211,16,8,0.488,17.088,1016,211,159.444,6.456,3.520,0.284,0.707
271,96,1275.729,215.927,44.042,1268,211,15,11,0.622,18.028,1268,222,33.690,9.414,1.859,0.538,0.800
272,100,728.270,216.890,51.698,719,212,21,9,0.470,21.587,719,213,166.608,8.629,2.935,0.341,0.722
273,63,964.437,217.246,38.042,958,212,14,9,0.547,15.264,959,212,148.392,6.828,2.649,0.378,0.750
274,47,1307.457,217.394,32.627,1302,213,11,9,0.555,12.083,1302,218,24.444,7.906,1.535,0.652,0.707
275,70,1322.157,218.071,42.284,1317,213,11,12,0.492,13.601,1318,224,53.973,9.653,1.671,0.599,0.729
276,36,1120.056,217.500,29.799,1115,214,10,7,0.509,10.770,1115,214,158.199,6.788,1.599,0.625,0.661
277,27,1380.611,216.981,24.971,1376,214,8,6,0.544,8.944,1376,216,153.435,6.000,1.393,0.718,0.720
278,112,714.304,221.938,57.598,705,215,19,13,0.424,19.647,705,226,14.744,10.436,1.965,0.509,0.739
279,27,881.389,218.537,19.899,879,215,5,7,0.857,8.062,879,215,119.745,5.000,1.214,0.824,0.871
280,39,1109.167,219.269,25.556,1106,215,7,8,0.750,10.000,1106,223,53.130,7.000,1.500,0.667,0.821
281,36,1129.222,219.000,27.213,1124,215,9,8,0.611,11.402,1124,223,37.875,6.247,2.075,0.482,0.735
282,117,1368.534,220.534,67.497,1360,215,18,14,0.323,18.439,1360,218,167.471,13.825,1.552,0.644,0.614
283,99,980.419,220.742,43.213,972,216,15,10,0.666,15.811,972,222,18.435,9.610,1.598,0.626,0.843
284,73,1229.705,222.158,38.284,1224,216,12,12,0.626,13.601,1225,217,143.973,9.839,1.490,0.671,0.756
285,45,1330.589,221.033,40.870,1325,216,10,10,0.339,10.296,1325,220,150.945,9.192,1.178,0.849,0.621
286,26,604.885,219.500,23.556,600,217,9,5,0.589,9.487,600,220,18.435,4.768,2.379,0.420,0.712
287,25,1172.580,219.620,25.556,1168,217,10,5,0.481,10.198,1168,217,168.690,4.749,2.638,0.379,0.667
288,26,1314.615,219.154,19.314,1311,217,7,5,0.876,8.062,1311,221,29.745,5.000,1.659,0.603,0.867
289,32,1345.844,221.844,23.556,1343,217,7,8,0.725,10.630,1343,217,131.186,5.622,1.954,0.512,0.831
290,25,1161.940,220.220,19.556,1158,218,8,5,0.821,8.544,1158,222,20.556,4.851,1.829,0.547,0.806
291,33,614.439,221.470,24.142,610,219,9,6,0.711,10.296,610,219,150.945,5.376,2.341,0.427,0.786
292,27,1192.204,223.093,21.799,1189,219,6,8,0.714,8.544,1191,219,110.556,5.336,1.865,0.536,0.771
293,77,1066.058,227.994,51.113,1062,220,9,20,0.370,21.190,1062,240,70.710,7.452,3.731,0.268,0.661
294,130,1258.969,230.854,69.740,1253,221,13,21,0.336,21.587,1255,221,103.392,12.279,1.994,0.501,0.658
295,38,1313.895,226.289,24.385,1310,222,7,9,0.803,10.817,1310,222,123.690,6.102,2.051,0.487,0.826
296,30,816.867,227.800,25.556,814,223,5,9,0.577,9.849,814,223,113.962,5.000,2.196,0.455,0.706
297,25,1380.900,227.260,21.314,1377,223,6,7,0.692,8.602,1378,230,54.462,6.000,1.636,0.611,0.794
298,45,1102.056,229.456,32.385,1097,224,9,10,0.539,12.806,1097,234,51.340,7.488,1.904,0.525,0.703
299,63,1305.024,229.262,36.870,1300,224,10,11,0.582,13.601,1301,235,53.973,8.050,1.822,0.549,0.746
300,43,1322.826,228.477,28.385,1318,225,9,8,0.671,10.630,1320,233,48.814,7.056,1.567,0.638,0.782
301,27,576.056,228.759,20.142,572,226,7,6,0.836,8.062,572,227,150.255,6.000,1.437,0.696,0.806
302,30,672.833,229.100,20.142,670,226,7,6,0.929,8.062,670,232,29.745,6.000,1.208,0.828,0.882
303,29,1234.466,229.948,20.971,1231,227,8,6,0.829,8.944,1231,228,153.435,5.491,1.776,0.563,0.829
304,38,1242.711,230.737,28.971,1238,227,11,7,0.569,12.083,1238,227,155.556,6.641,1.808,0.553,0.745
305,41,526.329,234.939,34.385,522,228,10,11,0.436,14.213,522,239,50.711,7.000,2.656,0.377,0.617
306,41,663.915,233.963,38.385,656,228,13,9,0.350,14.422,656,237,33.690,7.373,2.384,0.419,0.550
307,25,1041.980,230.300,25.556,1038,228,10,5,0.481,10.770,1038,233,21.801,5.000,2.433,0.411,0.649
308,37,1329.986,233.851,30.627,1326,228,8,11,0.496,13.038,1326,239,57.529,5.077,3.349,0.299,0.698
309,62,1230.355,233.968,49.355,1220,229,18,10,0.320,18.974,1220,232,161.565,6.641,3.457,0.289,0.579
310,40,1338.350,233.575,29.213,1335,229,7,10,0.589,11.180,1335,229,116.565,6.708,1.717,0.582,0.755
311,64,1389.438,239.391,49.456,1383,229,12,16,0.329,19.416,1383,245,55.491,9.287,2.324,0.430,0.536
312,116,1363.224,237.103,58.184,1357,230,14,14,0.431,15.264,1358,232,148.392,13.460,1.123,0.890,0.746
313,51,1186.147,240.029,39.698,1181,232,9,14,0.407,16.643,1181,246,57.265,6.261,3.263,0.306,0.689
314,94,675.702,238.521,58.184,664,233,23,13,0.349,25.080,664,245,23.499,8.010,4.402,0.227,0.657
315,58,1273.914,238.448,33.456,1270,233,8,11,0.651,11.705,1272,244,70.017,8.000,1.606,0.623,0.795
316,103,1042.257,241.927,58.184,1037,234,14,16,0.382,17.804,1037,249,38.157,14.000,1.374,0.728,0.634
317,28,1310.357,237.429,24.385,1306,234,9,7,0.592,10.817,1306,240,33.690,4.919,2.944,0.340,0.709
318,27,1320.241,238.685,22.728,1317,234,6,8,0.657,8.944,1318,242,63.435,6.000,1.601,0.624,0.720
319,57,1353.675,239.114,29.556,1350,234,8,10,0.820,11.180,1352,234,116.565,7.967,1.524,0.656,0.844
320,37,1345.203,238.257,23.556,1341,235,8,7,0.838,9.434,1341,240,32.005,6.791,1.402,0.713,0.841
321,25,1201.100,239.740,24.971,1197,236,9,7,0.504,10.817,1197,242,33.690,4.950,2.724,0.367,0.658
322,65,1266.685,241.962,39.456,1262,236,10,12,0.525,13.416,1265,236,116.565,8.222,1.624,0.616,0.718
323,57,1286.079,239.939,39.799,1280,236,13,7,0.452,13.601,1280,243,17.103,7.000,1.674,0.597,0.750
324,30,1121.833,240.267,25.314,1117,238,11,4,0.588,11.402,1117,242,15.255,4.000,2.971,0.337,0.822
325,86,1335.919,245.209,40.627,1332,238,8,14,0.655,15.652,1333,238,116.565,8.000,1.790,0.559,0.860
326,30,1092.633,245.067,25.799,1090,240,6,10,0.566,10.440,1090,250,73.301,5.590,2.281,0.438,0.732
327,29,1109.500,243.879,20.385,1106,240,7,7,0.877,8.062,1106,242,150.255,5.600,1.563,0.640,0.817
328,34,1242.088,242.353,26.142,1237,240,11,5,0.625,11.402,1237,244,15.255,4.950,2.801,0.357,0.782
329,64,1316.141,245.141,36.042,1310,240,13,10,0.619,13.454,1311,240,138.013,8.944,1.821,0.549,0.719
330,33,824.833,243.742,20.142,821,241,7,6,1.000,8.062,821,242,150.255,6.000,1.283,0.779,0.917
331,58,1055.000,245.983,37.213,1051,241,9,11,0.526,12.530,1053,252,61.390,9.000,1.190,0.841,0.748
332,46,1294.391,245.826,30.627,1291,241,7,11,0.616,11.705,1293,241,109.983,6.698,1.849,0.541,0.780
333,29,1401.672,243.983,22.971,1397,241,9,5,0.691,9.487,1397,246,18.435,5.000,2.054,0.487,0.817
334,149,807.721,249.534,45.698,801,242,14,15,0.897,16.155,805,242,111.801,12.868,1.234,0.810,0.898
335,110,1022.409,253.573,57.456,1017,243,11,20,0.419,21.932,1018,243,114.228,10.686,2.336,0.428,0.712
336,36,1344.750,246.611,24.142,1341,243,7,7,0.776,9.899,1341,243,135.000,7.000,1.553,0.644,0.837
337,83,1203.042,250.187,54.527,1193,244,18,12,0.351,21.633,1193,244,146.310,10.262,2.098,0.477,0.597
338,144,1227.194,253.743,63.598,1217,244,19,17,0.447,22.472,1217,249,147.724,13.743,1.793,0.558,0.689
339,25,1119.660,247.580,21.556,1117,245,6,6,0.676,7.810,1117,251,39.806,6.000,1.174,0.852,0.806
340,49,1330.357,250.786,33.213,1326,245,9,11,0.558,13.038,1328,245,122.471,6.946,2.252,0.444,0.700
341,36,1352.361,249.278,26.142,1349,245,7,9,0.662,11.402,1349,245,127.875,5.367,2.535,0.394,0.791
342,44,1047.614,250.432,26.385,1043,246,9,8,0.794,9.849,1043,249,156.038,7.603,1.164,0.859,0.807
343,37,1148.365,248.257,27.556,1142,246,11,5,0.612,11.705,1142,247,160.017,5.000,2.556,0.391,0.822
344,92,1246.891,252.750,48.527,1238,246,15,13,0.491,17.493,1238,255,30.964,11.978,1.214,0.824,0.702
345,57,1360.781,251.711,31.799,1356,246,9,10,0.708,12.042,1357,247,131.634,8.222,1.619,0.618,0.803
346,99,1407.803,252.015,50.527,1399,246,15,14,0.487,17.029,1399,248,139.764,13.587,1.317,0.759,0.697
347,26,1287.962,249.962,20.142,1285,247,6,7,0.805,7.616,1285,247,113.199,5.883,1.315,0.760,0.812
348,63,1322.516,254.611,42.042,1317,247,11,14,0.448,14.866,1319,261,70.346,10.587,1.272,0.786,0.627
349,41,1383.988,249.159,27.556,1378,247,12,4,0.679,12.369,1378,248,165.964,4.000,2.971,0.337,0.911
350,30,1258.433,250.433,25.556,1254,248,10,5,0.577,11.180,1254,248,153.435,4.525,2.866,0.349,0.769
351,58,1181.931,254.466,37.799,1175,249,12,10,0.510,13.000,1175,253,157.380,9.944,1.732,0.577,0.663
352,46,473.783,255.217,36.385,470,250,10,9,0.437,12.728,471,250,135.000,9.000,1.264,0.791,0.672
353,61,628.451,255.270,36.042,623,251,12,9,0.590,12.649,623,257,18.435,8.356,1.848,0.541,0.735
354,93,1142.941,255.511,60.184,1131,251,22,10,0.323,23.087,1131,259,17.650,7.809,3.619,0.276,0.653
355,115,1296.091,256.613,63.255,1287,251,19,12,0.361,19.235,1287,255,171.027,11.455,1.895,0.528,0.671
356,31,1346.887,253.952,20.971,1343,251,8,6,0.886,8.544,1343,252,159.444,5.336,1.733,0.577,0.816
357,33,1339.470,256.530,24.142,1336,252,7,8,0.711,10.630,1336,252,131.186,5.657,2.072,0.483,0.795
358,27,537.944,255.537,22.971,533,253,9,5,0.643,9.220,533,254,167.471,5.000,2.086,0.479,0.761
359,39,1256.808,257.679,29.456,1253,253,7,10,0.565,10.817,1254,253,123.690,6.456,1.880,0.532,0.736
360,44,1086.386,257.182,25.556,1082,254,9,7,0.847,10.000,1082,255,143.130,6.641,1.639,0.610,0.863
361,29,1104.397,257.293,23.799,1101,254,7,8,0.643,8.944,1102,254,116.565,6.641,1.334,0.750,0.682
362,64,1266.406,258.000,38.385,1260,254,13,8,0.546,13.892,1260,254,149.744,8.000,1.931,0.518,0.753
363,29,443.086,258.017,20.728,440,255,6,6,0.848,7.810,441,255,129.806,6.000,1.240,0.807,0.866
364,29,738.534,258.845,19.314,736,255,5,7,0.977,8.062,737,255,119.745,5.000,1.394,0.717,0.921
365,51,1359.618,258.637,38.627,1352,255,14,7,0.430,14.866,1352,256,160.346,5.883,2.929,0.341,0.675
366,40,540.850,261.075,38.284,534,256,13,9,0.343,14.765,534,263,28.301,6.605,2.377,0.421,0.533
367,65,1241.515,260.623,39.456,1237,256,11,10,0.525,12.530,1237,265,28.610,9.803,1.143,0.875,0.756
368,63,693.230,261.976,31.799,689,257,9,10,0.783,10.770,691,257,111.801,8.944,1.280,0.781,0.857
369,25,1317.620,263.140,24.971,1313,259,9,7,0.504,11.402,1313,259,142.125,4.841,3.069,0.326,0.641
370,36,1337.444,264.222,26.971,1334,259,6,11,0.622,11.705,1336,259,109.983,5.692,2.365,0.423,0.809
371,27,1137.944,264.352,21.556,1135,260,6,8,0.730,9.434,1135,268,57.995,4.919,2.201,0.454,0.783
372,35,1144.243,264.700,30.627,1141,260,7,11,0.469,11.402,1141,260,105.255,6.667,1.897,0.527,0.625
373,31,1153.242,263.468,21.556,1150,260,7,7,0.838,8.602,1151,260,125.538,6.200,1.707,0.586,0.816
374,34,1204.353,263.529,20.385,1201,260,7,7,1.000,7.616,1201,262,156.801,7.000,1.052,0.951,0.861
375,25,1349.940,263.420,17.314,1347,261,6,5,1.000,6.708,1347,262,153.435,5.000,1.230,0.813,0.909
376,26,1421.846,263.115,18.728,1418,261,8,4,0.932,8.246,1418,262,165.964,4.000,2.011,0.497,0.897
377,32,1252.438,265.344,22.971,1249,262,8,6,0.762,8.544,1249,267,20.556,6.000,1.440,0.694,0.800
378,49,1266.153,266.173,26.142,1262,262,8,8,0.901,10.630,1262,270,41.186,7.488,1.501,0.666,0.891
379,35,1289.871,266.357,24.385,1287,262,6,9,0.740,9.487,1288,262,108.435,5.491,1.956,0.511,0.795
380,64,1327.750,267.938,40.284,1323,262,10,12,0.496,13.416,1327,274,63.435,9.944,1.411,0.709,0.696
381,90,1385.078,268.400,49.941,1378,262,16,13,0.453,16.279,1378,266,169.380,12.452,1.490,0.671,0.629
382,64,1410.047,266.484,38.284,1404,262,14,10,0.549,14.866,1404,263,160.346,9.544,1.845,0.542,0.696
383,65,786.162,272.731,42.971,784,263,5,19,0.442,19.105,785,263,96.009,5.000,4.338,0.231,0.812
384,41,1354.695,269.280,28.142,1352,263,5,12,0.651,12.369,1354,275,75.964,5.000,2.556,0.391,0.845
385,68,1360.603,270.926,36.627,1357,263,8,14,0.637,14.318,1358,277,77.905,8.000,1.756,0.570,0.810
386,29,1182.086,266.914,23.314,1177,264,9,5,0.670,10.296,1177,269,29.055,5.000,2.176,0.460,0.806
387,143,1236.003,273.367,61.841,1229,264,15,18,0.470,18.248,1234,264,99.462,14.798,1.308,0.764,0.733
388,68,1100.765,269.676,34.042,1096,265,9,11,0.737,12.530,1097,265,118.610,9.000,1.233,0.811,0.845
389,38,1306.053,267.842,24.142,1301,265,9,6,0.819,9.849,1301,269,23.962,6.000,1.493,0.670,0.864
390,32,1160.031,271.719,30.627,1157,266,5,12,0.429,12.166,1160,266,99.462,5.000,3.262,0.307,0.674
391,60,1345.267,269.600,34.971,1340,266,11,9,0.617,12.530,1340,274,28.610,8.854,1.537,0.650,0.759
392,35,475.386,269.129,30.385,469,267,11,5,0.476,11.402,469,269,164.745,5.000,2.438,0.410,0.693
393,49,1334.153,271.541,29.456,1330,267,8,10,0.710,10.770,1331,267,111.801,7.891,1.473,0.679,0.766
394,32,1153.406,271.781,24.142,1150,268,6,8,0.690,8.944,1152,276,63.435,6.000,1.615,0.619,0.780
395,27,1200.093,270.981,21.556,1196,268,7,7,0.730,8.602,1197,268,125.538,5.310,1.923,0.520,0.761
396,25,1370.780,271.380,19.314,1368,268,5,7,0.842,7.810,1368,269,129.806,5.000,1.272,0.786,0.847
397,38,1422.105,272.184,29.456,1418,268,9,8,0.550,10.296,1418,269,150.945,7.603,1.344,0.744,0.704
398,26,498.923,271.615,22.142,495,269,8,5,0.666,8.944,495,274,26.565,5.000,1.810,0.552,0.788
399,90,1192.122,276.567,46.870,1185,270,14,13,0.515,15.264,1186,281,31.608,11.267,1.686,0.593,0.667
400,41,1297.061,272.744,24.728,1292,270,9,6,0.843,10.296,1292,271,150.945,6.000,1.676,0.597,0.882
401,86,1391.709,275.198,53.355,1385,270,13,11,0.380,15.000,1385,279,36.870,10.983,1.397,0.716,0.741
402,41,1413.622,273.549,28.627,1408,270,10,7,0.629,10.817,1408,277,33.690,7.000,1.566,0.638,0.707
403,33,1261.439,274.742,31.213,1255,271,11,7,0.426,11.705,1255,275,19.983,6.063,2.381,0.420,0.589
404,43,1306.291,274.709,33.556,1302,272,11,8,0.480,13.601,1302,280,36.027,6.678,2.430,0.412,0.748
405,58,1294.586,279.000,42.527,1287,273,14,13,0.403,17.692,1288,273,132.709,6.600,3.583,0.279,0.637
406,59,1346.907,278.229,35.213,1343,273,10,12,0.598,13.601,1343,284,53.973,8.000,2.167,0.462,0.694
407,64,1096.406,279.078,31.799,1092,274,9,11,0.795,11.705,1094,274,109.983,7.906,1.609,0.621,0.848
408,44,1246.909,278.614,33.456,1242,274,10,10,0.494,10.440,1245,274,106.699,8.902,1.101,0.908,0.638
409,27,502.130,279.648,18.728,500,276,5,7,0.967,7.616,500,283,66.801,5.000,1.439,0.695,0.900
410,133,1329.605,281.996,51.113,1319,276,21,10,0.640,21.213,1319,281,171.870,10.000,2.074,0.482,0.850
411,59,1353.669,281.551,40.042,1349,276,9,10,0.462,11.662,1350,286,59.036,8.974,1.354,0.739,0.787
412,49,491.276,283.010,42.284,485,277,12,10,0.344,13.416,485,283,26.565,9.291,1.280,0.781,0.566
413,30,688.700,281.033,20.142,686,277,5,8,0.929,8.246,688,277,104.036,5.000,1.599,0.625,0.882
414,73,1313.815,283.637,39.456,1309,277,10,12,0.589,13.892,1311,289,59.744,10.000,1.202,0.832,0.749
415,26,1362.500,279.115,18.485,1359,277,7,4,0.956,7.616,1359,278,156.801,4.000,1.725,0.580,0.963
416,142,1422.387,282.324,57.012,1413,277,18,12,0.549,19.313,1413,286,21.251,12.000,1.683,0.594,0.791
417,37,599.770,282.527,27.456,595,279,10,8,0.617,10.770,595,285,21.801,5.929,2.113,0.473,0.755
418,28,1283.536,282.143,26.971,1278,280,10,5,0.484,10.198,1278,280,168.690,5.000,1.928,0.519,0.718
419,28,1304.857,284.214,20.728,1302,280,5,8,0.819,8.544,1303,288,69.444,5.000,1.742,0.574,0.836
420,123,1369.736,289.329,54.284,1362,280,13,18,0.525,18.974,1367,280,108.435,12.851,1.595,0.627,0.707
421,117,1391.124,286.440,58.184,1382,280,17,13,0.434,19.416,1382,280,145.491,11.180,1.899,0.527,0.777
422,29,1154.500,285.810,30.971,1150,282,11,6,0.380,12.083,1150,283,155.556,5.376,3.021,0.331,0.574
423,73,1360.678,287.144,37.799,1355,282,11,11,0.642,14.213,1356,293,50.711,9.600,1.747,0.573,0.772
424,68,878.809,287.544,30.627,874,283,10,10,0.911,11.662,876,293,59.036,8.485,1.399,0.715,0.877
425,42,1224.310,288.429,33.556,1219,284,8,10,0.469,11.180,1222,294,63.435,8.000,1.386,0.722,0.646
426,37,1289.716,287.932,26.385,1285,284,8,9,0.668,9.487,1288,284,108.435,7.603,1.133,0.882,0.733
427,43,1343.895,288.477,29.799,1339,284,10,8,0.609,10.296,1339,286,150.945,6.685,1.721,0.581,0.741
428,31,591.532,289.145,28.042,588,285,8,9,0.495,10.630,588,294,41.186,6.364,2.148,0.466,0.697
429,34,1121.382,288.412,21.314,1118,285,6,7,0.941,8.602,1119,285,125.538,6.000,1.341,0.746,0.907
430,78,1325.910,290.679,36.385,1320,286,11,10,0.740,12.806,1321,286,141.340,9.799,1.260,0.794,0.839
431,32,1299.062,289.625,24.728,1294,287,10,5,0.658,11.180,1294,287,153.435,5.000,2.822,0.354,0.810
432,44,1335.159,290.477,24.485,1332,287,7,7,0.922,9.220,1332,287,130.601,7.000,1.078,0.928,0.946
433,69,1417.717,290.949,41.456,1411,287,15,7,0.505,15.524,1411,289,165.069,7.000,2.554,0.392,0.771
434,65,1241.454,291.408,45.456,1232,288,18,8,0.395,18.682,1232,294,15.524,7.799,2.875,0.348,0.640
435,30,1267.400,291.467,20.142,1264,288,7,6,0.929,8.062,1264,294,29.745,6.000,1.256,0.796,0.857
436,25,1306.020,292.820,28.385,1301,288,8,10,0.390,11.402,1301,297,52.125,5.194,2.998,0.334,0.521
437,29,1316.741,290.948,22.142,1312,288,8,6,0.743,8.544,1312,290,159.444,6.000,1.317,0.759,0.795
438,48,1114.250,293.333,27.213,1110,289,9,9,0.815,10.296,1110,296,29.055,7.211,1.601,0.624,0.828
439,75,1255.460,293.047,39.213,1248,289,15,8,0.613,15.524,1248,295,14.931,8.000,2.186,0.457,0.806
440,43,1216.849,294.105,29.213,1212,290,9,9,0.633,11.402,1214,299,52.125,7.000,1.657,0.603,0.748
441,71,1120.599,297.937,32.870,1115,293,11,11,0.826,12.083,1115,300,24.444,8.321,1.446,0.691,0.855
442,34,1295.059,297.000,29.213,1290,293,9,8,0.501,10.817,1290,294,146.310,6.517,1.823,0.549,0.667
443,35,1345.557,297.014,24.971,1342,293,7,8,0.705,8.944,1343,301,63.435,7.000,1.267,0.789,0.769
444,45,1269.833,298.989,41.213,1264,294,10,13,0.333,15.000,1265,295,126.870,9.192,1.737,0.576,0.517
445,127,1019.697,310.728,66.971,1017,295,5,30,0.356,30.150,1019,295,95.711,5.000,5.896,0.170,0.904
446,32,1316.625,297.375,26.971,1311,295,11,5,0.553,11.705,1311,295,160.017,5.000,2.505,0.399,0.727
447,57,1423.149,298.079,39.456,1416,295,14,7,0.460,15.652,1416,295,153.435,6.698,2.292,0.436,0.731
448,41,1435.695,298.427,26.971,1432,295,7,7,0.708,9.220,1432,295,130.601,7.000,1.113,0.898,0.872
449,54,1157.852,300.019,41.698,1150,296,14,9,0.390,14.866,1150,302,19.654,8.835,1.868,0.535,0.574
450,29,1385.741,299.293,19.314,1383,296,5,7,0.977,7.616,1384,296,113.199,5.000,1.399,0.715,0.921
451,44,1411.318,300.250,32.385,1407,296,7,11,0.527,12.083,1408,296,114.444,7.000,1.787,0.560,0.739
452,49,1241.969,300.602,36.284,1237,297,11,9,0.468,11.402,1237,302,15.255,8.878,1.453,0.688,0.710
453,35,1377.186,299.814,25.799,1372,297,10,6,0.661,10.770,1372,302,21.801,6.000,1.993,0.502,0.778
454,96,1402.094,305.500,50.770,1397,298,11,15,0.468,15.652,1398,299,116.565,11.000,1.362,0.734,0.733
455,36,376.611,303.000,24.971,373,299,8,8,0.726,10.630,373,299,131.186,6.002,2.116,0.472,0.791
456,80,1316.950,304.600,50.527,1311,299,12,11,0.394,13.892,1311,300,149.744,10.712,1.277,0.783,0.721
457,88,1420.886,307.489,50.770,1415,299,14,17,0.429,22.023,1415,299,129.472,7.905,3.195,0.313,0.707
458,62,1163.935,307.613,47.941,1157,301,14,11,0.339,14.142,1157,310,8.130,10.522,1.276,0.784,0.599
459,129,1184.880,311.081,72.184,1176,301,18,18,0.311,23.431,1176,317,39.806,11.628,2.299,0.435,0.647
460,35,1345.900,304.929,22.385,1343,301,7,8,0.878,8.944,1344,309,63.435,6.364,1.478,0.676,0.843
461,51,1373.186,306.971,33.213,1369,302,9,9,0.581,10.817,1369,311,33.690,9.000,1.227,0.815,0.785
462,47,1250.755,307.372,34.284,1246,303,9,10,0.502,11.662,1248,303,120.964,8.806,1.330,0.752,0.696
463,93,1434.124,308.435,41.456,1427,303,12,11,0.680,13.892,1427,311,30.256,11.000,1.026,0.974,0.842
464,82,1025.488,313.317,44.142,1023,304,6,19,0.529,19.235,1024,304,98.973,6.000,3.677,0.272,0.868
465,37,1365.473,309.500,24.385,1362,305,6,9,0.782,9.487,1365,314,71.565,6.000,1.380,0.725,0.851
466,42,1335.262,311.357,32.627,1331,307,11,8,0.496,11.402,1331,308,164.745,7.842,1.575,0.635,0.672
467,66,825.136,313.530,34.284,819,308,12,11,0.706,14.866,820,319,42.274,6.364,2.583,0.387,0.852
468,64,1354.062,312.297,33.456,1349,308,11,10,0.719,11.402,1349,314,15.255,10.000,1.050,0.953,0.785
469,95,1414.037,315.721,53.355,1406,308,15,15,0.419,20.518,1407,308,133.025,8.683,2.819,0.355,0.693
470,64,1193.859,315.031,35.799,1189,309,9,12,0.628,13.038,1191,309,122.471,7.761,2.034,0.492,0.749
471,27,393.611,316.093,25.314,392,310,4,10,0.529,10.440,393,310,106.699,4.000,2.774,0.360,0.831
472,108,1212.333,316.787,64.426,1201,310,18,12,0.327,19.313,1201,319,21.251,11.767,1.676,0.597,0.695
473,111,1226.491,316.167,55.012,1220,310,17,13,0.461,18.788,1220,320,25.201,12.988,1.397,0.716,0.700
474,73,1310.774,315.199,49.941,1302,310,17,11,0.368,19.235,1302,320,27.897,9.899,2.210,0.453,0.593
475,58,1257.345,316.310,35.213,1251,311,11,10,0.588,13.601,1251,321,36.027,8.000,1.960,0.510,0.730
476,43,1373.291,314.779,27.799,1369,311,8,8,0.699,9.434,1369,316,32.005,8.000,1.080,0.926,0.811
477,34,554.088,317.853,30.042,550,312,8,11,0.473,12.083,551,312,114.444,5.464,2.817,0.355,0.648
478,36,1163.111,315.167,30.385,1159,312,10,8,0.490,11.180,1159,317,26.565,7.554,1.744,0.573,0.637
479,27,559.759,315.463,22.385,556,313,8,6,0.677,8.544,556,316,20.556,6.000,1.483,0.674,0.783
480,27,1321.389,315.833,20.728,1318,313,6,6,0.790,7.810,1319,313,129.806,6.000,1.264,0.791,0.844
481,27,1327.722,315.463,22.142,1325,313,7,6,0.692,8.602,1325,319,35.538,6.000,1.508,0.663,0.806
482,60,1240.117,317.767,42.042,1233,314,17,8,0.427,17.464,1233,319,13.241,7.603,2.735,0.366,0.642
483,38,1289.395,318.237,23.799,1285,314,8,8,0.843,9.434,1285,321,32.005,6.364,1.511,0.662,0.817
484,87,1338.305,318.224,48.870,1329,314,18,9,0.458,18.439,1329,319,12.529,8.333,2.674,0.374,0.696
485,36,1367.222,319.444,26.971,1364,315,8,8,0.622,10.000,1364,315,143.130,7.766,1.317,0.759,0.774
486,49,1425.541,321.500,39.213,1422,316,8,10,0.400,12.042,1422,316,131.634,7.799,1.567,0.638,0.731
487,40,1142.650,319.700,24.385,1138,317,10,6,0.845,10.198,1138,319,168.690,6.000,1.814,0.551,0.842
488,33,1359.712,322.561,27.213,1357,317,6,10,0.560,10.440,1358,317,106.699,6.000,2.035,0.491,0.688
489,74,1410.068,322.486,44.284,1402,317,14,12,0.474,17.692,1403,317,137.291,8.222,2.713,0.369,0.658
490,55,540.555,321.736,32.971,534,318,12,8,0.636,13.000,534,323,22.620,8.000,1.865,0.536,0.775
491,40,1264.475,323.300,27.799,1261,318,7,11,0.650,12.530,1262,318,118.610,5.367,2.928,0.342,0.800
492,32,1319.188,323.406,27.213,1316,319,8,9,0.543,9.220,1317,319,102.529,7.727,1.391,0.719,0.660
493,41,1345.573,322.305,31.799,1340,319,13,7,0.510,13.153,1340,321,171.254,6.399,2.505,0.399,0.678
494,31,1327.919,324.565,22.142,1325,320,5,9,0.795,9.055,1328,320,96.340,5.000,1.697,0.589,0.861
495,52,1193.558,325.750,35.213,1190,321,9,10,0.527,11.402,1190,321,142.125,9.000,1.086,0.921,0.707
496,38,495.921,327.763,29.213,492,322,7,10,0.560,10.440,496,332,73.301,7.000,1.446,0.692,0.717
497,34,550.118,324.706,22.971,546,322,8,7,0.810,8.246,546,325,14.036,7.000,1.113,0.899,0.829
498,79,787.880,334.816,52.971,786,322,5,23,0.354,23.345,786,322,99.866,5.000,5.727,0.175,0.827
499,31,1146.565,324.790,22.142,1143,322,7,7,0.795,8.062,1143,326,29.745,6.934,1.246,0.802,0.827
500,56,1183.839,326.143,33.213,1178,322,11,8,0.638,13.038,1178,322,147.529,7.814,1.587,0.630,0.778
501,141,1399.713,328.287,62.184,1391,322,19,13,0.458,19.723,1391,333,30.466,12.127,1.841,0.543,0.748
502,89,1214.871,326.376,48.870,1206,323,19,8,0.468,19.416,1206,328,11.889,8.000,2.483,0.403,0.774
503,52,1241.538,327.365,34.042,1236,323,12,8,0.564,13.416,1236,323,153.435,7.593,2.229,0.449,0.707
504,117,710.876,332.286,41.456,706,324,10,16,0.856,16.279,710,324,100.620,10.000,1.664,0.601,0.903
505,105,1154.719,331.481,42.184,1148,324,13,15,0.741,16.553,1151,324,115.017,9.192,1.830,0.547,0.850
506,58,1291.759,330.069,39.113,1288,324,8,13,0.476,14.318,1290,337,65.225,7.603,2.191,0.457,0.716
507,61,1337.074,327.402,32.142,1332,324,10,7,0.742,11.662,1332,331,30.964,7.000,1.484,0.674,0.897
508,61,530.582,331.287,32.971,527,325,8,12,0.705,12.369,528,337,75.964,8.000,1.563,0.640,0.808
509,38,1425.447,329.105,28.385,1421,325,9,9,0.593,10.817,1421,325,123.690,7.761,1.445,0.692,0.724
510,25,539.420,328.900,25.799,534,326,10,6,0.472,10.296,534,326,150.945,5.458,2.304,0.434,0.602
511,38,767.947,332.316,22.971,765,328,6,9,0.905,9.220,767,337,77.471,6.000,1.424,0.702,0.884
512,36,1325.500,332.944,33.213,1320,328,9,10,0.410,12.806,1320,328,128.660,7.496,1.845,0.542,0.610
513,32,1344.906,332.562,25.556,1342,328,6,9,0.616,9.487,1344,337,71.565,5.425,1.989,0.503,0.719
514,76,559.408,340.197,48.627,554,329,10,18,0.404,18.111,560,329,96.340,9.487,2.021,0.495,0.636
515,32,640.469,333.906,21.899,638,330,5,8,0.838,9.434,638,330,122.005,5.000,1.973,0.507,0.901
516,81,522.858,338.364,49.113,515,331,12,15,0.422,19.209,515,331,128.660,10.028,2.149,0.465,0.653
517,33,1042.894,335.015,22.971,1040,331,6,9,0.786,9.849,1041,340,66.038,5.657,1.808,0.553,0.825
518,37,1187.500,334.635,32.142,1182,331,11,6,0.450,12.083,1182,337,24.444,6.000,2.541,0.394,0.655
519,99,1214.662,336.318,54.770,1207,331,18,11,0.415,19.313,1207,342,21.251,10.028,2.165,0.462,0.695
520,49,1299.235,337.010,34.042,1294,331,11,10,0.531,14.213,1294,332,140.711,6.942,2.739,0.365,0.705
521,38,1407.368,335.526,27.799,1403,331,10,8,0.618,11.180,1403,332,153.435,5.706,2.373,0.421,0.738
522,36,483.667,336.250,27.314,481,332,5,11,0.606,11.402,483,343,74.745,5.000,2.290,0.437,0.809
523,42,539.524,335.452,27.213,536,332,9,8,0.713,9.487,536,332,161.565,8.000,1.090,0.917,0.771
524,36,1371.333,336.583,25.213,1367,332,9,8,0.712,9.487,1367,335,161.565,6.364,1.414,0.707,0.766
525,25,1422.700,336.020,22.142,1420,333,6,8,0.641,8.944,1420,333,116.565,5.814,1.662,0.602,0.725
526,38,427.658,337.895,31.556,424,334,9,10,0.480,10.817,427,344,56.310,8.806,1.543,0.648,0.639
527,35,1176.529,338.186,32.284,1172,334,9,9,0.422,9.849,1174,334,113.962,7.603,1.241,0.806,0.614
528,35,1389.557,336.214,26.971,1384,334,11,5,0.605,11.402,1384,335,164.745,4.950,2.677,0.374,0.778
529,32,1320.938,338.906,24.385,1317,335,8,8,0.676,10.630,1318,335,131.186,4.950,2.580,0.388,0.771
530,68,1363.926,340.397,36.870,1358,335,11,10,0.629,12.530,1358,338,151.390,9.391,1.341,0.746,0.810
531,89,1165.489,341.163,41.941,1159,336,14,11,0.636,14.560,1159,339,164.055,10.607,1.359,0.736,0.805
532,31,1240.016,341.468,26.971,1238,336,5,11,0.536,11.402,1238,336,105.255,5.000,2.253,0.444,0.705
533,43,1248.058,338.267,31.556,1241,336,14,5,0.543,14.560,1241,336,164.055,4.707,3.426,0.292,0.819
534,35,1398.986,339.443,23.314,1396,336,7,7,0.809,9.899,1396,343,45.000,6.708,1.553,0.644,0.864
535,60,532.433,344.550,39.113,527,338,11,14,0.493,15.264,528,352,58.392,7.603,2.673,0.374,0.694
536,37,1187.419,340.959,28.971,1182,338,10,7,0.554,10.817,1182,344,33.690,6.548,1.602,0.624,0.712
537,81,1292.080,341.735,40.284,1285,338,15,8,0.627,15.811,1285,340,161.565,8.000,2.002,0.500,0.790
538,54,1337.685,341.944,33.799,1331,338,12,7,0.594,13.000,1331,344,22.620,7.000,1.798,0.556,0.788
539,31,1345.887,342.339,23.314,1343,338,5,8,0.717,8.602,1343,345,54.462,5.000,1.598,0.626,0.861
540,63,1375.500,343.198,41.213,1367,339,16,9,0.466,17.889,1367,347,26.565,6.859,3.114,0.321,0.720
541,105,1382.462,347.290,62.770,1374,339,18,16,0.335,18.601,1377,355,53.746,12.846,1.868,0.535,0.561
542,35,1201.157,344.100,29.213,1197,340,9,9,0.515,11.402,1199,349,52.125,7.071,1.672,0.598,0.680
543,29,413.845,342.983,23.314,409,341,10,4,0.670,10.770,409,341,158.199,4.000,2.820,0.355,0.853
544,49,1317.071,344.622,36.627,1310,341,13,9,0.459,13.342,1310,344,167.005,7.985,2.333,0.429,0.620
545,63,1328.325,348.103,44.042,1322,341,11,12,0.408,12.530,1327,341,118.610,10.918,1.044,0.958,0.667
546,69,1434.732,347.094,34.971,1428,342,11,10,0.709,11.662,1428,346,149.036,10.000,1.169,0.855,0.798
547,43,1026.012,350.779,34.142,1023,343,5,15,0.464,15.133,1025,343,97.595,4.932,3.823,0.262,0.754
548,130,1174.308,351.131,59.012,1166,344,19,15,0.469,19.925,1166,347,162.474,13.377,1.532,0.653,0.710
549,30,1193.600,347.700,26.385,1191,344,5,8,0.542,9.434,1191,344,122.005,5.000,1.760,0.568,0.759
550,25,1233.900,347.740,18.728,1231,344,5,7,0.896,7.810,1231,350,50.194,5.000,1.518,0.659,0.862
551,33,1305.348,347.167,24.385,1300,344,9,6,0.697,9.487,1300,348,18.435,6.000,1.389,0.720,0.786
552,44,519.250,349.409,32.627,515,345,9,9,0.519,10.296,516,354,60.945,8.538,1.240,0.807,0.721
553,81,782.685,357.056,49.556,780,345,5,22,0.414,22.204,782,345,97.765,5.000,4.299,0.233,0.853
554,32,413.312,348.156,28.142,407,346,12,4,0.508,12.369,407,347,165.964,4.000,3.680,0.272,0.762
555,31,555.661,349.661,20.728,553,346,5,8,0.907,8.544,554,346,110.556,5.000,1.673,0.598,0.886
556,26,788.000,349.731,18.485,786,346,4,7,0.956,7.616,787,346,113.199,4.000,1.703,0.587,0.963
557,112,1222.929,351.277,67.012,1213,346,17,14,0.313,21.401,1213,347,142.595,14.000,1.720,0.581,0.617
558,26,1253.308,349.077,19.556,1250,346,7,6,0.854,8.602,1250,352,35.538,4.950,2.008,0.498,0.800
559,75,1340.673,349.700,37.799,1334,346,13,8,0.660,14.765,1334,354,28.301,7.806,2.061,0.485,0.815
560,118,807.873,354.941,53.113,801,347,14,15,0.526,17.029,803,347,130.236,11.509,1.615,0.619,0.774
561,26,1277.962,349.846,18.728,1275,347,6,6,0.932,7.810,1275,347,129.806,5.270,1.573,0.636,0.867
562,57,465.360,352.851,45.113,456,348,15,9,0.352,15.297,456,352,168.690,8.944,1.733,0.577,0.633
563,26,1354.500,351.923,24.142,1350,348,8,7,0.561,8.602,1350,355,54.462,6.864,1.190,0.841,0.667
564,30,1417.433,350.867,22.971,1414,348,7,6,0.714,8.062,1414,352,29.745,6.000,1.209,0.827,0.822
565,142,1426.169,359.556,62.770,1420,348,11,22,0.453,22.804,1423,370,74.745,10.381,2.361,0.424,0.768
566,26,1237.846,352.115,20.971,1234,349,7,7,0.743,9.220,1234,355,40.601,4.950,2.225,0.449,0.800
567,108,1385.731,356.778,52.284,1380,350,11,14,0.496,14.866,1384,350,109.654,10.712,1.356,0.737,0.821
568,131,517.149,362.004,69.154,509,351,18,23,0.344,28.018,510,374,55.176,8.946,3.621,0.276,0.701
569,95,743.395,358.963,39.456,739,351,10,15,0.767,15.811,740,366,71.565,10.000,1.598,0.626,0.860
570,96,1092.219,358.135,44.870,1088,351,10,15,0.599,15.811,1089,366,55.305,9.285,1.859,0.538,0.846
571,46,1310.587,354.087,36.042,1303,351,14,8,0.445,14.318,1303,351,167.905,7.799,2.157,0.464,0.662
572,81,1412.006,356.969,51.355,1404,351,17,10,0.386,17.464,1404,360,13.241,9.778,2.012,0.497,0.656
573,29,511.948,355.845,23.556,509,352,6,9,0.657,10.296,509,361,60.945,5.425,2.151,0.465,0.753
574,26,1215.962,356.308,20.728,1213,352,5,8,0.760,8.544,1215,352,110.556,5.000,1.888,0.530,0.825
575,149,1434.862,363.064,52.971,1430,353,9,20,0.667,20.881,1432,373,73.301,9.000,2.482,0.403,0.903
576,107,1182.893,362.229,55.941,1176,354,13,15,0.430,16.125,1180,355,119.745,11.628,1.461,0.685,0.748
577,38,1343.737,356.684,28.971,1337,354,12,5,0.569,12.042,1337,357,175.236,5.000,2.140,0.467,0.800
578,56,1369.268,360.661,36.042,1365,354,8,14,0.542,15.232,1367,368,66.801,7.276,2.488,0.402,0.737
579,52,1355.615,361.327,40.284,1352,356,9,10,0.403,11.402,1352,356,127.875,9.000,1.077,0.928,0.732
580,26,435.731,358.500,23.314,431,357,10,4,0.601,10.198,431,359,11.310,4.000,2.869,0.349,0.825
581,51,1395.029,360.912,43.213,1391,357,11,8,0.343,12.083,1391,364,24.444,8.000,1.291,0.774,0.703
582,30,1316.200,360.333,24.971,1312,358,8,6,0.605,8.544,1312,362,20.556,6.000,1.548,0.646,0.732
583,80,1340.775,363.775,52.770,1334,358,14,12,0.361,15.000,1334,358,126.870,11.628,1.175,0.851,0.650
584,36,461.083,362.139,31.213,455,359,11,6,0.464,11.180,455,360,169.695,5.963,1.967,0.508,0.692
585,26,1259.000,361.192,22.385,1255,359,9,5,0.652,9.220,1255,362,12.529,5.000,1.748,0.572,0.754
586,37,400.041,368.041,37.456,397,361,7,13,0.331,13.928,397,374,68.962,6.468,2.954,0.339,0.544
587,141,555.784,372.677,56.627,551,361,9,24,0.553,24.739,554,361,104.036,8.315,3.400,0.294,0.873
588,25,1215.900,365.980,22.142,1214,361,5,9,0.641,9.487,1215,361,108.435,4.642,2.503,0.400,0.781
589,101,1402.926,369.054,56.184,1396,361,13,17,0.402,17.464,1402,378,76.759,12.369,1.652,0.605,0.654
590,80,1414.037,366.587,45.355,1407,361,14,10,0.489,14.142,1410,361,135.000,10.000,1.331,0.751,0.748
591,33,1262.379,367.197,26.971,1257,364,9,6,0.570,9.849,1257,366,156.038,6.000,1.667,0.600,0.742
592,76,1316.382,372.355,51.355,1310,364,14,14,0.362,16.125,1313,364,119.745,9.913,1.626,0.615,0.603
593,27,1204.981,368.278,27.799,1200,366,9,6,0.439,9.487,1200,369,18.435,6.000,1.814,0.551,0.659
594,39,1302.808,370.064,32.971,1296,366,13,7,0.451,13.153,1296,373,8.746,6.644,1.974,0.507,0.672
595,30,1359.500,370.233,21.314,1357,366,6,7,0.830,8.602,1358,366,125.538,6.000,1.422,0.703,0.909
596,27,1384.130,369.093,20.728,1380,366,7,6,0.790,8.602,1380,371,35.538,5.578,1.720,0.582,0.857
597,48,1351.562,371.729,31.213,1348,367,8,11,0.619,12.530,1348,378,61.390,7.495,1.874,0.534,0.744
598,31,1329.597,371.371,25.556,1325,368,8,7,0.596,9.220,1327,375,49.399,6.008,1.531,0.653,0.721
599,69,1369.428,373.587,44.042,1364,369,11,10,0.447,14.213,1364,378,39.289,9.487,1.753,0.571,0.789
600,50,1410.580,376.180,27.213,1407,371,7,10,0.848,10.198,1410,381,78.690,7.000,1.338,0.747,0.870
601,44,1425.591,375.455,31.799,1422,371,9,8,0.547,10.630,1422,371,131.186,8.000,1.262,0.792,0.733
602,26,707.500,375.000,17.314,705,372,5,6,1.000,6.708,706,372,116.565,5.000,1.184,0.845,0.929
603,26,1384.269,374.462,20.971,1380,372,8,6,0.743,8.246,1380,373,165.964,6.000,1.427,0.701,0.743
604,59,1394.992,376.246,34.385,1389,372,12,8,0.627,12.806,1390,372,141.340,7.212,2.000,0.500,0.781
605,32,1418.219,375.156,20.485,1415,372,6,6,0.958,7.810,1415,373,140.194,6.000,1.093,0.915,0.941
606,42,1237.500,379.071,41.698,1233,373,9,11,0.304,12.083,1235,373,114.444,8.041,1.455,0.687,0.564
607,80,1297.525,381.100,54.770,1291,373,14,16,0.335,16.643,1291,387,32.735,10.400,1.850,0.541,0.550
608,51,1308.461,377.010,36.627,1302,373,12,10,0.478,15.000,1302,374,143.130,7.155,2.668,0.375,0.667
609,36,1377.250,377.333,23.899,1375,373,5,9,0.792,9.849,1375,373,113.962,5.000,1.903,0.525,0.889
610,51,504.637,380.167,40.770,499,374,11,13,0.386,15.620,499,386,50.194,6.934,2.831,0.353,0.642
611,41,1358.012,376.793,26.728,1353,374,10,6,0.721,10.770,1353,378,21.801,5.515,2.236,0.447,0.845
612,34,1435.676,376.941,21.314,1432,374,7,6,0.941,7.810,1433,374,129.806,6.000,1.037,0.964,0.895
613,125,925.516,382.052,47.941,919,375,12,15,0.683,15.652,921,376,116.565,12.000,1.326,0.754,0.836
614,35,1289.957,380.357,25.799,1287,376,6,10,0.661,10.440,1289,386,73.301,6.000,1.782,0.561,0.778
615,94,1020.957,390.840,55.799,1018,378,6,25,0.379,25.080,1020,378,94.574,5.887,5.425,0.184,0.797
616,68,1384.838,383.941,36.042,1381,378,8,12,0.658,12.649,1381,378,108.435,8.000,1.460,0.685,0.829
617,86,492.105,384.442,40.284,486,379,14,11,0.666,15.232,486,388,23.199,10.607,1.524,0.656,0.800
618,39,1344.013,383.577,26.627,1340,379,8,9,0.691,9.849,1342,388,66.038,7.071,1.561,0.641,0.736
619,55,1365.918,383.682,38.042,1360,379,10,11,0.478,14.213,1361,379,129.289,8.050,1.967,0.508,0.733
620,45,1417.322,382.989,25.799,1412,379,9,8,0.850,9.849,1412,382,156.038,7.184,1.384,0.723,0.841
621,25,1214.820,383.340,19.314,1212,380,6,6,0.842,7.810,1213,380,129.806,5.367,1.441,0.694,0.833
622,30,1279.800,383.133,21.556,1277,380,6,7,0.811,8.602,1277,387,54.462,6.000,1.428,0.700,0.833
623,42,1425.786,383.095,26.142,1422,380,8,7,0.772,9.899,1422,380,135.000,7.000,1.300,0.769,0.866
624,89,1435.320,387.893,38.142,1430,381,9,13,0.769,14.318,1433,381,114.775,9.000,1.631,0.613,0.890
625,114,981.368,388.526,39.456,975,382,13,12,0.920,13.601,975,387,162.897,12.000,1.123,0.891,0.908
626,35,1258.100,385.414,22.142,1255,382,7,7,0.897,9.220,1255,389,40.601,6.200,1.620,0.617,0.875
627,27,1377.500,385.019,19.556,1374,382,7,6,0.887,7.810,1375,382,129.806,5.336,1.591,0.628,0.818
628,107,1358.565,393.509,49.941,1351,384,13,16,0.539,16.763,1358,384,107.354,12.918,1.378,0.725,0.733
629,126,1414.238,392.397,52.770,1408,384,13,17,0.569,17.692,1409,401,47.291,13.000,1.222,0.819,0.761
630,32,379.281,388.438,24.971,374,385,10,6,0.645,10.770,374,387,158.199,4.642,2.769,0.361,0.780
631,35,1352.386,388.243,23.556,1349,385,7,7,0.793,8.602,1349,390,35.538,6.548,1.279,0.782,0.833
632,51,495.912,393.304,36.284,491,387,11,13,0.487,15.556,491,399,45.000,6.102,3.395,0.295,0.694
633,52,563.077,396.212,37.899,561,387,4,17,0.455,17.263,562,387,100.008,4.000,4.373,0.229,0.874
634,65,725.254,392.254,30.385,721,387,8,11,0.885,12.530,723,387,118.610,8.000,1.471,0.680,0.909
635,53,1425.651,391.311,26.728,1422,387,8,8,0.932,10.630,1423,387,131.186,8.000,1.205,0.830,0.914
636,90,1277.544,394.844,53.355,1269,388,16,13,0.397,18.601,1269,389,143.746,10.955,1.930,0.518,0.625
637,65,1378.869,393.208,38.284,1373,388,11,12,0.557,13.892,1376,388,120.256,8.944,1.513,0.661,0.710
638,25,1297.860,393.660,27.799,1294,389,8,7,0.407,9.899,1295,389,135.000,6.934,1.781,0.561,0.595
639,99,483.924,397.247,50.284,478,390,13,18,0.492,21.095,479,408,58.570,8.946,3.033,0.330,0.783
640,33,1331.379,393.985,22.971,1328,391,8,6,0.786,8.544,1328,391,159.444,6.000,1.197,0.836,0.846
641,30,375.100,394.833,21.556,372,392,7,7,0.811,8.062,374,399,60.255,6.517,1.305,0.766,0.800
642,33,1242.106,394.652,28.385,1236,392,12,5,0.515,13.000,1236,392,157.380,4.603,3.190,0.313,0.767
643,68,1401.941,396.941,36.627,1396,393,12,9,0.637,13.892,1396,401,30.256,8.538,1.836,0.545,0.768
644,31,658.081,397.371,19.314,655,394,6,6,1.000,7.810,655,400,39.806,6.000,1.080,0.926,0.939
645,25,1387.020,397.260,23.556,1385,394,5,8,0.566,9.434,1385,402,57.995,5.000,2.030,0.493,0.833
646,47,1435.096,398.287,26.728,1431,394,8,8,0.827,10.000,1432,394,126.870,7.891,1.078,0.927,0.855
647,40,1334.750,400.150,30.627,1331,396,9,10,0.536,11.662,1334,406,59.036,7.412,1.740,0.575,0.661
648,34,1390.353,401.147,30.627,1385,396,10,9,0.455,12.806,1385,404,38.660,6.364,2.399,0.417,0.636
649,36,1026.889,401.806,28.142,1024,397,5,11,0.571,11.402,1025,397,105.255,5.000,2.899,0.345,0.791
650,114,1376.158,403.781,58.184,1366,397,19,12,0.423,19.647,1366,403,165.256,12.000,1.627,0.615,0.750
651,37,403.500,401.014,28.385,399,398,10,7,0.577,10.770,399,398,158.199,7.000,1.772,0.564,0.740
652,76,1355.684,404.382,46.527,1349,399,15,10,0.441,15.811,1349,408,18.435,10.000,1.425,0.702,0.714
653,111,485.203,410.311,65.255,478,400,15,24,0.328,26.833,480,424,63.435,8.141,4.362,0.229,0.663
654,30,338.133,406.167,26.971,334,401,7,9,0.518,10.296,335,410,60.945,6.412,2.030,0.493,0.638
655,31,1278.855,406.306,31.213,1275,402,9,7,0.400,10.296,1275,402,150.945,7.000,1.655,0.604,0.620
656,60,1393.417,407.083,36.042,1387,402,12,9,0.580,13.601,1388,411,36.027,8.310,1.943,0.515,0.736
657,33,667.924,407.288,21.556,665,403,6,8,0.892,8.544,667,403,110.556,6.000,1.448,0.691,0.857
658,77,1435.500,408.500,33.657,1432,403,7,11,0.854,13.038,1432,403,122.471,7.000,1.571,0.636,1.000
659,31,402.823,406.597,30.385,397,404,12,5,0.422,12.166,397,405,170.538,4.961,2.767,0.361,0.667
660,113,1359.969,411.757,53.355,1351,405,20,13,0.499,22.361,1351,418,26.565,8.050,3.081,0.325,0.756
661,51,1416.441,408.971,26.142,1412,405,9,7,0.938,10.000,1412,412,36.870,7.000,1.338,0.748,0.903
662,28,362.143,410.750,24.971,358,406,8,8,0.564,10.630,359,406,131.186,4.950,2.635,0.380,0.700
663,31,1291.371,408.242,24.142,1286,406,10,4,0.668,10.440,1286,407,163.301,4.000,2.734,0.366,0.861
664,31,1319.565,409.468,22.142,1316,407,8,5,0.795,8.944,1316,412,26.565,5.000,1.844,0.542,0.849
665,54,1310.019,413.500,43.456,1301,408,14,9,0.359,14.765,1301,416,28.301,9.000,1.778,0.562,0.617
666,28,1331.857,414.071,26.971,1329,409,6,11,0.484,12.083,1329,420,65.556,4.472,3.709,0.270,0.700
667,26,1027.769,414.000,23.314,1026,410,4,9,0.601,9.487,1027,419,71.565,4.000,2.301,0.435,0.852
668,63,1281.690,416.167,37.113,1276,411,10,11,0.575,13.038,1279,411,122.471,9.585,1.215,0.823,0.733
669,40,1292.225,414.925,29.213,1288,411,11,8,0.589,11.705,1288,412,160.017,6.261,1.945,0.514,0.708
670,62,1373.097,414.968,38.042,1366,411,14,7,0.538,15.232,1366,412,156.801,6.350,2.936,0.341,0.790
671,25,368.420,415.260,20.142,365,412,6,7,0.774,8.062,366,419,60.255,5.814,1.524,0.656,0.769
672,42,1339.167,418.167,36.284,1334,413,11,12,0.401,13.892,1336,425,59.744,6.810,2.936,0.341,0.568
673,99,1418.944,416.197,53.355,1409,413,21,7,0.437,21.213,1409,414,171.870,7.000,3.759,0.266,0.773
674,81,1201.796,419.302,37.213,1197,414,11,10,0.735,13.601,1197,414,143.973,10.000,1.399,0.715,0.885
675,106,466.642,424.377,50.184,461,415,11,18,0.529,19.313,461,415,111.251,10.547,2.001,0.500,0.729
676,98,1220.010,421.184,47.698,1214,415,12,14,0.541,14.866,1219,429,70.346,12.000,1.206,0.829,0.800
677,68,1435.206,420.029,32.728,1431,415,8,10,0.798,12.207,1432,415,124.992,8.000,1.437,0.696,0.907
678,48,1265.708,420.125,30.385,1262,416,8,8,0.653,10.000,1263,416,126.870,8.000,1.246,0.803,0.793
679,97,1394.098,421.531,43.941,1387,416,15,11,0.631,15.133,1387,422,7.595,10.914,1.488,0.672,0.822
680,70,1300.043,422.343,39.698,1295,417,10,12,0.558,13.601,1296,429,53.973,9.799,1.224,0.817,0.733
681,75,1350.020,422.313,36.627,1344,418,13,9,0.703,13.601,1344,418,162.897,9.000,1.357,0.737,0.824
682,49,1368.847,425.296,30.971,1365,419,7,11,0.642,12.530,1365,430,61.390,6.731,1.981,0.505,0.790
683,71,1380.472,423.754,39.799,1373,419,14,9,0.563,15.264,1374,420,148.392,6.801,2.630,0.380,0.780
684,114,546.070,427.298,47.113,539,420,14,15,0.645,17.493,542,420,120.964,10.115,1.977,0.506,0.794
685,129,1098.973,424.647,55.799,1090,420,18,10,0.521,19.313,1090,420,158.749,10.000,1.458,0.686,0.846
686,52,1341.500,425.615,29.799,1337,420,8,10,0.736,11.180,1338,430,63.435,7.747,1.654,0.605,0.806
687,39,1231.987,425.500,28.385,1229,421,8,10,0.608,10.630,1230,431,48.814,7.340,1.594,0.627,0.696
688,41,1273.451,425.573,26.627,1270,421,7,10,0.727,10.440,1272,431,73.301,6.379,1.613,0.620,0.812
689,32,1071.812,424.031,21.899,1068,422,8,5,0.838,8.944,1068,426,26.565,5.000,1.901,0.526,0.901
690,133,1398.650,429.229,67.598,1385,422,24,13,0.366,25.000,1385,431,16.260,12.579,2.496,0.401,0.635
691,120,470.908,437.375,68.426,464,423,15,28,0.322,30.463,466,451,66.801,6.708,5.829,0.172,0.714
692,108,1041.435,428.796,53.213,1034,423,15,10,0.479,15.620,1034,433,39.806,10.000,1.325,0.755,0.837
693,27,420.130,428.130,23.799,416,425,9,6,0.599,9.487,416,427,161.565,5.657,1.976,0.506,0.711
694,33,1279.985,429.985,29.799,1276,425,9,10,0.467,11.662,1279,435,59.036,7.155,1.568,0.638,0.647
695,55,1375.973,431.755,31.213,1372,426,8,11,0.709,12.530,1373,426,118.610,6.957,2.049,0.488,0.809
696,50,1354.380,432.760,29.213,1350,428,10,9,0.736,11.180,1350,436,26.565,7.778,1.326,0.754,0.758
697,29,1286.017,433.328,22.142,1283,429,6,8,0.743,8.602,1284,429,125.538,6.000,1.340,0.746,0.784
698,95,1300.311,434.647,44.527,1294,429,12,13,0.602,14.318,1299,442,65.225,11.628,1.151,0.869,0.826
699,29,1323.534,433.155,24.971,1320,429,7,8,0.584,9.899,1320,436,45.000,5.367,2.167,0.462,0.725
700,84,841.988,433.548,44.142,832,430,18,7,0.542,18.439,832,432,167.471,6.965,3.417,0.293,0.836
701,38,1420.737,432.711,26.728,1415,430,10,5,0.668,10.440,1415,432,163.301,5.000,2.187,0.457,0.854
702,79,859.589,433.449,40.142,851,431,17,5,0.616,17.464,851,431,166.759,5.000,3.414,0.293,0.958
703,41,462.890,436.085,25.213,459,432,8,9,0.810,9.849,461,441,66.038,7.071,1.312,0.762,0.788
704,121,820.351,435.112,55.556,809,432,24,6,0.493,24.331,809,433,170.538,6.000,4.019,0.249,0.913
705,31,1410.145,434.500,25.556,1405,432,10,5,0.596,10.440,1405,433,163.301,5.000,2.230,0.449,0.775
706,36,358.139,439.833,29.556,353,434,9,9,0.518,12.042,353,442,41.634,6.000,2.283,0.438,0.692
707,42,1274.571,439.738,28.385,1271,435,7,10,0.655,10.440,1275,445,73.301,6.822,1.566,0.639,0.771
708,115,1290.917,441.343,47.355,1282,435,17,12,0.644,17.464,1282,442,166.759,11.485,1.417,0.706,0.819
709,103,1257.257,444.180,59.355,1249,436,18,17,0.367,20.125,1249,438,153.435,13.974,1.412,0.708,0.546
710,52,1372.442,440.615,34.627,1366,436,11,10,0.545,13.038,1366,438,147.529,7.766,2.196,0.455,0.717
711,46,1424.261,439.543,25.556,1420,436,8,8,0.885,10.630,1420,436,138.814,6.934,1.528,0.654,0.893
712,124,643.105,442.371,48.385,636,437,15,11,0.666,17.029,638,448,40.236,10.879,1.373,0.729,0.864
713,90,662.044,439.456,49.314,652,437,20,5,0.465,20.616,652,437,165.964,5.000,4.298,0.233,0.900
714,97,677.593,442.149,46.385,671,437,12,11,0.567,15.620,671,447,39.806,11.000,1.175,0.851,0.829
715,86,858.802,439.465,42.728,849,437,19,5,0.592,19.416,849,437,168.111,5.000,3.551,0.282,0.961
716,27,1344.500,440.463,22.385,1341,437,8,7,0.677,8.602,1342,444,54.462,5.488,1.905,0.525,0.692
717,62,1396.823,440.806,45.698,1389,437,17,9,0.373,17.263,1389,440,10.008,8.955,1.912,0.523,0.602
718,85,839.288,440.912,51.556,827,438,23,6,0.402,23.195,827,439,172.569,5.992,4.958,0.202,0.780
719,94,1417.383,443.798,39.113,1411,438,13,13,0.772,15.264,1412,438,121.608,9.600,1.736,0.576,0.836
720,50,809.660,442.440,26.971,805,439,10,7,0.864,11.180,805,440,153.435,6.641,1.652,0.605,0.870
721,30,822.633,441.633,19.899,820,439,6,6,0.952,8.485,820,445,45.000,6.000,1.336,0.749,0.952
722,39,1335.090,443.346,24.971,1332,439,7,9,0.786,10.817,1332,448,56.310,6.091,1.927,0.519,0.830
723,106,481.745,445.500,42.627,475,440,13,11,0.733,15.264,475,449,31.608,10.983,1.274,0.785,0.858
724,66,496.909,442.682,37.899,489,440,16,5,0.577,16.763,489,440,162.646,5.000,3.769,0.265,0.904
725,123,513.476,444.411,67.799,503,440,18,9,0.336,19.313,503,447,21.251,9.000,1.746,0.573,0.842
726,136,455.000,450.838,66.184,450,441,12,23,0.390,23.770,453,464,67.751,10.767,2.269,0.441,0.716
727,112,748.688,443.562,58.385,736,441,26,5,0.413,26.306,736,442,171.254,5.000,5.120,0.195,0.900
728,52,1306.212,445.058,38.284,1300,441,14,8,0.446,14.142,1300,446,8.130,6.957,2.237,0.447,0.658
729,55,1388.827,447.864,38.284,1385,441,8,12,0.472,13.000,1387,441,112.620,8.000,1.558,0.642,0.710
730,60,1408.950,445.667,29.213,1404,441,10,9,0.883,11.662,1404,443,149.036,7.778,1.554,0.643,0.876
731,49,665.173,445.133,26.142,660,442,10,6,0.901,10.770,660,447,21.801,6.000,1.743,0.574,0.907
732,62,713.629,444.290,35.556,706,442,15,5,0.616,15.524,706,442,165.069,5.000,3.165,0.316,0.899
733,146,1248.075,453.027,65.012,1241,442,14,20,0.434,20.224,1245,462,81.469,14.000,1.529,0.654,0.695
734,33,1381.470,445.864,23.556,1378,442,7,8,0.747,9.434,1380,450,57.995,6.708,1.319,0.758,0.795
735,43,653.756,445.965,26.142,649,443,10,6,0.791,10.770,649,448,21.801,6.000,2.054,0.487,0.843
736,92,1433.978,447.413,40.971,1427,443,12,10,0.689,15.000,1427,444,143.130,10.000,1.293,0.773,0.885
737,82,601.024,446.354,52.385,590,444,24,5,0.376,24.083,590,445,175.236,5.000,4.693,0.213,0.828
738,88,1024.352,450.614,50.627,1020,444,10,13,0.431,15.620,1020,457,50.194,10.000,1.351,0.740,0.736
739,32,491.156,447.906,24.142,488,445,9,6,0.690,9.849,488,451,23.962,6.000,1.496,0.668,0.810
740,34,1279.235,450.000,29.213,1276,445,8,10,0.501,12.207,1277,455,55.008,5.814,2.405,0.416,0.648
741,63,1372.468,450.500,36.284,1367,445,12,11,0.601,12.166,1367,450,170.538,9.683,1.128,0.887,0.708
742,28,1289.750,449.286,24.728,1285,447,11,4,0.575,11.180,1285,451,10.305,4.000,2.694,0.371,0.800
743,67,1302.336,453.007,42.527,1296,447,13,10,0.466,13.601,1296,456,17.103,10.000,1.370,0.730,0.677
744,31,288.016,451.790,27.213,285,448,7,9,0.526,9.487,288,457,71.565,6.008,1.927,0.519,0.646
745,42,1319.500,454.595,30.971,1317,448,6,12,0.550,13.416,1317,448,116.565,6.000,2.500,0.400,0.785
746,27,1345.204,453.093,24.142,1343,448,5,9,0.582,9.487,1344,448,108.435,5.000,2.543,0.393,0.730
747,72,1354.569,456.500,44.627,1349,449,14,12,0.454,14.560,1349,455,164.055,10.607,1.376,0.727,0.667
748,26,1403.654,451.038,19.314,1400,449,7,5,0.876,8.062,1400,449,150.255,5.000,1.764,0.567,0.881
749,95,1424.363,455.405,57.598,1417,449,14,13,0.360,17.029,1419,462,49.764,11.714,1.407,0.711,0.664
750,71,461.190,457.838,40.284,457,450,9,16,0.550,16.492,460,466,75.964,7.353,2.543,0.393,0.772
751,63,966.325,455.087,32.042,961,450,11,9,0.771,11.180,961,455,169.695,8.944,1.129,0.886,0.829
752,46,1326.326,454.326,31.799,1322,450,8,10,0.572,11.662,1324,460,59.036,8.000,1.631,0.613,0.742
753,113,1381.473,457.394,54.184,1376,450,12,14,0.484,16.125,1377,464,60.255,12.000,1.426,0.702,0.807
754,59,1412.161,455.500,34.627,1408,451,10,9,0.618,11.662,1408,451,149.036,9.000,1.255,0.797,0.771
755,27,307.130,455.019,21.314,304,452,8,5,0.747,8.944,304,452,153.435,5.000,1.880,0.532,0.885
756,48,1401.458,456.812,26.385,1397,453,10,7,0.866,10.440,1397,459,16.699,7.000,1.517,0.659,0.857
757,25,430.940,456.580,20.728,428,454,7,6,0.731,8.602,428,460,35.538,5.316,1.933,0.517,0.769
758,58,1098.172,458.552,38.870,1090,454,14,8,0.482,16.125,1090,462,29.745,7.589,2.304,0.434,0.744
759,51,1391.049,459.951,34.284,1386,454,9,12,0.545,12.649,1389,466,71.565,7.091,2.204,0.454,0.685
760,35,295.843,458.643,29.556,289,455,11,7,0.503,11.705,289,460,19.983,6.833,2.366,0.423,0.642
761,81,1293.994,459.549,53.698,1286,455,20,8,0.353,20.224,1286,456,171.469,8.000,2.563,0.390,0.618
762,26,1337.577,457.808,20.728,1334,456,8,4,0.760,8.544,1334,460,20.556,4.000,2.020,0.495,0.881
763,34,336.176,460.588,24.971,333,457,7,7,0.685,9.220,333,464,40.601,6.472,1.516,0.660,0.791
764,81,1178.623,463.846,40.284,1173,457,10,13,0.627,13.892,1175,469,59.744,9.391,1.619,0.618,0.802
765,27,1259.019,460.759,20.971,1256,457,6,8,0.772,8.246,1258,465,75.964,5.367,1.600,0.625,0.794
766,28,354.000,461.429,20.728,351,458,6,7,0.819,8.062,351,465,60.255,5.754,1.371,0.729,0.824
767,123,1408.126,468.053,61.255,1402,459,10,22,0.412,22.136,1403,460,108.435,10.000,2.588,0.386,0.713
768,61,1347.336,468.434,42.385,1344,460,8,15,0.427,15.524,1345,460,104.931,7.761,2.010,0.497,0.682
769,36,990.694,464.333,20.971,987,461,7,7,1.000,7.810,988,467,39.806,7.000,1.025,0.976,0.878
770,39,1326.628,465.038,30.870,1322,461,9,9,0.514,11.402,1323,461,127.875,7.426,1.837,0.544,0.667
771,27,1415.500,464.648,21.556,1413,461,5,8,0.730,9.434,1413,461,122.005,5.000,1.938,0.516,0.818
772,25,449.460,466.180,18.728,447,463,5,7,0.896,7.280,449,470,74.055,5.000,1.309,0.764,0.862
773,52,1252.673,467.346,39.698,1246,463,14,10,0.415,16.643,1246,463,147.265,5.954,3.878,0.258,0.675
774,91,1361.709,471.632,44.627,1357,463,9,16,0.574,16.553,1359,463,115.017,8.713,2.118,0.472,0.784
775,62,455.790,472.419,35.213,452,465,8,14,0.628,14.866,453,479,70.346,6.008,2.715,0.368,0.821
776,93,613.435,470.306,35.213,608,465,11,11,0.943,13.601,609,465,126.027,9.899,1.407,0.711,0.925
777,58,442.724,470.586,36.870,435,466,13,10,0.536,13.928,435,469,158.962,8.256,2.044,0.489,0.648
778,87,1169.201,473.569,36.627,1164,467,10,13,0.815,13.601,1168,480,72.897,9.899,1.353,0.739,0.861
779,147,1244.241,476.051,56.284,1238,467,12,19,0.583,21.633,1238,468,123.690,10.522,2.318,0.431,0.840
780,45,701.322,473.189,26.385,698,468,7,10,0.812,10.770,699,478,68.199,6.261,1.799,0.556,0.849
781,111,792.437,479.806,55.556,789,468,7,24,0.452,24.331,790,468,99.462,6.840,4.386,0.228,0.822
782,114,974.053,476.281,42.627,968,468,11,15,0.788,15.811,971,483,71.565,11.000,1.445,0.692,0.877
783,35,1339.786,470.957,26.627,1334,468,10,7,0.620,11.662,1334,468,149.036,5.600,2.194,0.456,0.778
784,29,1368.293,472.328,21.314,1366,468,5,8,0.802,9.434,1366,468,122.005,4.743,2.128,0.470,0.879
785,41,1320.841,471.549,32.385,1314,469,14,5,0.491,14.142,1314,470,171.870,4.713,3.483,0.287,0.745
786,34,1377.147,473.000,32.042,1373,469,8,8,0.416,10.000,1375,469,126.870,7.562,1.310,0.763,0.654
787,55,1418.064,474.518,37.456,1412,470,12,10,0.493,13.454,1413,471,138.013,8.050,2.037,0.491,0.671
788,45,314.900,474.833,36.627,307,471,14,7,0.422,14.560,307,471,164.055,5.883,2.469,0.405,0.647
789,34,1286.676,474.941,34.385,1279,471,14,7,0.361,15.652,1279,478,26.565,4.955,4.468,0.224,0.596
790,34,1304.206,475.559,22.142,1300,473,9,5,0.871,9.849,1300,473,156.038,5.000,1.992,0.502,0.883
791,26,1330.269,477.423,21.314,1328,473,5,8,0.719,9.434,1328,473,122.005,4.608,2.448,0.408,0.825
792,41,1353.500,476.622,28.971,1350,473,8,7,0.614,10.000,1350,473,143.130,7.000,1.228,0.815,0.828
793,81,307.167,484.228,55.598,301,474,12,20,0.329,21.190,305,474,109.290,9.018,2.982,0.335,0.579
794,39,363.474,479.654,29.799,359,476,11,8,0.552,12.207,360,484,34.992,6.548,2.549,0.392,0.672
795,123,1374.394,486.728,67.497,1368,477,15,18,0.339,19.235,1369,495,62.103,13.945,1.781,0.562,0.637
796,40,1292.325,481.600,26.385,1288,478,9,7,0.722,9.487,1288,481,161.565,6.698,1.347,0.742,0.816
797,28,1303.000,481.714,24.385,1299,478,9,7,0.592,9.487,1299,479,161.565,5.515,2.008,0.498,0.683
798,31,313.919,481.339,23.556,309,479,10,5,0.702,10.440,309,479,163.301,4.808,2.484,0.403,0.805
799,83,450.560,486.922,40.627,446,479,9,16,0.632,16.125,447,494,60.255,7.562,2.439,0.410,0.818
800,37,1281.878,482.392,28.385,1277,479,10,6,0.577,10.440,1277,482,163.301,5.883,1.814,0.551,0.771
801,86,1401.965,486.837,53.113,1394,480,18,12,0.383,20.248,1395,480,147.095,8.497,3.187,0.314,0.635
802,31,1425.919,482.629,23.556,1421,480,10,5,0.702,10.198,1421,484,11.310,4.768,2.369,0.422,0.795
803,29,355.259,484.431,24.971,350,481,9,6,0.584,9.487,350,486,18.435,6.000,1.756,0.569,0.690
804,47,1178.840,484.691,24.385,1175,481,8,8,0.993,8.944,1175,487,26.565,7.778,1.139,0.878,0.895
805,53,1314.821,485.896,39.698,1308,481,13,10,0.423,15.811,1308,490,34.695,6.934,3.039,0.329,0.671
806,41,1352.793,485.646,30.971,1350,481,6,11,0.537,11.662,1350,492,59.036,6.000,1.702,0.587,0.732
807,93,788.038,493.371,53.213,784,482,10,18,0.413,18.788,786,482,115.201,10.000,1.943,0.515,0.681
808,63,1433.833,487.008,34.142,1428,483,11,8,0.679,13.601,1428,491,36.027,7.778,1.843,0.543,0.851
809,48,1294.625,487.750,28.385,1289,485,11,7,0.749,11.402,1289,488,15.255,7.000,1.617,0.618,0.857
810,36,1386.583,487.694,25.799,1382,485,10,6,0.680,10.198,1382,487,11.310,6.000,1.521,0.657,0.774
811,28,1424.000,488.393,19.556,1421,485,6,7,0.920,8.602,1421,485,125.538,4.950,1.847,0.541,0.875
812,89,1281.904,492.972,51.941,1271,486,19,12,0.415,20.248,1271,497,20.225,9.044,2.604,0.384,0.652
813,77,440.201,493.123,37.213,433,487,12,11,0.699,13.601,433,496,36.027,10.607,1.242,0.805,0.802
814,44,561.432,492.159,25.899,559,487,5,10,0.824,11.180,559,487,116.565,5.000,2.095,0.477,0.946
815,41,1264.671,491.207,33.213,1259,487,13,7,0.467,14.318,1259,487,155.225,5.692,2.685,0.372,0.689
816,50,1318.900,492.560,28.385,1315,487,7,11,0.780,11.402,1318,498,74.745,7.000,1.708,0.585,0.833
817,63,1392.976,494.341,40.042,1388,487,9,15,0.494,15.524,1392,487,104.931,8.310,1.752,0.571,0.708
818,56,540.893,491.946,32.385,534,488,12,8,0.671,13.892,534,495,30.256,7.589,1.962,0.510,0.806
819,30,1181.700,490.933,20.142,1178,488,7,6,0.929,8.062,1178,492,29.745,6.000,1.363,0.733,0.870
820,82,1380.451,494.500,44.870,1373,488,15,13,0.512,15.811,1373,501,18.435,11.384,1.401,0.714,0.683
821,25,301.500,491.220,22.385,297,489,9,5,0.627,9.487,297,489,161.565,4.919,2.378,0.420,0.746
822,27,1356.315,493.204,20.728,1353,489,6,7,0.790,7.616,1356,489,113.199,6.000,1.291,0.774,0.831
823,139,1404.169,498.183,57.698,1397,489,15,20,0.525,21.190,1398,489,109.290,14.418,1.454,0.688,0.720
824,37,354.824,495.338,27.556,352,490,6,10,0.612,10.770,353,500,68.199,6.000,2.284,0.438,0.747
825,69,425.674,497.007,41.456,422,490,8,16,0.505,16.031,423,490,93.576,7.889,2.165,0.462,0.730
826,79,756.892,496.297,35.456,752,490,11,12,0.790,12.530,752,501,28.610,10.436,1.265,0.790,0.854
827,26,1325.077,495.462,22.142,1323,492,5,7,0.666,8.602,1323,492,125.538,5.000,1.621,0.617,0.800
828,115,1030.065,507.274,60.385,1027,494,6,27,0.396,27.166,1028,494,96.340,6.000,5.533,0.181,0.819
829,28,1366.071,496.464,23.556,1361,494,10,5,0.634,10.770,1361,495,158.199,4.271,3.023,0.331,0.800
830,91,445.071,502.731,44.042,440,495,10,17,0.590,17.464,445,512,76.759,9.341,1.927,0.519,0.809
831,57,1335.272,500.254,43.698,1329,495,11,11,0.375,13.038,1329,498,147.529,9.899,1.455,0.687,0.633
832,47,1345.138,501.415,33.456,1342,495,8,11,0.528,12.083,1342,495,114.444,8.000,1.781,0.561,0.701
833,30,289.967,500.700,25.799,286,496,8,8,0.566,9.434,288,496,122.005,7.211,1.512,0.661,0.690
834,63,1272.230,503.452,42.284,1266,496,12,14,0.443,17.804,1266,496,128.157,7.155,3.016,0.332,0.663
835,79,435.753,503.424,38.042,431,497,9,14,0.686,14.560,433,497,105.945,8.344,2.020,0.495,0.782
836,58,562.086,504.793,32.142,559,498,6,13,0.705,13.342,561,498,102.995,6.000,2.423,0.413,0.866
837,30,1305.033,500.100,24.728,1300,498,11,4,0.617,11.180,1300,499,169.695,4.000,3.196,0.313,0.811
838,62,1382.129,501.790,38.870,1374,498,15,8,0.516,15.524,1374,505,14.931,7.194,2.272,0.440,0.721
839,28,419.107,504.750,26.971,417,499,5,11,0.484,11.705,417,510,70.017,4.642,3.296,0.303,0.718
840,27,369.648,502.944,19.556,366,500,7,6,0.887,8.602,366,501,144.462,4.950,1.952,0.512,0.857
841,26,401.808,505.731,26.385,399,500,6,10,0.469,10.050,401,500,95.711,5.199,2.140,0.467,0.650
842,80,793.150,509.738,45.556,790,500,6,20,0.484,20.396,791,500,101.310,5.344,4.295,0.233,0.833
843,32,1279.031,503.156,20.728,1276,500,6,7,0.936,8.602,1276,500,125.538,6.000,1.500,0.667,0.901
844,45,786.656,506.367,26.728,783,501,6,10,0.792,10.770,785,511,68.199,6.000,1.942,0.515,0.891
845,145,1292.431,507.231,68.426,1283,501,22,14,0.389,22.204,1283,507,7.765,13.339,1.618,0.618,0.684
846,27,1369.167,505.722,29.799,1367,501,6,11,0.382,11.180,1368,512,79.695,6.000,2.718,0.368,0.540
847,94,1397.468,508.809,47.698,1391,501,12,15,0.519,18.028,1391,516,56.310,11.384,1.627,0.615,0.737
848,98,883.684,508.724,41.456,878,502,12,13,0.717,14.213,880,503,129.289,11.068,1.338,0.747,0.820
849,119,1024.324,518.567,62.971,1022,504,6,28,0.377,28.284,1022,504,98.130,6.000,5.871,0.170,0.832
850,93,1347.500,509.887,52.527,1339,504,17,10,0.424,18.788,1339,513,25.201,10.000,2.615,0.382,0.689
851,115,1256.039,511.857,49.698,1250,505,12,14,0.585,16.643,1250,505,122.735,11.767,1.303,0.768,0.821
852,92,1300.196,515.500,45.456,1295,507,10,16,0.560,17.889,1297,523,63.435,9.552,1.768,0.566,0.760
853,31,1330.242,510.500,21.556,1326,507,7,7,0.838,8.062,1326,509,150.255,6.708,1.044,0.958,0.816
854,29,1385.431,510.362,26.971,1382,507,9,7,0.501,9.487,1382,514,18.435,7.000,1.347,0.742,0.652
855,38,1409.711,510.763,31.213,1405,507,9,9,0.490,10.630,1406,508,138.814,7.071,1.638,0.610,0.679
856,29,1377.948,511.534,20.142,1375,508,6,7,0.898,8.602,1375,515,54.462,5.657,1.714,0.583,0.866
857,129,475.926,516.221,44.042,469,509,13,14,0.836,17.205,471,523,54.462,11.600,1.624,0.616,0.887
858,27,1335.833,512.648,20.728,1333,509,5,8,0.790,8.544,1335,517,69.444,4.851,1.902,0.526,0.844
859,84,440.821,519.976,45.213,437,510,8,19,0.516,19.416,438,529,78.111,6.957,3.227,0.310,0.812
860,28,1165.607,513.214,18.728,1163,510,6,6,1.000,7.810,1163,510,129.806,5.657,1.371,0.730,0.918
861,122,562.139,524.262,56.971,558,512,8,24,0.472,24.331,560,512,99.462,7.194,4.278,0.234,0.808
862,143,1216.738,520.479,45.456,1211,512,12,16,0.870,16.553,1212,527,64.983,12.000,1.352,0.740,0.920
863,29,1264.638,516.603,25.799,1262,512,5,10,0.548,10.770,1263,512,111.801,5.000,2.320,0.431,0.753
864,36,1350.528,517.083,27.799,1348,512,7,10,0.585,10.198,1348,522,78.690,7.000,1.417,0.706,0.735
865,57,1362.500,519.658,36.870,1358,512,9,13,0.527,14.318,1361,512,114.775,7.603,2.328,0.430,0.713
866,71,1282.852,520.951,45.941,1276,514,14,13,0.423,14.422,1278,515,123.690,9.067,1.829,0.547,0.626
867,68,619.500,521.926,32.971,615,515,8,12,0.786,13.416,617,527,63.435,8.000,1.439,0.695,0.895
868,85,1341.100,519.076,42.042,1333,515,14,9,0.604,14.866,1333,520,19.654,9.000,1.709,0.585,0.798
869,28,1394.357,518.286,26.627,1390,515,9,7,0.496,9.487,1390,520,18.435,5.692,2.273,0.440,0.651
870,91,1419.874,521.445,54.770,1413,515,16,13,0.381,16.763,1413,516,162.646,11.963,1.401,0.714,0.625
871,25,1327.860,518.900,20.142,1324,516,7,5,0.774,7.616,1324,518,156.801,5.000,1.684,0.594,0.847
872,34,1379.529,519.559,24.142,1376,516,8,7,0.733,10.630,1376,523,41.186,6.128,2.079,0.481,0.810
873,93,1404.683,522.263,51.012,1399,516,13,13,0.449,15.811,1399,529,34.695,11.869,1.176,0.850,0.721
874,50,1239.380,524.180,31.799,1236,519,7,11,0.621,12.083,1237,519,114.444,7.000,1.949,0.513,0.775
875,97,1259.325,525.665,46.042,1254,519,11,13,0.575,14.866,1254,520,132.274,10.983,1.286,0.778,0.805
876,136,1031.757,536.728,59.799,1028,522,8,26,0.478,26.476,1029,522,100.886,7.823,3.698,0.270,0.842
877,29,1275.224,525.397,20.728,1273,522,5,7,0.848,8.062,1273,522,119.745,5.000,1.574,0.635,0.866
878,89,1334.073,532.028,54.284,1329,523,14,15,0.380,18.601,1332,523,126.254,10.688,2.077,0.482,0.650
879,41,1424.232,528.720,27.556,1421,523,6,11,0.679,11.402,1424,534,74.745,5.458,2.292,0.436,0.820
880,25,1303.020,527.860,20.971,1300,524,7,7,0.714,9.899,1300,524,135.000,4.243,2.652,0.377,0.794
881,34,1338.824,526.912,25.556,1335,524,8,8,0.654,8.944,1339,532,63.435,7.353,1.181,0.847,0.782
882,49,398.153,529.010,32.627,392,525,13,8,0.578,13.928,392,531,21.038,6.203,2.894,0.346,0.705
883,104,698.856,531.606,39.456,693,525,12,13,0.839,14.422,693,537,33.690,11.676,1.183,0.845,0.856
884,28,1344.786,528.714,21.556,1342,525,6,7,0.757,8.062,1343,532,60.255,5.687,1.514,0.661,0.789
885,73,1406.432,530.664,41.113,1399,525,15,11,0.543,17.493,1399,535,30.964,7.950,2.723,0.367,0.723
886,114,1203.351,535.316,47.941,1197,526,14,17,0.623,20.248,1199,543,57.095,9.683,2.240,0.446,0.809
887,82,1323.805,531.768,42.870,1318,526,11,11,0.561,13.454,1320,526,131.987,10.522,1.060,0.944,0.766
888,33,290.076,531.864,26.627,287,527,6,9,0.585,9.487,287,536,71.565,6.000,1.549,0.645,0.733
889,25,299.940,528.660,19.314,296,527,8,4,0.842,8.246,296,527,165.964,4.000,1.972,0.507,0.909
890,29,1362.569,532.914,27.556,1360,527,5,10,0.480,11.180,1360,527,116.565,5.000,2.607,0.384,0.667
891,26,1268.692,530.154,19.314,1265,528,7,5,0.876,7.616,1265,531,23.199,5.000,1.313,0.762,0.867
892,29,1379.810,530.948,19.314,1377,528,6,6,0.977,7.810,1377,534,39.806,6.000,1.328,0.753,0.892
893,47,1286.436,534.734,31.213,1282,530,9,11,0.606,11.705,1286,541,70.017,7.725,1.637,0.611,0.723
894,31,277.403,534.016,25.556,272,531,10,5,0.596,10.198,272,534,168.690,5.000,2.051,0.488,0.785
895,33,315.924,534.015,27.556,311,531,10,6,0.546,11.180,311,532,153.435,6.000,2.051,0.488,0.717
896,51,1385.049,539.069,36.627,1382,532,9,14,0.478,15.000,1382,533,126.870,6.952,2.821,0.354,0.654
897,31,1025.371,536.661,19.899,1023,533,5,7,0.984,8.062,1023,540,60.255,5.000,1.406,0.711,0.939
898,111,1262.095,540.122,43.213,1257,533,11,15,0.747,16.553,1257,533,115.017,10.644,1.652,0.605,0.864
899,32,1313.375,536.094,22.971,1310,533,8,7,0.762,10.000,1310,540,36.870,5.270,2.021,0.495,0.800
900,67,1170.664,538.425,32.042,1165,534,12,9,0.820,13.416,1165,535,153.435,7.600,1.886,0.530,0.854
901,39,1303.218,537.910,27.213,1299,534,9,9,0.662,10.000,1300,541,36.870,7.318,1.699,0.589,0.722
902,36,1378.611,539.583,24.728,1376,535,5,10,0.740,10.440,1377,545,73.301,5.000,2.169,0.461,0.847
903,29,1390.569,537.328,22.385,1387,535,8,6,0.727,8.944,1387,539,26.565,6.000,1.435,0.697,0.795
904,31,1272.177,542.403,30.385,1270,536,5,12,0.422,12.166,1270,536,99.462,5.000,3.156,0.317,0.633
905,98,285.398,543.031,54.184,277,537,16,13,0.419,16.279,277,548,10.620,12.542,1.108,0.902,0.653
906,33,314.894,540.621,27.556,310,537,11,6,0.546,12.083,310,537,155.556,5.033,3.113,0.321,0.717
907,66,788.530,547.121,41.556,786,538,5,18,0.480,18.248,787,538,99.462,5.000,3.928,0.255,0.846
908,38,1394.263,543.763,29.799,1390,539,8,10,0.538,11.662,1390,549,59.036,6.959,1.864,0.537,0.679
909,51,1307.363,544.755,35.213,1303,540,9,12,0.517,13.000,1304,552,67.380,8.041,1.701,0.588,0.708
910,42,640.167,545.619,23.556,637,541,6,9,0.951,9.487,639,541,108.435,6.000,1.418,0.705,0.903
911,63,1025.198,547.119,31.899,1022,541,6,12,0.778,13.000,1023,541,112.620,6.000,2.098,0.477,0.933
912,67,1297.873,548.336,36.627,1294,542,9,13,0.628,13.928,1295,555,68.962,8.497,1.844,0.542,0.766
913,26,1320.577,544.346,18.728,1317,542,7,5,0.932,8.062,1317,542,150.255,5.000,1.766,0.566,0.867
914,31,273.177,547.274,25.314,270,543,5,10,0.608,10.296,270,544,119.055,5.000,2.225,0.449,0.785
915,108,1407.102,549.806,53.598,1399,544,16,12,0.472,17.088,1399,552,20.556,10.989,1.535,0.651,0.761
916,29,1289.776,548.948,26.042,1287,545,6,9,0.537,9.849,1287,554,66.038,6.000,1.713,0.584,0.682
917,60,1248.967,550.450,28.142,1245,546,8,9,0.952,10.817,1246,546,123.690,8.000,1.302,0.768,0.923
918,41,1313.037,549.378,24.728,1308,546,9,6,0.843,10.296,1308,551,29.055,6.000,1.673,0.598,0.891
919,57,1427.325,550.272,32.385,1422,546,9,10,0.683,12.207,1423,546,124.992,8.050,1.618,0.618,0.820
920,56,1368.661,553.482,38.284,1364,547,10,11,0.480,11.705,1367,547,109.983,8.575,1.514,0.661,0.713
921,143,1046.395,556.017,46.042,1040,548,13,15,0.848,15.811,1041,563,71.565,12.856,1.124,0.890,0.894
922,84,1419.643,555.143,56.426,1412,548,14,14,0.332,14.318,1412,555,167.905,12.652,1.182,0.846,0.651
923,51,425.833,555.598,38.870,423,549,7,15,0.424,15.297,425,564,78.690,7.000,3.167,0.316,0.622
924,62,434.548,555.081,35.799,431,549,7,14,0.608,14.318,433,549,102.095,6.957,2.424,0.413,0.800
925,79,1321.323,555.272,50.770,1314,549,15,12,0.385,17.205,1314,559,35.538,11.280,1.797,0.557,0.625
926,44,298.545,553.545,36.627,292,550,15,8,0.412,17.000,292,558,28.072,4.759,4.547,0.220,0.710
927,62,1377.645,554.855,36.870,1372,550,11,10,0.573,12.207,1372,550,145.008,10.000,1.098,0.911,0.734
928,49,286.622,556.092,34.284,282,551,9,10,0.524,10.440,285,551,106.699,9.000,1.105,0.905,0.700
929,39,261.577,556.423,37.698,255,553,13,8,0.345,14.318,255,553,155.225,6.397,3.132,0.319,0.574
930,25,1281.500,554.980,20.142,1278,553,8,5,0.774,8.544,1278,556,20.556,5.000,1.598,0.626,0.806
931,80,1397.938,558.013,37.698,1391,553,12,11,0.707,13.000,1391,556,157.380,10.607,1.254,0.798,0.812
932,117,1025.671,565.645,56.142,1023,554,6,24,0.466,24.515,1023,554,101.768,6.000,4.611,0.217,0.893
933,32,1189.906,558.812,23.899,1188,554,4,9,0.704,9.849,1188,554,113.962,4.000,2.372,0.422,0.928
934,30,1287.067,558.200,27.213,1282,555,10,8,0.509,12.207,1282,563,34.992,4.992,2.851,0.351,0.723
935,146,1382.164,563.616,70.912,1373,555,17,16,0.365,19.235,1373,560,152.103,15.628,1.252,0.798,0.649
936,75,1180.713,562.167,35.456,1175,557,12,11,0.750,15.000,1175,568,36.870,8.400,1.956,0.511,0.847
937,54,664.500,563.722,28.971,661,558,7,11,0.809,11.402,664,558,105.255,6.930,1.684,0.594,0.857
938,44,1293.114,562.091,31.698,1288,558,9,9,0.550,10.000,1290,559,126.870,8.746,1.246,0.802,0.698
939,47,1356.436,561.606,32.042,1349,558,13,8,0.575,13.153,1349,560,171.254,7.056,2.051,0.488,0.712
940,61,1315.713,562.631,49.698,1307,559,21,7,0.310,21.587,1307,561,166.608,6.051,4.594,0.218,0.629
941,36,1334.639,562.556,38.627,1329,559,14,7,0.303,15.652,1329,566,26.565,5.367,3.838,0.261,0.571
942,105,1366.195,565.433,64.083,1358,559,15,13,0.321,18.439,1358,572,40.601,12.537,1.418,0.705,0.686
943,27,1391.759,563.611,22.142,1389,561,7,6,0.692,8.062,1389,566,29.745,6.000,1.259,0.794,0.794
944,43,1352.384,567.709,24.385,1349,563,7,9,0.909,9.220,1352,563,102.529,7.000,1.217,0.821,0.860
945,112,1397.152,571.080,52.527,1391,563,13,16,0.510,18.358,1394,579,60.642,11.513,1.583,0.632,0.775
946,28,1304.286,568.464,24.971,1301,564,7,7,0.564,9.220,1302,564,130.601,6.200,1.471,0.680,0.757
947,36,489.000,570.333,21.314,486,567,6,7,0.996,7.810,487,567,129.806,6.000,1.099,0.910,0.923
948,56,1339.071,571.893,36.042,1334,568,11,10,0.542,12.083,1334,573,24.444,9.839,1.337,0.748,0.727
949,30,1327.633,572.933,24.971,1325,569,5,9,0.605,9.487,1325,569,108.435,5.000,2.168,0.461,0.759
950,43,1032.058,574.035,24.485,1029,570,6,8,0.901,10.000,1029,578,53.130,6.000,1.488,0.672,0.945
951,27,1368.315,576.019,28.971,1365,570,5,12,0.404,13.000,1365,570,112.620,4.366,3.585,0.279,0.692
952,32,1374.625,574.062,24.385,1372,570,6,8,0.676,9.434,1373,570,122.005,5.883,1.743,0.574,0.780
953,32,1383.000,573.938,26.142,1378,570,8,8,0.588,8.944,1378,573,153.435,7.603,1.363,0.734,0.711
954,72,1249.361,577.597,32.627,1244,572,10,10,0.850,11.662,1246,582,59.036,9.430,1.191,0.840,0.889
955,31,1280.597,575.952,20.728,1278,572,5,8,0.907,8.544,1279,580,69.444,5.000,1.743,0.574,0.886
956,75,1316.940,574.860,46.870,1308,572,18,7,0.429,18.682,1308,573,164.476,6.976,3.337,0.300,0.691
957,55,1411.155,576.536,35.698,1406,572,11,8,0.542,11.705,1406,574,160.017,8.000,1.480,0.676,0.738
958,37,354.959,576.554,26.627,350,573,9,7,0.656,10.296,350,574,150.945,6.261,1.875,0.533,0.779
959,25,1303.100,578.060,21.556,1300,575,6,7,0.676,9.220,1300,575,130.601,5.821,1.834,0.545,0.735
960,29,424.466,579.121,19.556,421,576,6,7,0.953,8.602,422,576,125.538,5.657,1.614,0.620,0.892
961,31,1335.274,578.952,22.385,1331,576,8,7,0.777,10.000,1331,576,143.130,4.950,2.220,0.451,0.816
962,47,1401.798,581.138,27.799,1398,576,8,10,0.764,10.770,1399,586,68.199,7.056,1.613,0.620,0.797
963,52,1388.038,581.058,29.799,1382,577,11,8,0.736,11.705,1382,582,19.983,7.155,1.840,0.544,0.800
964,26,250.308,580.154,18.728,247,578,7,5,0.932,7.616,247,582,23.199,5.000,1.625,0.615,0.867
965,29,276.741,581.672,29.213,272,578,10,7,0.427,10.770,272,579,158.199,5.814,2.384,0.419,0.586
966,82,795.634,586.256,41.899,793,578,6,16,0.587,17.088,793,578,110.556,6.000,3.131,0.319,0.916
967,36,1345.083,581.222,22.971,1341,578,8,7,0.857,8.602,1342,584,35.538,6.261,1.440,0.694,0.837
968,110,544.145,585.064,39.799,538,579,12,12,0.873,14.213,539,590,50.711,12.000,1.057,0.946,0.902
969,55,1026.118,584.355,28.728,1023,579,6,11,0.837,11.705,1024,579,109.983,6.000,1.986,0.503,0.917
970,50,1032.580,584.120,29.899,1029,579,6,11,0.703,12.530,1029,579,118.610,6.000,2.369,0.422,0.885
971,61,1331.139,584.713,34.385,1327,579,10,10,0.648,12.806,1327,579,141.340,8.746,1.603,0.624,0.787
972,39,1376.603,584.141,25.213,1372,580,9,8,0.771,10.817,1372,587,33.690,5.657,2.202,0.454,0.804
973,37,1281.581,585.176,23.314,1279,581,6,8,0.855,8.944,1279,581,116.565,6.000,1.260,0.794,0.892
974,49,1409.153,585.541,26.971,1405,581,9,8,0.846,10.817,1405,583,146.310,7.600,1.458,0.686,0.867
975,44,1287.250,588.614,31.799,1284,583,7,12,0.547,13.000,1285,595,67.380,6.203,2.564,0.390,0.710
976,52,1393.558,587.115,32.042,1389,583,11,9,0.636,11.402,1389,586,164.745,8.535,1.491,0.671,0.712
977,109,1268.913,592.280,50.971,1265,584,11,16,0.527,17.889,1265,584,116.565,11.000,2.061,0.485,0.770
978,92,1421.283,589.207,53.598,1413,584,18,11,0.402,18.788,1414,594,25.201,9.803,2.431,0.411,0.692
979,57,1221.395,591.939,35.213,1217,585,8,14,0.578,14.866,1218,599,70.346,7.354,2.148,0.465,0.750
980,120,1341.475,593.642,70.426,1329,586,25,15,0.304,26.926,1329,591,158.199,12.747,2.420,0.413,0.556
981,82,1383.085,590.695,45.456,1376,586,12,12,0.499,13.601,1378,587,126.027,11.665,1.264,0.791,0.770
982,25,273.020,590.020,18.728,270,587,6,6,0.896,7.810,271,587,129.806,5.547,1.661,0.602,0.847
983,39,303.346,591.167,37.799,298,587,9,11,0.343,12.207,298,588,124.992,9.000,1.442,0.693,0.553
984,83,1408.729,593.898,44.870,1401,587,14,14,0.518,19.799,1401,587,135.000,8.875,2.753,0.363,0.725
985,25,1435.420,592.620,19.314,1432,590,7,5,0.842,8.602,1432,590,144.462,4.366,2.057,0.486,0.847
986,51,1033.324,596.833,30.728,1030,591,6,11,0.679,12.083,1031,591,114.444,6.000,2.218,0.451,0.864
987,67,1240.037,594.216,31.556,1235,591,12,7,0.845,12.649,1235,597,18.435,7.000,1.584,0.631,0.918
988,27,1326.204,596.352,28.385,1323,591,6,9,0.421,10.296,1323,600,60.945,6.000,1.879,0.532,0.643
989,137,1398.522,597.296,61.598,1388,591,18,14,0.454,19.416,1388,593,145.491,13.275,1.599,0.625,0.729
990,40,1310.375,595.825,33.213,1303,593,14,5,0.456,14.318,1303,594,167.905,4.677,3.855,0.259,0.708
991,58,1378.483,598.897,38.385,1371,594,14,8,0.495,14.142,1371,601,8.130,8.000,1.675,0.597,0.703
992,33,795.621,598.500,20.485,793,595,5,7,0.988,8.062,794,595,119.745,5.000,1.393,0.718,0.971
993,44,1365.841,598.432,31.213,1360,595,11,8,0.568,11.705,1360,601,19.983,7.400,1.872,0.534,0.710
994,37,1435.338,598.284,22.728,1431,595,8,6,0.900,9.220,1432,595,139.399,6.000,1.439,0.695,0.881
995,63,1420.246,603.643,45.113,1416,596,8,16,0.389,17.088,1417,596,110.556,8.000,2.373,0.421,0.667
996,108,790.083,608.731,57.799,787,597,6,25,0.406,25.179,788,597,96.843,6.000,4.765,0.210,0.831
997,100,420.800,608.920,59.355,416,598,9,23,0.357,23.195,419,621,82.569,8.743,3.936,0.254,0.671
998,77,429.474,605.227,39.314,426,598,6,16,0.626,16.763,427,598,107.354,6.000,2.822,0.354,0.928
999,55,1290.064,601.191,34.870,1283,598,14,7,0.568,14.142,1283,599,171.870,7.000,2.393,0.418,0.733
1000,30,1427.767,601.733,22.385,1424,598,8,7,0.752,8.602,1425,605,54.462,5.600,1.592,0.628,0.750
1001,43,1315.128,604.616,28.971,1311,600,9,8,0.644,10.817,1311,601,146.310,7.155,1.895,0.528,0.768
1002,114,1390.535,608.272,59.841,1383,601,14,16,0.400,16.763,1389,617,72.646,13.313,1.044,0.958,0.697
1003,62,1410.887,605.403,34.627,1406,601,10,10,0.650,12.207,1407,601,124.992,9.600,1.217,0.822,0.780
1004,38,1343.974,607.842,27.799,1341,602,7,10,0.618,10.770,1341,612,68.199,7.000,1.637,0.611,0.768
1005,28,1352.357,606.071,24.385,1350,602,5,9,0.592,9.220,1352,602,102.529,5.000,1.978,0.506,0.747
1006,25,1380.580,606.740,23.556,1378,602,6,9,0.566,10.000,1378,611,53.130,4.202,3.000,0.333,0.714
1007,102,1434.353,608.775,50.870,1428,602,11,13,0.495,14.765,1432,615,61.699,11.000,1.305,0.766,0.829
1008,77,796.552,610.760,38.728,794,603,6,16,0.645,16.492,794,603,104.036,6.000,2.977,0.336,0.906
1009,40,1034.125,606.975,23.314,1031,603,6,8,0.925,8.944,1032,603,116.565,6.000,1.426,0.701,0.909
1010,49,996.418,607.806,26.385,992,604,9,8,0.885,9.487,992,609,18.435,7.906,1.228,0.814,0.852
1011,44,830.818,609.182,23.799,827,605,8,8,0.976,8.602,827,607,144.462,7.778,1.073,0.932,0.863
1012,26,1373.423,608.077,20.728,1370,605,7,6,0.760,8.062,1370,610,29.745,6.000,1.396,0.716,0.765
1013,73,1404.705,611.459,40.870,1399,605,11,14,0.549,14.765,1401,606,118.301,9.192,1.776,0.563,0.716
1014,40,254.600,612.175,32.627,251,607,8,9,0.472,11.402,251,607,127.875,8.000,1.306,0.766,0.672
1015,67,1336.037,612.067,40.870,1328,607,13,12,0.504,14.866,1328,609,137.726,10.215,1.419,0.705,0.654
1016,29,1320.190,610.707,21.899,1316,609,9,4,0.760,9.487,1316,612,18.435,4.000,2.227,0.449,0.906
1017,37,1306.095,612.338,28.142,1300,610,12,4,0.587,12.649,1300,614,18.435,4.000,3.387,0.295,0.831
1018,33,1349.167,613.379,20.971,1345,610,8,6,0.943,8.246,1345,613,165.964,6.000,1.359,0.736,0.846
1019,31,1418.468,616.081,30.042,1413,611,9,10,0.432,12.207,1413,621,55.008,6.000,2.575,0.388,0.602
1020,34,1034.147,615.706,21.899,1031,612,6,7,0.891,8.602,1032,612,125.538,6.000,1.345,0.743,0.895
1021,60,1375.750,616.150,38.870,1370,612,11,10,0.499,12.083,1370,617,24.444,9.775,1.169,0.856,0.732
1022,39,235.731,616.603,31.456,230,613,12,7,0.495,12.166,230,617,170.538,6.847,2.118,0.472,0.645
1023,56,1142.554,616.893,29.799,1137,613,11,8,0.792,12.530,1137,614,151.390,7.155,1.959,0.510,0.836
1024,42,1383.429,618.762,29.213,1379,613,9,10,0.618,11.402,1379,623,37.875,6.574,2.020,0.495,0.706
1025,54,1344.315,619.833,35.113,1340,614,9,12,0.550,12.369,1342,614,104.036,8.538,1.738,0.575,0.711
1026,30,1401.233,616.900,20.142,1398,614,7,6,0.929,8.602,1398,614,144.462,5.657,1.648,0.607,0.882
1027,102,429.706,627.265,53.556,425,615,7,23,0.447,23.345,428,638,80.134,7.000,4.682,0.214,0.810
1028,39,1304.756,618.038,24.971,1300,615,9,6,0.786,9.849,1300,616,156.038,6.000,1.725,0.580,0.848
1029,29,341.086,619.155,28.627,336,616,10,8,0.445,12.207,336,616,145.008,5.547,2.467,0.405,0.637
1030,26,970.000,618.500,17.314,967,616,6,5,1.000,6.708,967,617,153.435,5.000,1.184,0.845,0.929
1031,117,1238.620,625.919,48.870,1234,616,10,18,0.616,19.698,1234,616,113.962,9.535,2.310,0.433,0.821
1032,43,1390.802,620.988,33.456,1384,616,12,10,0.483,15.000,1384,626,36.870,5.657,3.581,0.279,0.667
1033,46,1330.304,620.457,38.042,1322,617,16,6,0.399,16.492,1322,619,165.964,5.706,3.551,0.282,0.697
1034,63,1281.310,624.389,47.941,1276,618,13,11,0.344,13.601,1276,628,17.103,11.000,1.147,0.872,0.594
1035,69,1357.587,623.181,47.213,1349,619,15,9,0.389,16.553,1349,621,154.983,9.000,2.365,0.423,0.651
1036,27,335.981,624.648,27.556,331,620,9,7,0.447,9.055,331,625,173.660,7.000,1.277,0.783,0.643
1037,96,796.938,630.510,46.971,794,620,6,21,0.547,21.213,795,620,98.130,6.000,3.625,0.276,0.893
1038,106,1035.066,631.094,55.213,1032,620,7,22,0.437,22.804,1032,620,105.255,7.000,4.156,0.241,0.794
1039,102,1204.412,627.451,39.213,1200,620,10,14,0.834,14.560,1202,620,105.945,10.000,1.517,0.659,0.907
1040,78,1399.679,625.756,46.184,1392,621,15,11,0.460,16.155,1392,628,21.801,11.000,1.519,0.658,0.690
1041,34,421.029,625.647,20.728,418,622,6,7,0.994,8.062,419,622,119.745,6.000,1.226,0.816,0.907
1042,60,1301.217,626.200,37.456,1295,622,12,10,0.537,13.892,1295,629,30.256,10.000,1.499,0.667,0.686
1043,106,1375.415,629.028,44.284,1370,622,14,13,0.679,15.232,1370,634,23.199,12.758,1.121,0.892,0.803
1044,46,1410.630,626.543,29.556,1405,624,11,6,0.662,12.083,1405,629,24.444,5.590,2.445,0.409,0.836
1045,57,1422.430,629.886,33.698,1418,624,9,12,0.631,13.892,1420,624,120.256,6.860,2.296,0.436,0.797
1046,78,1229.308,629.962,32.042,1224,625,10,11,0.955,11.705,1227,625,109.983,9.899,1.168,0.856,0.902
1047,31,1366.468,629.435,23.556,1363,625,6,9,0.702,9.220,1366,625,102.529,5.491,1.984,0.504,0.765
1048,27,249.574,633.389,29.799,246,626,6,12,0.382,12.042,250,626,94.764,5.963,2.213,0.452,0.593
1049,25,611.260,628.700,17.314,608,626,6,5,1.000,6.708,608,628,153.435,5.000,1.177,0.849,0.926
1050,73,903.089,632.322,33.799,899,626,8,12,0.803,13.892,899,626,120.256,8.000,1.502,0.666,0.880
1051,127,1389.020,633.571,62.426,1379,627,21,13,0.410,21.378,1379,636,10.784,12.225,2.009,0.498,0.681
1052,47,523.202,632.457,24.385,519,628,8,8,0.993,9.434,519,635,32.005,7.071,1.312,0.762,0.913
1053,25,364.500,631.780,18.728,361,629,7,5,0.896,8.062,361,634,29.745,4.919,1.814,0.551,0.877
1054,128,1285.367,634.766,57.113,1276,629,17,14,0.493,17.720,1276,636,16.390,13.732,1.319,0.758,0.705
1055,146,421.767,644.836,70.627,418,630,8,31,0.368,31.575,419,630,100.954,7.474,5.416,0.185,0.781
1056,52,1403.462,636.615,37.698,1398,630,10,11,0.460,12.806,1399,641,51.340,9.800,1.373,0.728,0.650
1057,43,1412.314,635.616,35.456,1408,630,8,11,0.430,11.402,1411,630,105.255,7.374,1.777,0.563,0.656
1058,39,1322.885,635.038,28.627,1318,632,10,7,0.598,10.198,1318,636,11.310,7.000,1.303,0.767,0.743
1059,26,1163.192,635.385,17.899,1160,633,6,5,1.000,7.071,1161,638,45.000,5.000,1.147,0.872,0.929
1060,25,256.300,638.700,23.799,253,635,6,8,0.555,8.944,253,635,116.565,5.918,1.804,0.554,0.649
1061,34,1194.735,639.118,21.556,1192,635,6,8,0.919,8.544,1193,643,69.444,6.000,1.464,0.683,0.861
1062,126,1294.810,642.040,53.941,1285,635,18,13,0.544,19.698,1285,645,23.962,12.775,1.557,0.642,0.746
1063,28,1308.250,637.893,22.142,1304,636,9,4,0.718,9.487,1304,640,18.435,4.000,2.332,0.429,0.848
1064,46,1377.565,640.478,27.799,1373,636,8,9,0.748,10.817,1375,636,123.690,7.889,1.329,0.752,0.800
1065,78,250.154,645.385,55.941,245,637,12,16,0.313,17.464,247,637,113.629,9.899,2.082,0.480,0.614
1066,37,727.527,641.338,22.142,724,638,7,7,0.948,8.602,724,644,35.538,6.548,1.321,0.757,0.881
1067,44,1317.273,642.727,26.627,1314,638,7,9,0.780,9.487,1315,647,71.565,7.000,1.289,0.776,0.838
1068,58,1326.172,643.983,37.698,1320,638,12,11,0.513,16.279,1320,649,42.510,7.071,2.863,0.349,0.748
1069,61,1029.369,644.959,31.899,1026,639,6,12,0.753,13.000,1027,639,112.620,6.000,2.308,0.433,0.917
1070,32,1333.750,643.969,27.213,1330,639,8,10,0.543,12.207,1331,649,55.008,5.270,3.097,0.323,0.674
1071,81,1307.154,646.759,44.284,1302,640,11,14,0.519,16.125,1305,654,60.255,9.803,1.872,0.534,0.723
1072,36,1366.444,644.111,24.971,1361,641,10,6,0.726,10.770,1361,646,21.801,5.578,2.199,0.455,0.818
1073,45,1424.722,645.433,32.971,1421,642,9,9,0.520,10.630,1421,649,41.186,8.746,1.355,0.738,0.687
1074,102,888.941,650.039,40.284,883,643,13,13,0.790,15.000,884,645,143.130,10.262,1.477,0.677,0.857
1075,122,1432.090,650.697,58.527,1422,643,17,15,0.448,21.932,1422,658,43.152,13.016,1.925,0.520,0.718
1076,25,332.460,646.780,20.142,329,644,8,5,0.774,8.246,329,646,165.964,5.000,1.492,0.670,0.806
1077,27,722.389,647.204,18.971,719,644,7,6,0.943,7.616,719,646,156.801,5.657,1.361,0.735,0.844
1078,31,349.855,648.048,24.142,345,645,10,5,0.668,10.440,345,650,16.699,4.808,2.679,0.373,0.805
1079,44,791.386,650.000,25.899,788,645,6,9,0.824,10.296,788,654,60.945,6.000,1.705,0.587,0.926
1080,121,714.707,652.649,42.284,708,646,14,13,0.850,16.401,708,647,142.431,11.067,1.628,0.614,0.893
1081,52,1351.731,650.462,41.213,1344,646,14,9,0.385,16.125,1344,646,150.255,7.782,2.606,0.384,0.598
1082,36,1366.167,650.944,32.142,1359,648,13,6,0.438,13.928,1359,648,158.962,5.060,3.740,0.267,0.661
1083,39,1418.756,652.346,28.385,1416,648,7,9,0.608,10.296,1416,648,119.055,7.000,1.437,0.696,0.780
1084,79,339.956,654.310,49.456,332,649,20,10,0.406,20.616,332,658,14.036,9.920,2.549,0.392,0.620
1085,100,1030.090,661.580,49.556,1026,652,7,20,0.512,20.881,1027,652,106.699,6.939,3.743,0.267,0.833
1086,49,310.378,656.296,41.698,303,653,17,7,0.354,17.117,303,656,173.290,6.887,3.335,0.300,0.587
1087,112,706.402,659.652,41.698,700,653,15,12,0.809,15.133,700,660,172.405,12.000,1.184,0.845,0.896
1088,103,936.927,660.189,40.870,932,654,11,13,0.775,13.928,932,654,111.038,11.000,1.241,0.806,0.858
1089,30,791.500,658.000,19.657,789,655,5,6,0.976,7.810,789,655,129.806,5.000,1.200,0.833,1.000
1090,28,1312.607,659.607,21.899,1311,655,4,9,0.734,9.487,1311,655,108.435,4.000,2.488,0.402,0.889
1091,123,1434.476,663.215,55.698,1428,655,11,17,0.498,18.028,1432,655,109.440,10.933,1.815,0.551,0.796
1092,148,674.216,665.257,47.113,668,656,12,18,0.838,18.974,672,656,108.435,11.571,1.701,0.588,0.908
1093,49,1356.051,659.520,32.385,1350,656,13,7,0.587,13.928,1350,658,158.962,6.306,2.717,0.368,0.766
1094,29,1335.879,660.603,24.142,1332,657,7,7,0.625,9.220,1332,657,139.399,6.740,1.320,0.758,0.716
1095,82,1403.415,662.841,43.456,1398,657,12,12,0.546,14.213,1399,657,140.711,12.000,1.181,0.847,0.735
1096,130,572.008,671.023,67.213,569,658,7,30,0.362,30.067,570,658,93.814,7.000,4.591,0.218,0.790
1097,80,1348.162,667.750,48.770,1341,660,15,14,0.423,15.133,1341,668,172.405,11.543,1.453,0.688,0.620
1098,43,1386.895,664.151,28.971,1382,661,10,8,0.644,11.402,1383,669,37.875,6.261,1.927,0.519,0.754
1099,134,550.896,670.754,47.698,545,662,11,19,0.740,19.925,548,662,107.526,10.324,2.103,0.476,0.890
1100,55,791.900,669.427,40.385,789,662,5,17,0.424,17.464,790,662,103.241,5.000,4.126,0.242,0.803
1101,26,940.846,666.923,24.971,936,662,8,8,0.524,11.314,936,670,45.000,4.243,2.863,0.349,0.754
1102,50,1097.840,665.020,26.142,1093,662,10,6,0.919,10.440,1093,663,163.301,6.000,1.576,0.635,0.926
1103,36,1290.222,666.333,26.971,1287,662,7,8,0.622,9.434,1288,662,122.005,6.472,1.638,0.610,0.758
1104,140,1410.721,671.871,71.497,1400,663,21,18,0.344,21.213,1400,672,8.130,13.864,1.650,0.606,0.601
1105,30,1312.300,667.467,22.142,1308,665,8,5,0.769,8.944,1308,669,26.565,5.000,1.944,0.514,0.845
1106,38,1359.816,671.000,27.799,1357,666,6,10,0.618,10.198,1360,676,78.690,6.000,1.877,0.533,0.752
1107,25,1378.820,670.180,21.314,1377,666,4,9,0.692,9.055,1378,666,96.340,4.000,1.941,0.515,0.847
1108,37,1395.203,669.500,21.556,1392,666,7,7,1.000,8.602,1392,666,125.538,6.708,1.283,0.779,0.902
1109,33,1273.530,671.530,26.385,1271,667,7,9,0.596,9.849,1271,676,66.038,7.000,1.452,0.689,0.725
1110,38,1300.263,670.289,32.627,1295,667,10,8,0.449,11.180,1295,672,26.565,7.374,1.827,0.547,0.650
1111,27,1319.426,670.907,23.556,1315,667,8,7,0.611,8.944,1315,670,153.435,6.791,1.210,0.826,0.692
1112,28,420.607,670.321,18.728,417,668,7,5,1.000,7.616,417,669,156.801,5.000,1.391,0.719,0.903
1113,28,263.036,672.607,20.728,260,669,6,7,0.819,7.810,260,675,50.194,6.000,1.120,0.893,0.812
1114,31,1427.726,672.371,26.971,1423,669,8,7,0.536,9.434,1423,670,147.995,6.364,1.515,0.660,0.721
1115,38,1289.026,674.368,36.042,1283,671,13,7,0.368,13.601,1283,674,162.897,6.567,2.524,0.396,0.580
1116,31,424.694,676.435,23.556,422,672,6,9,0.702,10.296,423,681,60.945,5.367,2.163,0.462,0.795
1117,140,1152.943,683.393,54.870,1147,672,11,22,0.584,23.087,1147,694,72.350,10.429,2.661,0.376,0.789
1118,45,1336.922,678.100,33.456,1334,672,7,13,0.505,13.038,1336,672,94.399,6.731,2.181,0.458,0.682
1119,146,1385.788,682.089,59.841,1379,672,14,19,0.512,19.647,1383,672,104.744,13.959,1.604,0.623,0.716
1120,75,433.540,680.287,38.385,429,673,8,14,0.640,15.232,431,673,113.199,8.000,2.137,0.468,0.806
1121,97,1355.335,681.273,59.598,1349,673,17,16,0.343,19.235,1349,688,27.897,13.461,1.207,0.828,0.569
1122,39,1417.654,676.064,30.385,1413,673,11,6,0.531,12.530,1413,679,28.610,6.000,2.468,0.405,0.716
1123,141,1431.989,680.401,59.941,1422,673,17,14,0.493,18.868,1422,683,32.005,13.892,1.359,0.736,0.783
1124,28,371.357,678.107,22.385,367,675,9,6,0.702,9.487,367,677,161.565,5.199,2.213,0.452,0.747
1125,34,1301.794,678.794,26.971,1297,675,9,7,0.587,10.817,1297,675,146.310,6.364,1.929,0.519,0.731
1126,37,262.500,679.716,28.627,257,676,10,7,0.567,10.770,257,679,158.199,6.576,1.978,0.505,0.705
1127,30,329.967,677.733,22.485,325,676,9,4,0.746,9.849,325,676,156.038,4.000,2.487,0.402,0.923
1128,64,1344.625,683.156,32.627,1340,678,9,10,0.755,11.402,1341,678,127.875,8.878,1.290,0.775,0.831
1129,34,1377.882,682.882,24.385,1374,678,7,9,0.719,9.849,1375,687,66.038,5.814,1.992,0.502,0.782
1130,71,1399.585,683.261,46.284,1394,679,11,10,0.416,13.454,1394,679,138.013,10.000,1.218,0.821,0.721
1131,148,792.135,697.399,71.456,787,680,9,30,0.364,30.414,791,680,99.462,8.986,4.289,0.233,0.746
1132,27,1321.167,683.833,19.899,1319,680,5,7,0.857,8.602,1319,680,125.538,5.000,1.789,0.559,0.885
1133,71,799.486,687.500,34.385,796,681,8,12,0.755,13.000,796,681,112.620,8.000,1.575,0.635,0.871
1134,28,426.679,687.357,24.142,424,683,5,10,0.604,10.198,426,683,101.310,5.000,2.343,0.427,0.767
1135,79,934.690,687.981,33.799,929,683,11,10,0.869,12.207,932,683,124.992,9.806,1.212,0.825,0.888
1136,36,1361.361,687.306,32.042,1357,684,9,9,0.441,9.849,1361,693,66.038,8.598,1.137,0.880,0.649
1137,131,1410.050,691.034,60.184,1400,684,21,12,0.454,21.378,1400,689,169.216,11.179,2.205,0.454,0.738
1138,79,1425.652,690.272,36.284,1420,684,10,13,0.754,13.928,1423,684,111.038,9.603,1.564,0.639,0.827
1139,50,1434.600,690.580,25.899,1431,687,8,7,0.937,9.899,1431,687,135.000,7.000,1.101,0.908,0.952
1140,107,436.033,697.098,46.385,431,688,10,17,0.625,18.385,434,688,112.380,9.700,2.110,0.474,0.833
1141,37,1355.635,692.230,24.971,1352,688,8,7,0.746,8.602,1352,690,144.462,7.000,1.128,0.886,0.813
1142,28,1298.679,690.929,26.142,1293,689,11,5,0.515,11.045,1293,691,174.806,4.608,2.854,0.350,0.700
1143,25,1345.100,691.220,18.728,1341,689,8,4,0.896,8.544,1341,693,20.556,4.000,1.917,0.522,0.877
1144,77,1392.916,694.136,45.456,1385,689,14,11,0.468,14.560,1385,692,164.055,9.803,1.164,0.859,0.706
1145,28,571.643,694.286,24.142,569,690,5,10,0.604,10.050,571,690,95.711,5.000,1.894,0.528,0.778
1146,74,1263.176,697.973,34.971,1259,692,9,11,0.760,13.601,1260,692,126.027,8.910,1.271,0.787,0.871
1147,44,1289.955,696.409,33.799,1286,692,8,9,0.484,10.630,1286,692,131.186,8.000,1.353,0.739,0.746
1148,55,1191.336,697.445,28.042,1186,693,10,9,0.879,10.440,1186,696,163.301,7.071,1.405,0.712,0.880
1149,26,1304.154,699.154,26.142,1302,693,5,11,0.478,11.180,1303,693,100.305,4.713,2.752,0.363,0.675
1150,61,1371.189,698.615,43.113,1366,693,11,10,0.412,13.454,1366,702,41.987,9.206,1.381,0.724,0.685
1151,26,407.538,697.038,20.728,403,694,8,5,0.760,8.544,403,698,20.556,5.000,1.987,0.503,0.839
1152,35,1297.500,699.786,29.799,1295,694,6,10,0.495,10.440,1295,704,73.301,6.000,1.848,0.541,0.707
1153,42,1328.190,702.452,38.042,1325,694,6,15,0.365,15.133,1328,709,82.405,6.000,2.733,0.366,0.636
1154,88,1358.705,699.557,40.042,1353,694,12,13,0.690,14.765,1357,707,61.699,11.314,1.309,0.764,0.819
1155,38,1382.711,697.605,33.213,1377,694,11,6,0.433,11.180,1377,697,169.695,6.000,1.751,0.571,0.710
1156,52,1402.308,702.365,37.213,1400,695,6,15,0.472,15.297,1400,695,101.310,5.918,3.207,0.312,0.754
1157,116,1413.457,700.802,53.355,1405,695,16,12,0.512,17.493,1405,697,149.036,11.888,1.867,0.536,0.725
1158,80,1434.438,699.737,38.385,1427,695,12,11,0.682,13.601,1427,698,143.973,10.607,1.202,0.832,0.825
1159,25,1334.780,701.620,23.314,1333,696,4,10,0.578,10.198,1334,706,78.690,4.000,3.001,0.333,0.781
1160,25,1423.820,699.900,20.728,1421,696,6,7,0.731,8.485,1421,696,135.000,5.491,1.567,0.638,0.769
1161,30,1344.800,700.267,22.971,1340,697,9,6,0.714,10.296,1340,703,29.055,5.154,2.279,0.439,0.789
1162,44,276.068,705.455,34.627,271,699,11,10,0.461,12.042,274,699,131.634,8.485,1.468,0.681,0.629
1163,119,1260.845,711.416,49.456,1255,702,12,16,0.611,17.088,1258,702,110.556,11.767,1.546,0.647,0.818
1164,37,1387.608,705.851,28.971,1383,702,10,8,0.554,12.207,1383,703,145.008,6.379,2.236,0.447,0.698
1165,30,1075.767,706.833,20.728,1073,703,6,7,0.877,8.602,1073,710,54.462,6.000,1.429,0.700,0.857
1166,40,1395.550,706.700,26.728,1392,703,7,8,0.704,10.630,1392,703,131.186,6.791,1.712,0.584,0.833
1167,37,234.986,708.041,26.142,231,704,7,9,0.680,10.817,231,704,123.690,6.002,2.158,0.463,0.763
1168,75,1364.113,708.647,41.113,1359,704,12,11,0.558,13.416,1359,711,26.565,10.286,1.327,0.753,0.769
1169,123,565.020,717.866,59.113,559,705,11,24,0.442,24.331,563,705,99.462,10.672,3.169,0.316,0.676
1170,29,1425.914,707.328,22.142,1421,705,9,5,0.743,9.849,1421,706,156.038,4.707,2.218,0.451,0.829
1171,34,225.471,710.971,24.385,222,706,7,9,0.719,10.296,223,706,119.055,5.367,2.258,0.443,0.819
1172,84,440.262,714.190,40.142,437,706,7,16,0.655,17.464,437,706,113.629,7.000,2.772,0.361,0.908
1173,54,817.463,711.185,27.213,813,707,9,9,0.916,10.296,815,716,60.945,7.778,1.290,0.775,0.871
1174,57,1333.886,711.851,33.799,1329,707,10,10,0.627,12.806,1329,717,38.660,9.099,1.372,0.729,0.781
1175,38,1412.368,710.184,33.456,1407,707,10,8,0.427,10.440,1407,708,163.301,8.000,1.463,0.683,0.639
1176,43,1085.523,712.547,24.385,1081,708,8,8,0.909,8.944,1081,714,26.565,7.778,1.253,0.798,0.843
1177,60,1316.617,711.750,38.385,1308,708,16,7,0.512,16.492,1308,711,165.964,7.000,2.557,0.391,0.774
1178,31,1343.629,711.371,20.971,1340,708,7,7,0.886,8.062,1340,713,29.745,6.261,1.442,0.694,0.827
1179,27,250.796,711.204,24.728,245,709,10,5,0.555,10.440,245,711,163.301,4.366,2.820,0.355,0.720
1180,44,1423.182,713.136,36.042,1418,709,11,8,0.426,12.083,1418,709,155.556,8.000,1.465,0.683,0.652
1181,25,1386.540,713.940,18.385,1383,711,7,6,0.929,8.062,1383,712,150.255,4.715,1.937,0.516,0.820
1182,39,1407.295,716.295,32.042,1403,711,9,9,0.477,10.296,1403,720,29.055,8.050,1.233,0.811,0.709
1183,38,281.526,716.500,30.627,276,712,10,10,0.509,13.454,276,722,41.987,5.657,3.041,0.329,0.679
1184,38,861.105,716.158,21.556,858,712,6,8,1.000,8.544,860,712,110.556,6.000,1.296,0.771,0.916
1185,50,1137.840,715.400,25.556,1133,712,9,7,0.962,10.296,1133,713,150.945,7.000,1.323,0.756,0.917
1186,25,1416.660,715.860,19.314,1414,712,5,7,0.842,7.810,1414,719,50.194,4.851,1.643,0.609,0.847
1187,69,1269.833,720.196,47.941,1263,713,16,13,0.377,19.416,1263,724,34.509,8.050,2.877,0.348,0.585
1188,57,249.518,720.254,36.284,245,714,9,14,0.544,14.142,248,714,98.130,8.356,1.911,0.523,0.691
1189,51,377.147,719.480,32.627,373,714,8,11,0.602,12.530,374,714,118.610,6.957,2.123,0.471,0.779
1190,30,229.767,719.000,24.142,225,716,9,6,0.647,10.296,225,717,150.945,6.000,1.807,0.553,0.769
1191,26,333.538,719.423,23.556,329,716,8,6,0.589,8.544,329,718,159.444,6.000,1.813,0.552,0.703
1192,107,576.575,724.360,54.770,570,716,14,15,0.448,20.518,570,716,133.025,11.287,1.889,0.529,0.713
1193,38,1282.447,719.947,27.799,1278,717,10,7,0.618,11.180,1278,723,26.565,6.934,2.028,0.493,0.717
1194,95,1425.142,723.647,42.284,1419,717,12,12,0.668,13.601,1421,718,126.027,11.813,1.109,0.902,0.823
1195,26,1382.538,721.846,20.728,1380,718,5,8,0.760,8.544,1381,726,69.444,4.603,2.078,0.481,0.800
1196,28,1327.643,722.786,20.385,1324,719,7,7,0.847,8.602,1324,725,35.538,4.950,1.795,0.557,0.824
1197,37,1345.743,723.527,24.385,1343,719,6,9,0.782,9.487,1343,719,108.435,6.000,1.465,0.683,0.831
1198,102,1393.049,727.412,55.012,1384,719,18,14,0.424,20.248,1385,731,32.905,10.898,2.459,0.407,0.634
1199,28,389.857,721.893,23.556,385,720,10,4,0.634,10.198,385,720,168.690,4.000,2.494,0.401,0.824
1200,52,1412.788,722.577,35.556,1404,720,15,5,0.517,15.297,1404,723,11.310,5.000,3.306,0.302,0.832
1201,54,194.833,725.241,36.870,190,721,10,8,0.499,11.180,190,727,26.565,8.000,1.214,0.823,0.777
1202,47,266.926,724.606,40.385,262,721,13,10,0.362,14.866,264,731,42.274,8.720,2.121,0.472,0.547
1203,56,982.071,725.696,27.556,978,721,8,9,0.927,10.817,980,721,123.690,8.000,1.344,0.744,0.911
1204,31,1050.145,723.984,20.142,1047,721,7,6,0.960,8.602,1047,721,144.462,5.657,1.451,0.689,0.899
1205,33,226.682,727.288,28.385,224,722,6,11,0.515,12.083,224,722,114.444,5.121,3.032,0.330,0.710
1206,38,801.816,724.500,22.485,798,722,8,5,0.944,8.944,798,722,153.435,5.000,1.579,0.633,0.974
1207,35,1311.071,727.157,28.627,1306,722,9,10,0.537,13.454,1306,722,131.987,4.950,3.213,0.311,0.722
1208,57,374.465,728.026,38.385,369,723,13,8,0.486,13.342,369,731,12.995,8.000,1.646,0.608,0.722
1209,130,443.908,732.623,60.284,439,723,11,18,0.450,20.591,440,723,119.055,11.000,2.068,0.484,0.800
1210,66,1271.682,728.455,33.213,1266,724,11,9,0.752,12.083,1266,732,24.444,9.000,1.222,0.818,0.830
1211,44,1283.227,729.273,40.284,1278,725,11,10,0.341,12.530,1278,726,151.390,8.370,1.636,0.611,0.564
1212,48,1320.312,728.979,28.385,1317,725,8,9,0.749,10.000,1317,725,143.130,8.000,1.085,0.922,0.821
1213,63,1408.929,728.722,43.113,1401,725,17,8,0.426,18.385,1401,733,22.380,6.791,3.269,0.306,0.696
1214,45,434.967,732.478,36.042,432,726,6,13,0.435,13.928,432,739,68.962,6.000,2.890,0.346,0.720
1215,54,1264.222,734.074,38.385,1261,726,8,15,0.461,15.133,1262,741,82.405,8.000,1.686,0.593,0.679
1216,66,1375.773,729.470,41.698,1369,726,15,7,0.477,16.155,1369,727,158.199,7.000,2.165,0.462,0.733
1217,38,873.842,736.184,37.556,871,727,6,15,0.339,15.524,873,727,104.931,6.000,3.908,0.256,0.603
1218,127,1040.287,738.720,60.870,1036,727,8,25,0.431,25.179,1038,727,96.843,7.861,3.865,0.259,0.804
1219,29,394.569,731.397,22.971,390,728,8,7,0.691,9.220,392,735,49.399,5.488,1.908,0.524,0.734
1220,86,802.163,733.756,34.728,798,728,9,11,0.896,13.601,798,728,126.027,9.000,1.379,0.725,0.950
1221,57,1425.623,733.307,39.213,1418,729,12,11,0.466,15.556,1419,729,135.000,8.598,2.127,0.470,0.644
1222,94,1435.138,735.383,44.385,1431,729,8,14,0.600,16.125,1431,729,119.745,8.000,1.754,0.570,0.887
1223,52,382.904,734.981,44.284,376,730,13,13,0.333,13.928,376,736,21.038,11.534,1.434,0.697,0.481
1224,51,1406.676,735.696,34.627,1400,731,13,8,0.534,13.342,1400,734,167.005,7.727,1.991,0.502,0.713
1225,49,1311.398,738.398,36.870,1307,733,8,12,0.453,12.649,1311,745,71.565,7.814,1.774,0.564,0.690
1226,36,248.639,737.806,22.142,246,734,6,8,0.923,9.220,246,742,49.399,6.000,1.433,0.698,0.889
1227,38,572.000,739.500,25.314,570,734,4,11,0.745,11.180,571,734,100.305,4.000,2.658,0.376,0.927
1228,59,1276.534,737.992,35.799,1270,734,14,8,0.579,15.232,1270,734,156.801,6.181,2.895,0.345,0.797
1229,149,1392.151,743.936,70.669,1383,734,17,20,0.375,24.083,1383,736,131.634,12.075,2.370,0.422,0.668
1230,28,255.321,737.679,20.142,252,735,7,6,0.867,8.062,252,740,29.745,6.000,1.421,0.704,0.812
1231,36,1296.056,740.583,24.728,1294,735,5,10,0.740,10.440,1294,745,73.301,5.000,2.003,0.499,0.857
1232,81,1380.735,741.858,46.870,1372,735,15,13,0.463,19.849,1372,735,139.086,8.420,2.731,0.366,0.692
1233,51,1417.598,742.029,32.627,1413,736,8,11,0.602,11.705,1416,736,109.983,7.519,1.690,0.592,0.739
1234,34,393.147,740.588,23.556,388,738,9,6,0.770,9.220,388,740,167.471,6.000,1.685,0.593,0.829
1235,76,1425.539,744.158,41.113,1420,738,13,13,0.565,15.264,1420,749,31.608,10.607,1.486,0.673,0.717
1236,91,1032.797,746.621,39.213,1028,739,9,15,0.744,17.000,1029,739,118.072,7.906,2.268,0.441,0.875
1237,56,1404.232,742.321,34.042,1398,739,13,7,0.607,13.601,1398,740,162.897,6.788,2.198,0.455,0.789
1238,44,325.068,746.227,30.042,321,742,8,9,0.613,10.296,324,751,60.945,7.562,1.497,0.668,0.765
1239,80,930.062,746.413,43.698,923,742,13,10,0.526,14.318,923,744,155.225,9.758,1.582,0.632,0.800
1240,31,1235.048,745.081,19.314,1232,742,6,6,1.000,7.211,1232,743,146.310,6.000,1.058,0.945,0.925
1241,43,1276.267,745.105,39.799,1267,742,15,8,0.341,15.524,1267,743,165.069,6.708,3.098,0.323,0.593
1242,60,1362.933,747.017,34.042,1357,742,11,9,0.651,11.402,1357,747,164.745,9.000,1.132,0.883,0.789
1243,62,200.774,749.726,36.627,197,743,7,13,0.581,13.342,199,756,77.005,7.000,2.043,0.489,0.770
1244,50,246.000,747.680,34.627,241,743,10,9,0.524,11.662,241,750,30.964,9.000,1.506,0.664,0.699
1245,25,425.860,745.740,18.142,423,743,6,6,0.954,7.211,423,748,33.690,5.657,1.412,0.708,0.862
1246,29,1289.121,747.259,23.556,1286,743,6,8,0.657,8.602,1286,743,125.538,5.798,1.313,0.761,0.763
1247,68,1301.544,747.088,38.870,1294,743,14,8,0.566,14.318,1294,747,12.095,7.452,2.132,0.469,0.760
1248,39,260.859,748.500,28.142,256,746,11,5,0.619,11.705,256,750,19.983,5.000,2.165,0.462,0.812
1249,30,294.767,750.433,23.556,292,746,6,8,0.679,8.944,293,746,116.565,6.000,1.807,0.553,0.769
1250,37,832.365,749.554,22.142,829,746,7,7,0.948,8.602,830,746,125.538,6.261,1.377,0.726,0.892
1251,53,1415.613,750.500,28.971,1411,746,9,9,0.794,12.042,1411,746,131.634,7.603,1.852,0.540,0.828
1252,106,795.292,759.066,61.456,792,747,6,26,0.353,26.476,793,747,100.886,6.000,5.164,0.194,0.803
1253,49,844.827,751.316,27.799,840,747,9,9,0.797,10.630,841,747,131.186,7.778,1.334,0.749,0.824
1254,50,1274.380,753.580,32.042,1270,749,9,9,0.612,10.630,1272,749,131.186,8.825,1.276,0.784,0.746
1255,119,1425.282,758.819,51.698,1418,749,13,19,0.560,20.616,1421,768,67.166,11.314,1.851,0.540,0.741
1256,32,254.281,754.500,25.556,250,750,7,8,0.616,9.220,250,752,139.399,6.261,1.460,0.685,0.753
1257,61,1259.598,755.943,41.113,1254,750,11,13,0.454,13.342,1259,750,102.995,9.391,1.615,0.619,0.642
1258,37,261.797,754.932,23.314,258,752,8,6,0.855,10.000,258,758,36.870,6.000,1.666,0.600,0.892
1259,140,673.214,760.143,49.213,668,752,11,18,0.726,19.698,669,770,66.038,10.864,1.755,0.570,0.878
1260,25,1267.020,755.180,20.142,1264,752,6,7,0.774,9.220,1264,752,130.601,4.919,2.310,0.433,0.833
1261,35,1407.329,757.186,24.971,1404,752,6,9,0.705,9.487,1406,761,71.565,6.000,1.684,0.594,0.787
1262,35,244.157,756.900,29.799,240,753,9,8,0.495,10.630,241,761,48.814,6.868,1.724,0.580,0.673
1263,60,1042.050,761.467,37.556,1039,753,6,16,0.535,16.492,1040,753,104.036,5.632,3.290,0.304,0.811
1264,71,1397.387,758.345,39.698,1391,753,13,11,0.566,17.029,1391,753,139.764,8.104,2.085,0.480,0.768
1265,28,571.679,759.000,21.899,570,754,4,9,0.734,9.487,570,754,108.435,4.000,2.339,0.428,0.889
1266,35,1035.700,758.729,21.899,1033,755,6,7,0.917,9.220,1033,755,130.601,6.000,1.463,0.683,0.933
1267,35,387.786,759.271,26.385,383,756,9,8,0.632,9.220,383,759,12.529,7.562,1.237,0.808,0.737
1268,73,849.705,761.432,34.042,846,756,9,12,0.792,12.649,846,756,108.435,9.000,1.427,0.701,0.869
1269,70,1358.414,765.371,44.870,1353,756,11,17,0.437,19.235,1353,773,62.103,8.575,2.967,0.337,0.648
1270,50,1336.160,762.820,28.627,1332,758,8,10,0.767,10.770,1335,758,111.801,7.727,1.426,0.701,0.820
1271,55,1414.518,763.009,32.385,1408,759,12,8,0.659,13.000,1408,762,157.380,7.637,1.545,0.647,0.803
1272,113,1243.606,769.783,52.770,1238,760,11,18,0.510,18.682,1242,760,105.524,10.601,1.809,0.553,0.746
1273,28,1314.571,762.179,26.142,1309,760,11,5,0.515,12.083,1309,765,24.444,4.085,3.540,0.283,0.800
1274,64,628.359,767.594,30.627,624,762,9,11,0.857,11.705,627,762,109.983,8.379,1.502,0.666,0.859
1275,107,1432.818,766.771,44.385,1425,762,14,10,0.683,16.125,1425,770,29.745,10.000,1.478,0.677,0.863
1276,78,1318.603,768.103,53.941,1310,763,18,11,0.337,19.723,1311,774,30.466,7.155,2.958,0.338,0.690
1277,68,1330.735,769.779,46.870,1321,764,18,9,0.389,18.111,1321,772,6.340,9.000,2.297,0.435,0.651
1278,123,1412.720,770.809,49.113,1405,764,16,14,0.641,17.464,1405,766,156.371,11.558,1.663,0.601,0.769
1279,79,449.589,772.120,37.556,446,765,7,14,0.704,14.866,447,765,109.654,7.000,1.984,0.504,0.893
1280,45,762.567,770.144,26.142,760,765,6,10,0.827,10.440,761,765,106.699,6.000,1.871,0.534,0.882
1281,109,1259.757,773.280,63.497,1250,765,20,15,0.340,20.100,1250,773,174.289,13.846,1.593,0.628,0.604
1282,26,1350.192,767.962,20.142,1347,765,6,7,0.805,8.602,1347,765,125.538,5.814,1.468,0.681,0.812
1283,93,458.500,773.317,41.799,453,766,11,14,0.669,17.205,454,766,125.538,8.507,2.313,0.432,0.842
1284,30,241.933,771.533,27.799,239,767,5,10,0.488,10.440,240,767,106.699,5.000,2.701,0.370,0.690
1285,29,1293.879,770.466,22.971,1291,767,6,8,0.691,8.944,1292,775,63.435,6.000,1.834,0.545,0.784
1286,47,1302.351,770.500,31.799,1297,767,12,7,0.584,13.416,1297,774,26.565,5.814,2.715,0.368,0.797
1287,31,1343.984,769.823,21.556,1341,767,7,6,0.838,8.062,1341,767,150.255,6.000,1.044,0.958,0.861
1288,27,1363.796,770.019,20.142,1361,767,5,7,0.836,8.062,1362,767,119.745,5.000,1.412,0.708,0.900
1289,61,1400.041,776.648,41.456,1395,768,9,16,0.446,17.889,1395,784,63.435,6.943,2.777,0.360,0.701
1290,33,571.833,773.530,22.728,569,769,5,9,0.803,9.849,570,769,113.962,5.000,2.087,0.479,0.880
1291,26,1359.769,774.462,18.971,1357,771,6,7,0.908,7.616,1358,771,113.199,5.547,1.394,0.717,0.825
1292,120,1425.658,779.733,58.184,1420,771,11,20,0.445,21.954,1420,790,59.931,10.112,2.769,0.361,0.700
1293,145,565.845,789.210,75.314,563,772,5,34,0.321,34.234,564,772,96.710,5.000,7.768,0.129,0.876
1294,37,668.797,777.500,31.799,666,772,6,13,0.460,13.038,667,772,94.399,5.970,2.298,0.435,0.679
1295,66,1435.364,778.152,34.971,1431,772,8,13,0.678,14.765,1432,772,118.301,7.562,1.794,0.557,0.830
1296,32,1323.281,775.719,27.799,1319,773,9,7,0.520,9.220,1319,773,130.601,6.668,1.466,0.682,0.688
1297,37,1277.824,776.581,33.213,1271,774,14,6,0.421,15.232,1271,774,156.801,4.427,4.217,0.237,0.747
1298,48,1353.438,778.042,28.971,1349,774,9,8,0.719,11.314,1350,774,135.000,8.000,1.498,0.667,0.814
1299,43,1408.826,778.174,26.971,1405,774,9,8,0.743,12.042,1405,774,138.366,6.656,2.042,0.490,0.819
1300,52,1418.750,780.269,32.042,1414,774,9,12,0.636,12.369,1418,786,75.964,8.379,1.718,0.582,0.707
1301,32,362.094,779.188,30.042,358,775,8,8,0.446,9.220,358,781,40.601,8.000,1.119,0.894,0.627
1302,44,1238.977,779.795,25.799,1235,775,9,8,0.831,10.000,1236,776,143.130,6.872,1.492,0.670,0.846
1303,74,1390.000,785.027,39.113,1385,778,9,13,0.608,14.318,1387,791,65.225,8.878,1.815,0.551,0.787
1304,68,1291.441,782.838,32.142,1287,779,10,9,0.827,12.806,1287,788,38.660,8.806,1.512,0.661,0.913
1305,42,430.143,784.405,32.042,427,780,8,11,0.514,12.806,427,791,51.340,7.091,2.118,0.472,0.694
1306,77,461.890,785.799,42.042,456,781,12,10,0.547,13.416,456,784,153.435,10.000,1.275,0.785,0.770
1307,73,1275.021,787.021,35.799,1270,781,9,12,0.716,13.892,1272,781,120.256,9.000,1.280,0.782,0.820
1308,49,411.602,787.010,35.213,408,782,9,9,0.497,10.817,410,782,123.690,8.728,1.357,0.737,0.710
1309,28,1351.286,784.679,20.971,1347,782,8,6,0.800,8.944,1347,783,153.435,5.014,2.045,0.489,0.778
1310,54,1411.926,786.519,30.385,1407,782,9,9,0.735,12.728,1407,782,135.000,7.600,1.719,0.582,0.837
1311,26,324.500,785.577,22.385,321,783,8,5,0.652,8.544,321,787,20.556,5.000,1.830,0.546,0.743
1312,75,1433.340,787.620,42.284,1426,783,13,10,0.527,14.422,1427,785,146.310,8.141,1.871,0.535,0.815
1313,68,1337.191,787.735,44.627,1329,784,19,7,0.429,19.235,1329,785,171.027,6.930,3.721,0.269,0.690
1314,44,1078.409,789.455,24.971,1074,786,9,7,0.887,9.899,1075,786,135.000,6.668,1.458,0.686,0.854
1315,66,335.439,791.121,40.870,327,787,14,9,0.497,15.232,327,789,156.801,9.000,1.807,0.553,0.714
1316,33,1323.712,789.742,21.314,1320,787,8,5,0.913,8.544,1320,788,159.444,5.000,1.556,0.643,0.904
1317,29,1369.052,790.741,20.728,1365,787,7,6,0.848,8.602,1365,793,35.538,6.000,1.545,0.647,0.892
1318,98,1433.857,797.173,43.456,1426,790,13,14,0.652,18.439,1427,790,130.601,9.577,2.099,0.476,0.810
1319,103,468.471,798.442,48.284,463,791,12,14,0.555,17.029,464,791,130.236,11.180,1.599,0.625,0.798
1320,25,302.260,794.780,17.899,299,792,6,5,0.981,7.211,299,797,33.690,5.000,1.206,0.829,0.926
1321,91,489.995,798.247,34.627,485,792,10,12,0.954,13.038,487,804,57.529,10.000,1.303,0.767,0.910
1322,53,822.745,798.104,35.698,817,792,12,12,0.523,15.000,820,792,126.870,6.364,2.943,0.340,0.711
1323,39,1334.090,795.346,26.971,1329,792,9,8,0.674,11.402,1329,793,142.125,6.364,1.850,0.541,0.830
1324,136,1411.301,798.382,55.355,1405,792,14,14,0.558,17.029,1405,805,49.764,14.000,1.244,0.804,0.807
1325,69,1324.630,797.949,35.456,1319,793,11,10,0.690,11.705,1319,800,19.983,9.700,1.039,0.963,0.784
1326,53,1425.519,798.028,33.213,1420,793,10,9,0.604,11.662,1420,796,149.036,8.200,1.413,0.708,0.768
1327,44,430.273,798.386,39.113,423,794,13,8,0.361,13.601,423,800,17.103,7.603,1.907,0.524,0.611
1328,27,1303.352,797.426,18.728,1301,794,5,7,0.967,8.062,1301,794,119.745,5.000,1.632,0.613,0.900
1329,62,1343.306,800.097,42.284,1339,794,9,13,0.436,14.765,1340,807,61.699,8.549,2.015,0.496,0.678
1330,50,1379.160,798.860,29.799,1376,794,7,10,0.708,11.180,1376,804,63.435,7.000,1.588,0.630,0.826
1331,46,1369.761,797.870,30.385,1363,795,12,6,0.626,12.369,1363,798,14.036,6.000,2.181,0.459,0.786
1332,69,1388.007,800.399,36.284,1384,795,10,11,0.659,12.207,1384,795,145.008,10.000,1.099,0.910,0.826
1333,25,330.020,798.700,22.142,326,796,7,7,0.641,8.062,328,796,119.745,6.091,1.323,0.756,0.735
1334,31,1145.758,799.081,19.899,1143,796,6,6,0.984,7.810,1143,802,50.194,6.000,1.098,0.911,0.925
1335,77,1293.981,804.279,55.941,1288,797,11,15,0.309,15.297,1296,812,78.690,10.796,1.283,0.779,0.606
1336,80,1038.425,807.325,43.314,1036,798,6,18,0.536,18.682,1036,798,105.524,6.000,3.775,0.265,0.865
1337,55,1262.173,802.118,41.698,1258,798,11,11,0.397,13.038,1259,809,57.529,10.262,1.417,0.706,0.621
1338,67,1329.813,804.515,41.456,1322,799,15,9,0.490,15.811,1322,806,18.435,9.000,1.944,0.514,0.680
1339,64,1044.656,810.984,46.142,1042,800,5,21,0.378,21.024,1044,800,92.726,4.617,5.509,0.182,0.785
1340,65,1416.592,807.746,37.213,1412,800,9,13,0.590,15.264,1412,813,58.392,8.393,2.074,0.482,0.756
1341,78,254.846,806.115,48.284,246,802,18,8,0.420,18.439,246,808,12.529,7.562,2.928,0.342,0.696
1342,28,1423.821,805.250,20.142,1421,802,6,7,0.867,8.062,1422,802,119.745,5.578,1.443,0.693,0.824
1343,148,1432.878,810.885,56.284,1425,803,14,16,0.587,20.000,1427,803,126.870,13.507,1.207,0.829,0.831
1344,33,1392.803,806.833,22.142,1388,804,9,5,0.846,9.220,1388,808,12.529,5.000,1.729,0.579,0.892
1345,69,572.761,810.862,33.556,569,805,8,12,0.770,13.416,569,805,116.565,7.690,1.839,0.544,0.863
1346,128,991.180,812.469,53.941,985,805,13,16,0.553,16.763,987,805,107.354,12.500,1.227,0.815,0.803
1347,44,1245.045,809.273,30.870,1239,805,12,9,0.580,13.892,1239,806,149.744,5.400,3.287,0.304,0.721
1348,43,1311.267,808.779,37.456,1304,805,14,9,0.385,16.125,1304,806,150.255,7.006,2.519,0.397,0.619
1349,112,1404.679,811.062,54.184,1398,805,13,12,0.479,15.264,1398,807,148.392,12.000,1.076,0.930,0.818
1350,40,436.575,809.350,29.213,431,806,10,7,0.589,12.207,431,806,145.008,6.576,2.387,0.419,0.762
1351,71,1284.063,812.993,42.284,1280,806,8,15,0.499,15.524,1282,821,75.069,7.178,2.570,0.389,0.747
1352,96,565.344,816.938,49.799,562,807,7,19,0.486,19.647,563,807,104.744,7.000,3.404,0.294,0.793
1353,145,923.859,815.507,49.113,918,807,12,17,0.755,17.889,919,823,63.435,12.000,1.552,0.644,0.873
1354,26,1323.731,810.462,22.385,1320,807,8,6,0.652,8.944,1320,807,153.435,5.692,1.616,0.619,0.712
1355,27,1358.648,811.130,18.728,1356,808,6,6,0.967,7.211,1357,808,123.690,6.000,1.086,0.921,0.857
1356,140,1374.971,817.364,72.669,1362,809,27,17,0.333,29.155,1362,811,157.834,11.556,3.330,0.300,0.562
1357,28,1422.500,812.643,20.728,1420,809,5,8,0.819,8.246,1421,809,104.036,5.000,1.722,0.581,0.848
1358,126,797.063,825.302,61.556,793,810,7,27,0.418,27.295,796,810,98.427,7.000,4.534,0.221,0.834
1359,43,1391.988,813.477,24.971,1388,810,8,8,0.867,8.944,1388,815,26.565,8.000,1.127,0.888,0.851
1360,39,350.192,814.115,30.385,344,811,12,6,0.531,13.000,344,816,22.620,5.821,2.689,0.372,0.729
1361,45,1354.522,816.878,34.627,1350,811,11,9,0.472,13.601,1350,811,143.973,7.184,1.922,0.520,0.714
1362,69,683.877,816.572,35.799,679,812,11,11,0.677,13.601,680,823,53.973,9.179,1.513,0.661,0.798
1363,59,1275.246,816.195,43.456,1267,813,14,7,0.393,14.318,1267,815,167.905,7.000,1.762,0.567,0.756
1364,77,1295.071,819.019,45.941,1288,813,14,13,0.458,17.804,1288,814,141.843,8.963,2.402,0.416,0.670
1365,25,435.580,817.220,17.899,433,814,5,6,0.981,7.211,434,814,123.690,5.000,1.268,0.789,0.909
1366,67,1323.500,818.485,45.113,1318,814,12,10,0.414,13.601,1319,824,36.027,9.216,1.333,0.750,0.720
1367,43,1416.128,817.291,24.971,1412,814,9,7,0.867,9.849,1412,814,156.038,7.000,1.335,0.749,0.869
1368,27,520.796,818.056,18.142,518,815,6,6,1.000,6.708,519,815,116.565,6.000,1.073,0.932,0.885
1369,27,1335.315,817.019,20.728,1331,815,8,5,0.790,8.246,1331,816,165.964,5.000,1.847,0.541,0.818
1370,34,377.500,819.088,23.556,373,816,9,6,0.770,10.296,373,822,29.055,5.336,2.317,0.432,0.829
1371,40,1366.750,821.575,36.870,1360,816,13,10,0.370,14.318,1360,826,24.775,8.326,2.567,0.390,0.516
1372,66,1397.712,820.712,36.284,1390,816,14,8,0.630,14.142,1390,821,171.870,8.000,1.983,0.504,0.820
1373,28,1409.107,820.821,23.799,1406,816,6,9,0.621,9.487,1408,825,71.565,5.814,1.731,0.578,0.747
1374,59,273.924,826.297,48.627,271,817,8,16,0.314,17.464,271,817,113.629,8.000,2.193,0.456,0.573
1375,131,1432.668,823.798,46.042,1426,817,13,13,0.777,17.692,1427,817,132.709,12.589,1.289,0.776,0.888
1376,39,1288.885,822.192,22.971,1285,819,8,7,0.929,8.544,1285,824,20.556,7.000,1.219,0.820,0.857
1377,130,1420.808,827.054,61.012,1412,819,18,15,0.439,19.209,1413,834,51.340,14.450,1.270,0.788,0.679
1378,112,1214.107,830.571,47.113,1207,821,13,17,0.634,18.385,1209,838,67.620,9.696,2.262,0.442,0.800
1379,42,1277.667,825.643,26.385,1274,821,8,9,0.758,10.817,1274,830,56.310,6.261,2.020,0.495,0.824
1380,30,1332.767,824.967,31.213,1328,821,10,7,0.387,10.198,1328,825,168.690,7.000,1.366,0.732,0.583
1381,27,1345.389,824.500,20.971,1341,821,8,6,0.772,8.544,1341,826,20.556,5.657,1.604,0.624,0.771
1382,54,358.352,825.259,45.456,349,822,18,6,0.328,18.682,349,822,164.476,6.000,2.841,0.352,0.635
1383,53,1353.425,827.028,37.213,1347,822,13,8,0.481,13.342,1347,830,12.995,8.000,1.695,0.590,0.752
1384,64,1383.938,827.625,33.213,1378,823,12,9,0.729,13.416,1378,829,26.565,8.731,1.536,0.651,0.826
1385,91,485.258,831.896,58.426,479,824,13,15,0.335,15.524,482,839,75.069,11.147,1.294,0.773,0.711
1386,52,1267.769,828.692,37.698,1262,824,10,10,0.460,12.207,1262,824,145.008,9.066,1.148,0.871,0.646
1387,77,1393.955,829.851,46.770,1389,824,13,12,0.442,14.422,1390,834,33.690,11.554,1.062,0.942,0.678
1388,54,694.593,829.611,32.627,689,825,10,11,0.637,13.601,690,825,126.027,6.942,2.259,0.443,0.761
1389,110,714.855,833.800,47.113,709,825,12,16,0.623,16.763,715,825,107.354,11.264,1.334,0.750,0.797
1390,77,804.058,832.162,36.971,801,825,7,15,0.708,15.297,802,825,101.310,7.000,2.426,0.412,0.870
1391,35,1237.014,830.100,27.556,1234,825,5,11,0.579,11.402,1235,825,105.255,5.000,3.066,0.326,0.787
1392,47,1285.500,831.394,35.799,1280,826,9,11,0.461,12.083,1283,837,65.556,8.806,1.589,0.629,0.639
1393,65,1341.315,832.392,36.042,1336,826,11,11,0.629,13.038,1336,829,147.529,8.400,1.643,0.609,0.778
1394,56,1295.232,830.946,35.213,1289,828,14,6,0.568,14.866,1289,833,19.654,5.830,2.917,0.343,0.818
1395,25,358.420,831.020,21.314,354,829,9,4,0.692,9.487,354,832,18.435,4.000,2.665,0.375,0.833
1396,43,1243.291,833.570,27.213,1240,829,7,9,0.730,9.849,1240,838,66.038,7.000,1.404,0.712,0.811
1397,37,1369.095,833.986,33.698,1366,829,7,11,0.409,12.530,1366,840,61.390,7.000,2.182,0.458,0.617
1398,29,1376.121,833.741,24.971,1373,829,7,8,0.584,8.246,1375,837,75.964,7.000,1.190,0.840,0.699
1399,70,248.686,835.029,48.042,240,830,16,10,0.381,18.868,240,840,32.005,9.551,2.353,0.425,0.617
1400,31,306.726,832.661,27.213,301,830,10,6,0.526,10.440,301,831,163.301,6.000,2.036,0.491,0.681
1401,52,1305.154,835.346,27.556,1301,830,7,10,0.861,11.180,1303,840,63.435,7.000,1.584,0.632,0.897
1402,46,387.609,836.587,39.799,385,831,8,14,0.365,14.560,385,831,105.945,8.000,2.107,0.475,0.568
1403,49,1231.786,837.827,34.627,1228,831,7,13,0.514,13.153,1231,844,81.254,7.000,1.990,0.503,0.705
1404,26,1278.731,833.923,20.142,1275,831,7,6,0.805,8.062,1275,833,150.255,5.578,1.456,0.687,0.812
1405,37,1311.014,835.824,24.728,1309,831,5,10,0.760,10.198,1309,831,101.310,5.000,2.232,0.448,0.871
1406,57,1434.237,834.114,31.314,1428,831,11,7,0.730,12.083,1428,833,155.556,7.000,1.818,0.550,0.891
1407,38,1333.368,835.237,26.385,1328,832,10,7,0.686,11.662,1328,833,149.036,5.659,2.312,0.433,0.809
1408,74,1323.757,840.973,39.113,1319,834,9,13,0.608,14.318,1321,847,65.225,9.000,1.676,0.597,0.791
1409,109,1387.775,839.610,65.598,1376,834,19,11,0.318,19.416,1376,840,168.111,10.590,1.659,0.603,0.683
1410,27,322.685,839.352,20.728,320,835,5,8,0.790,8.544,322,835,110.556,4.743,1.906,0.525,0.844
1411,30,649.400,838.767,21.314,647,835,5,8,0.830,8.944,648,843,63.435,4.851,1.990,0.503,0.870
1412,26,1297.346,838.346,18.971,1294,835,7,6,0.908,7.616,1294,840,23.199,5.657,1.431,0.699,0.825
1413,81,493.389,842.994,40.284,488,836,12,14,0.627,16.279,488,837,137.490,8.254,2.142,0.467,0.786
1414,50,964.660,840.040,24.971,961,836,8,8,1.000,9.434,962,836,122.005,7.778,1.204,0.831,0.917
1415,37,1257.149,839.743,28.971,1252,836,9,8,0.554,11.402,1252,837,142.125,6.091,2.205,0.453,0.733
1416,51,1399.147,841.931,30.627,1396,836,7,12,0.683,12.166,1397,836,99.462,7.000,1.574,0.635,0.816
1417,92,309.717,841.728,53.598,301,837,18,11,0.402,18.974,301,839,161.565,11.000,1.917,0.522,0.624
1418,28,234.929,841.857,25.799,232,838,6,8,0.529,8.544,232,838,110.556,6.000,1.508,0.663,0.691
1419,91,798.929,844.159,41.213,794,838,11,13,0.673,13.928,795,838,111.038,11.000,1.192,0.839,0.802
1420,83,1333.223,844.367,53.113,1326,838,14,12,0.370,16.125,1326,849,29.745,11.837,1.073,0.932,0.648
1421,146,1433.411,845.671,54.870,1426,838,13,15,0.609,17.029,1426,850,40.236,13.000,1.236,0.809,0.861
1422,52,1225.288,844.365,32.971,1222,839,7,11,0.601,12.083,1223,839,114.444,6.326,2.011,0.497,0.776
1423,25,1344.540,841.900,19.556,1342,839,6,7,0.821,7.616,1343,846,66.801,5.657,1.242,0.805,0.833
1424,29,227.948,843.879,19.899,226,840,4,8,0.920,8.544,226,840,110.556,4.000,1.944,0.514,0.951
1425,38,904.500,843.816,26.971,901,840,8,9,0.656,11.402,901,840,127.875,6.565,2.098,0.477,0.776
1426,38,406.553,847.421,32.627,404,841,5,13,0.449,13.601,405,854,72.897,5.000,2.845,0.351,0.704
1427,56,1305.768,845.036,36.870,1299,841,13,9,0.518,14.422,1299,842,146.310,7.603,2.135,0.468,0.723
1428,37,945.338,847.122,22.385,942,843,7,8,0.928,9.434,943,843,122.005,5.657,1.708,0.586,0.881
1429,42,1404.690,847.190,26.385,1400,843,9,7,0.758,10.000,1400,850,36.870,7.000,1.299,0.770,0.824
1430,31,323.016,847.048,21.556,319,844,7,6,0.838,8.062,319,848,29.745,6.000,1.284,0.779,0.861
1431,138,1246.819,851.051,59.841,1238,844,16,14,0.484,18.385,1241,844,135.000,13.728,1.251,0.800,0.730
1432,73,1279.596,848.240,48.284,1270,844,16,10,0.393,16.763,1270,849,17.354,10.000,1.679,0.596,0.640
1433,77,1417.838,848.890,43.113,1410,844,15,9,0.521,17.000,1410,853,28.072,8.682,1.948,0.513,0.744
1434,30,623.967,847.400,20.728,620,845,8,5,0.877,8.544,620,849,20.556,5.000,1.748,0.572,0.870
1435,85,1389.371,849.394,44.870,1383,845,14,10,0.531,14.560,1383,851,15.945,10.000,1.398,0.715,0.759
1436,31,118.790,848.790,26.728,115,846,7,8,0.545,10.630,115,846,131.186,6.715,1.693,0.591,0.689
1437,26,331.231,849.615,24.971,328,846,7,7,0.524,8.602,328,846,125.538,6.864,1.462,0.684,0.658
1438,33,1316.500,848.894,28.385,1313,846,9,7,0.515,9.849,1313,846,156.038,7.000,1.705,0.586,0.695
1439,48,1376.000,848.854,32.627,1369,846,13,6,0.567,13.601,1369,847,162.897,5.692,2.817,0.355,0.800
1440,58,1261.034,851.034,36.284,1255,847,14,8,0.554,15.232,1255,854,23.199,7.222,2.284,0.438,0.730
1441,61,258.090,853.484,48.870,254,848,9,14,0.321,14.318,256,848,102.095,8.222,1.425,0.702,0.678
1442,35,1344.043,850.500,24.142,1340,848,9,6,0.755,10.296,1340,853,29.055,6.000,1.735,0.576,0.843
1443,31,212.790,851.919,25.213,208,849,10,6,0.613,10.440,208,854,16.699,5.754,1.951,0.513,0.721
1444,33,398.470,851.894,26.385,393,849,11,6,0.596,11.402,393,851,164.745,5.060,2.791,0.358,0.725
1445,85,502.135,855.924,38.870,497,849,12,13,0.707,16.401,498,849,127.569,8.186,2.327,0.430,0.842
1446,89,376.590,856.006,55.355,371,850,15,13,0.365,16.155,371,851,158.199,12.969,1.252,0.799,0.645
1447,110,799.891,858.573,58.284,795,850,12,17,0.407,19.235,796,867,62.103,10.851,1.776,0.563,0.717
1448,109,1045.803,858.417,54.042,1040,850,10,17,0.469,17.720,1044,850,106.390,10.000,1.716,0.583,0.784
1449,84,1224.405,856.321,41.941,1219,850,12,12,0.600,12.649,1219,854,161.565,11.314,1.098,0.910,0.767
1450,26,276.115,854.654,23.799,272,851,8,7,0.577,10.630,272,851,138.814,5.154,2.876,0.348,0.693
1451,43,296.733,856.453,35.456,291,851,10,11,0.430,13.601,291,851,126.027,8.326,1.988,0.503,0.597
1452,63,321.103,855.976,46.042,311,851,15,11,0.373,15.811,311,856,161.565,10.956,1.587,0.630,0.570
1453,49,1273.112,854.806,30.385,1268,851,10,8,0.667,12.207,1268,858,34.992,7.071,2.008,0.498,0.797
1454,95,1432.184,857.647,46.042,1426,851,13,11,0.563,16.401,1426,851,142.431,10.876,1.512,0.662,0.772
1455,31,238.403,858.048,26.142,236,852,5,11,0.570,11.180,238,863,79.695,4.667,2.677,0.374,0.747
1456,33,707.712,855.591,22.142,705,852,6,8,0.846,8.544,707,860,69.444,6.000,1.438,0.696,0.857
1457,58,1372.948,856.897,37.456,1366,852,14,8,0.520,14.318,1366,856,167.905,8.000,1.982,0.505,0.734
1458,95,592.763,862.279,42.284,588,854,11,15,0.668,15.524,589,854,104.931,10.464,1.549,0.645,0.833
1459,101,1392.064,858.955,46.284,1383,854,16,11,0.592,16.763,1383,862,17.354,10.546,1.894,0.528,0.765
1460,71,1409.401,859.120,46.284,1404,854,11,10,0.416,13.038,1404,862,32.471,10.000,1.248,0.801,0.747
1461,36,289.361,860.028,24.971,286,855,7,9,0.726,10.296,287,855,119.055,5.757,2.105,0.475,0.818
1462,92,1293.859,859.826,59.012,1283,855,23,11,0.332,23.195,1283,859,7.431,9.819,2.865,0.349,0.586
1463,85,1354.347,862.171,52.770,1347,855,12,16,0.384,16.492,1353,855,104.036,11.497,1.477,0.677,0.659
1464,92,1420.000,862.228,44.042,1414,855,11,14,0.596,16.401,1415,868,52.431,9.701,1.693,0.591,0.793
1465,73,1260.295,859.623,37.213,1255,856,13,8,0.662,13.601,1255,856,162.897,8.000,1.693,0.591,0.834
1466,69,269.572,860.935,46.042,264,857,12,9,0.409,13.892,264,865,30.256,8.627,1.682,0.594,0.789
1467,97,1192.871,865.108,45.598,1186,858,14,14,0.586,14.560,1190,872,74.055,11.931,1.475,0.678,0.758
1468,37,310.959,861.203,26.385,306,859,10,6,0.668,10.198,306,859,168.690,6.000,1.936,0.517,0.813
1469,32,320.062,863.125,22.971,317,859,7,8,0.762,10.630,317,859,131.186,5.657,2.228,0.449,0.780
1470,80,963.587,867.725,50.284,959,859,9,19,0.398,19.105,966,878,83.991,8.671,2.033,0.492,0.643
1471,26,343.808,864.731,22.142,341,860,6,8,0.666,8.544,341,868,69.444,5.942,1.527,0.655,0.754
1472,62,1274.581,865.403,46.770,1267,860,16,10,0.356,17.088,1267,864,159.444,8.497,2.097,0.477,0.620
1473,37,804.905,866.878,26.971,802,861,6,11,0.639,11.402,803,861,105.255,5.458,2.407,0.415,0.763
1474,83,1320.054,866.657,45.698,1312,861,15,11,0.499,15.297,1312,866,168.690,10.107,1.497,0.668,0.703
1475,25,282.540,863.940,23.314,277,862,10,4,0.578,10.440,277,865,16.699,4.000,2.907,0.344,0.794
1476,54,307.352,867.685,34.627,302,862,11,10,0.566,12.806,302,862,141.340,8.854,1.312,0.762,0.701
1477,33,390.591,863.955,27.556,385,862,12,4,0.546,12.166,385,863,170.538,4.000,3.438,0.291,0.786
1478,92,508.109,867.783,51.355,498,862,18,11,0.438,18.248,498,868,170.538,11.000,1.735,0.576,0.681
1479,34,811.588,865.471,20.385,808,862,7,7,1.000,7.616,810,862,113.199,6.708,1.109,0.902,0.861
1480,51,1287.500,867.833,32.042,1282,862,11,10,0.624,14.142,1283,862,135.000,6.247,2.586,0.387,0.779
1481,81,1298.698,867.772,38.870,1294,862,11,11,0.674,13.038,1294,873,32.471,9.899,1.321,0.757,0.866
1482,66,1401.788,868.121,36.042,1397,862,9,12,0.638,12.649,1399,874,71.565,8.731,1.559,0.641,0.786
1483,52,297.635,868.442,29.213,293,863,10,9,0.766,11.180,293,866,153.435,7.778,1.564,0.639,0.825
1484,43,483.547,867.849,40.284,477,863,15,10,0.333,17.000,477,872,28.072,5.547,4.449,0.225,0.581
1485,62,1212.226,867.419,39.456,1206,863,11,10,0.500,13.601,1206,865,143.973,9.487,1.361,0.735,0.743
1486,29,1344.707,866.121,19.556,1341,863,7,6,0.953,8.062,1341,868,29.745,5.657,1.458,0.686,0.866
1487,103,1378.248,870.850,53.698,1372,863,12,15,0.449,16.279,1372,865,137.490,10.851,1.480,0.675,0.744
1488,37,1393.149,867.122,25.799,1389,863,8,8,0.699,9.434,1391,863,122.005,6.871,1.442,0.694,0.763
1489,29,1409.810,867.017,20.142,1407,864,7,6,0.898,8.062,1407,870,29.745,6.000,1.274,0.785,0.866
1490,41,1043.329,869.671,27.556,1040,865,8,8,0.679,9.899,1041,865,135.000,8.000,1.132,0.883,0.774
1491,39,275.269,868.449,24.728,270,866,10,5,0.801,11.180,270,866,153.435,5.000,1.906,0.525,0.918
1492,75,288.140,872.687,41.213,281,866,12,12,0.555,14.213,281,876,39.289,11.714,1.124,0.890,0.718
1493,41,267.329,871.549,29.456,262,867,10,9,0.594,11.402,263,867,127.875,6.822,2.081,0.480,0.732
1494,32,334.156,870.125,22.971,330,867,9,6,0.762,10.296,330,867,150.945,4.919,2.396,0.417,0.842
1495,28,363.321,870.393,23.556,359,867,9,6,0.634,9.849,359,867,156.038,4.945,2.252,0.444,0.747
1496,84,1266.464,872.726,40.870,1259,867,15,11,0.632,15.133,1259,871,172.405,9.443,1.770,0.565,0.750
1497,50,1345.420,872.760,30.627,1341,868,9,9,0.670,11.402,1341,876,37.875,8.104,1.499,0.667,0.781
1498,33,1186.106,872.712,21.799,1182,869,8,7,0.873,8.602,1184,869,125.538,5.657,1.660,0.602,0.835
1499,56,1207.161,874.393,40.042,1200,869,14,9,0.439,14.560,1200,873,164.055,6.957,2.690,0.372,0.675
1500,25,1336.860,872.020,20.971,1334,869,6,6,0.714,8.485,1334,869,135.000,5.578,1.477,0.677,0.794
1501,73,1418.459,873.007,36.042,1411,869,13,10,0.706,14.318,1411,870,155.225,8.692,1.772,0.564,0.793
1502,54,1305.630,874.963,34.042,1300,870,10,10,0.586,11.402,1302,871,127.875,8.791,1.090,0.917,0.730
1503,47,1389.266,873.819,26.385,1385,870,9,7,0.848,9.849,1385,876,23.962,7.000,1.358,0.736,0.870
1504,29,398.328,874.741,29.799,394,871,9,7,0.410,9.849,394,878,23.962,7.000,1.383,0.723,0.611
1505,50,1321.000,873.700,31.799,1315,871,13,6,0.621,13.342,1315,875,12.995,6.000,2.249,0.445,0.813
1506,50,1354.180,875.760,30.385,1349,871,11,8,0.681,11.180,1349,879,10.305,8.000,1.062,0.942,0.813
1507,28,1408.964,875.250,19.899,1407,871,4,8,0.889,8.544,1407,879,69.444,4.000,1.859,0.538,0.933
1508,56,504.446,878.393,39.698,499,872,11,12,0.447,14.213,499,884,39.289,8.403,1.874,0.534,0.633
1509,71,517.894,877.768,40.527,511,872,13,12,0.543,15.620,512,873,140.194,7.630,2.383,0.420,0.763
1510,58,1277.017,877.845,33.213,1272,872,8,12,0.661,12.649,1276,884,71.565,8.000,1.732,0.577,0.800
1511,68,1286.588,877.294,35.213,1281,872,10,11,0.689,13.454,1281,874,138.013,9.091,1.717,0.582,0.805
1512,66,298.439,877.242,34.385,294,873,9,9,0.701,12.042,295,882,48.366,9.000,1.147,0.872,0.868
1513,36,307.639,876.222,25.556,304,873,8,7,0.693,9.899,304,873,135.000,6.128,1.681,0.595,0.809
1514,41,362.232,876.573,34.870,357,873,13,7,0.424,13.601,357,875,162.897,6.905,2.195,0.456,0.594
1515,35,1219.414,875.529,24.971,1215,873,10,6,0.705,10.770,1215,877,21.801,5.491,2.138,0.468,0.833
1516,69,1296.688,880.138,47.698,1291,873,12,12,0.381,16.279,1291,873,137.490,9.656,1.785,0.560,0.660
1517,74,1181.959,879.851,36.770,1176,874,12,12,0.688,12.166,1181,874,99.462,9.899,1.046,0.956,0.804
1518,133,1199.320,881.868,66.184,1190,874,18,15,0.382,20.125,1190,878,153.435,13.210,2.001,0.500,0.639
1519,85,272.853,881.994,52.770,264,876,16,11,0.384,16.763,264,882,162.646,11.000,1.409,0.710,0.677
1520,111,1342.185,884.041,56.527,1334,876,14,17,0.437,19.723,1337,876,120.466,10.688,2.024,0.494,0.735
1521,44,439.318,882.841,26.971,436,877,7,10,0.760,10.440,439,877,106.699,7.000,1.412,0.708,0.807
1522,143,806.794,889.031,50.627,802,878,10,20,0.701,20.396,804,878,101.310,9.868,2.118,0.472,0.885
1523,35,325.814,881.700,22.385,322,879,8,6,0.878,8.944,322,883,26.565,6.000,1.438,0.695,0.854
1524,91,461.973,883.489,60.770,450,879,20,11,0.310,22.361,450,880,153.435,10.119,2.287,0.437,0.628
1525,82,1214.561,884.049,39.698,1208,879,13,10,0.654,13.892,1208,882,149.744,9.371,1.333,0.750,0.792
1526,40,1264.625,883.000,35.456,1261,879,9,9,0.400,10.630,1262,888,41.186,8.403,1.589,0.629,0.635
1527,62,1333.532,887.194,38.870,1329,879,10,13,0.516,13.342,1332,879,102.995,9.427,1.482,0.675,0.693
1528,30,1359.733,881.800,22.142,1356,879,8,6,0.769,8.602,1356,884,35.538,6.000,1.504,0.665,0.779
1529,31,380.113,884.081,22.971,377,880,7,8,0.738,10.000,377,880,126.870,4.802,2.399,0.417,0.816
1530,60,1351.350,885.333,32.142,1348,880,7,11,0.730,12.207,1348,890,55.008,7.000,1.706,0.586,0.870
1531,52,1410.462,885.404,29.799,1407,880,7,11,0.736,11.402,1408,880,105.255,7.000,1.732,0.577,0.832
1532,40,292.075,885.050,31.213,288,881,9,9,0.516,12.728,288,881,135.000,6.697,2.259,0.443,0.684
1533,34,359.941,885.618,24.385,357,881,6,9,0.719,9.849,358,890,66.038,6.000,1.844,0.542,0.800
1534,89,1313.792,887.185,48.284,1308,881,13,14,0.480,16.643,1312,895,57.265,10.286,1.786,0.560,0.701
1535,38,1246.842,887.026,27.213,1243,882,7,10,0.645,11.180,1245,892,63.435,5.942,2.248,0.445,0.768
1536,59,1285.669,886.924,37.456,1279,882,13,10,0.528,14.765,1279,885,151.699,7.920,2.433,0.411,0.686
1537,30,318.167,885.767,27.556,312,883,11,6,0.496,12.083,312,884,155.556,5.033,3.339,0.299,0.652
1538,78,304.513,889.346,48.184,298,884,13,11,0.422,13.342,298,889,167.005,10.956,1.161,0.861,0.736
1539,64,946.109,889.828,30.971,942,884,8,11,0.838,11.705,944,884,109.983,8.000,1.544,0.648,0.877
1540,28,1402.000,887.036,19.314,1399,884,6,6,0.943,7.810,1399,889,39.806,5.821,1.330,0.752,0.889
1541,44,502.636,890.273,30.385,499,885,7,10,0.599,11.180,499,885,116.565,6.626,1.757,0.569,0.765
1542,64,1360.031,890.484,40.042,1355,885,10,11,0.502,13.454,1356,885,131.987,8.485,1.864,0.536,0.762
1543,36,1382.806,888.444,27.799,1378,885,8,9,0.585,10.817,1379,885,123.690,6.364,1.880,0.532,0.720
1544,61,658.582,892.156,33.213,654,886,10,11,0.695,14.213,655,886,129.289,7.071,2.250,0.444,0.819
1545,63,1196.008,890.706,32.627,1192,886,9,11,0.744,13.601,1193,897,53.973,7.778,1.853,0.540,0.857
1546,53,271.613,890.519,37.698,265,887,12,9,0.469,12.649,265,888,161.565,9.000,1.609,0.621,0.658
1547,64,461.094,894.656,41.456,455,887,11,15,0.468,16.155,458,902,68.199,7.603,3.112,0.321,0.624
1548,48,572.042,893.917,36.971,570,887,5,15,0.441,15.297,570,887,101.310,5.000,4.096,0.244,0.722
1549,73,1228.048,891.007,55.113,1221,887,16,9,0.302,17.088,1221,888,159.444,9.000,1.695,0.590,0.643
1550,75,1435.207,892.487,32.728,1431,887,8,11,0.880,13.038,1432,898,57.529,8.000,1.384,0.722,0.932
1551,34,244.441,891.500,24.971,241,888,8,7,0.685,9.434,241,895,32.005,6.905,1.464,0.683,0.756
1552,32,280.156,891.938,21.314,278,888,5,8,0.885,8.944,278,888,116.565,5.000,1.734,0.577,0.901
1553,42,318.476,893.119,27.799,315,888,7,11,0.683,11.705,316,888,109.983,6.499,2.040,0.490,0.785
1554,68,1212.221,891.809,37.799,1205,888,16,7,0.598,16.492,1205,889,165.964,7.000,2.322,0.431,0.824
1555,54,1370.537,891.463,32.385,1366,888,10,9,0.647,11.402,1369,897,52.125,9.000,1.166,0.858,0.777
1556,50,1280.720,892.180,27.556,1275,889,11,6,0.827,11.402,1275,890,164.745,6.000,1.800,0.556,0.877
1557,30,428.567,892.667,26.971,423,890,11,5,0.518,11.402,423,891,164.745,5.000,2.800,0.357,0.706
1558,108,1049.852,899.231,47.799,1046,890,8,18,0.594,18.974,1047,890,108.435,7.845,2.838,0.352,0.857
1559,58,1200.948,895.586,32.627,1197,890,9,12,0.685,13.892,1197,902,59.744,7.200,2.231,0.448,0.800
1560,89,1268.747,897.039,43.456,1262,890,13,12,0.592,14.213,1263,901,50.711,11.411,1.185,0.844,0.784
1561,28,1323.357,892.250,19.899,1320,890,7,5,0.889,7.810,1320,890,140.194,5.000,1.250,0.800,0.903
1562,35,1405.757,892.871,24.971,1401,890,10,6,0.705,10.440,1401,891,163.301,6.000,2.204,0.454,0.769
1563,51,516.206,894.853,30.971,512,891,9,8,0.668,12.042,512,899,41.634,7.519,1.664,0.601,0.850
1564,44,1246.318,895.318,33.456,1241,891,11,8,0.494,12.207,1242,891,145.008,7.212,2.270,0.441,0.662
1565,55,1042.409,898.082,30.142,1039,893,7,11,0.761,11.705,1040,893,109.983,6.930,1.985,0.504,0.853
1566,86,1316.709,898.930,46.284,1308,893,16,12,0.504,17.088,1308,896,159.444,10.918,1.581,0.633,0.677
1567,80,1332.838,898.550,41.456,1327,893,14,10,0.585,15.232,1327,896,156.801,10.000,1.640,0.610,0.751
1568,83,1371.295,900.247,53.598,1364,893,16,13,0.363,17.205,1366,906,35.538,9.839,2.190,0.457,0.604
1569,143,1160.899,903.598,56.083,1152,894,17,19,0.571,21.954,1155,913,59.931,9.979,2.651,0.377,0.779
1570,35,273.414,898.329,23.799,269,895,9,7,0.777,9.849,269,900,23.962,6.200,1.782,0.561,0.787
1571,31,421.952,898.210,23.213,418,895,8,6,0.723,9.434,418,895,147.995,5.578,1.705,0.586,0.795
1572,37,466.365,899.635,24.385,463,895,7,9,0.782,10.296,464,895,119.055,5.814,1.927,0.519,0.822
1573,41,1207.817,898.622,23.556,1204,895,8,7,0.928,8.944,1204,897,153.435,7.000,1.284,0.779,0.863
1574,101,1412.193,900.450,65.012,1405,895,17,15,0.300,18.358,1406,910,29.358,13.370,1.640,0.610,0.566
1575,31,341.274,899.565,27.556,336,896,9,6,0.513,10.296,336,901,29.055,6.000,2.010,0.498,0.697
1576,107,1235.042,904.369,57.598,1228,896,14,17,0.405,19.235,1231,913,62.103,13.119,1.537,0.651,0.665
1577,42,354.190,901.524,30.385,351,897,7,10,0.572,11.662,352,907,59.036,6.306,2.283,0.438,0.757
1578,56,259.732,901.125,34.385,253,898,14,6,0.595,14.560,253,898,164.055,5.970,2.654,0.377,0.818
1579,87,287.546,903.328,51.941,281,898,15,14,0.405,17.000,281,907,28.072,11.314,1.783,0.561,0.617
1580,26,322.423,901.731,21.556,319,898,6,8,0.703,8.944,321,906,63.435,4.630,2.221,0.450,0.788
1581,32,799.125,903.156,23.899,797,898,4,10,0.704,10.440,798,898,106.699,4.000,2.596,0.385,0.901
1582,56,1281.804,900.929,34.385,1275,898,14,6,0.595,14.142,1275,899,171.870,6.000,2.653,0.377,0.789
1583,29,1435.603,901.017,20.142,1432,898,7,6,0.898,8.062,1432,903,29.745,5.692,1.601,0.624,0.829
1584,28,394.464,904.107,28.385,391,899,6,11,0.437,11.180,394,899,100.305,5.754,1.871,0.535,0.636
1585,28,804.821,901.821,18.728,802,899,6,6,1.000,7.071,802,904,45.000,6.000,1.014,0.986,0.889
1586,74,1182.716,905.068,37.456,1177,899,11,12,0.663,14.213,1179,899,129.289,9.153,1.630,0.614,0.783
1587,34,510.147,902.882,35.213,504,900,12,6,0.345,12.369,504,900,165.964,6.000,2.202,0.454,0.591
1588,120,1397.258,906.867,65.598,1387,900,19,14,0.350,19.925,1387,906,162.474,13.656,1.401,0.714,0.623
1589,53,361.123,907.179,35.213,356,901,9,12,0.537,13.892,356,913,59.744,7.433,2.013,0.497,0.736
1590,48,1264.104,904.958,34.042,1257,901,13,8,0.521,14.318,1257,902,155.225,6.261,2.775,0.360,0.733
1591,102,1420.539,907.373,63.355,1408,901,21,12,0.319,21.587,1408,910,13.392,12.000,2.464,0.406,0.604
1592,75,1205.260,906.260,40.284,1198,902,15,8,0.581,16.155,1198,903,158.199,8.000,2.180,0.459,0.785
1593,80,1289.775,907.462,52.426,1282,902,18,11,0.366,18.974,1282,910,18.435,9.324,2.257,0.443,0.630
1594,80,1343.475,908.087,57.255,1336,902,15,12,0.307,16.401,1336,904,142.431,12.000,1.113,0.899,0.578
1595,92,1377.804,907.652,44.284,1373,902,11,14,0.590,15.652,1374,902,116.565,10.823,1.397,0.716,0.757
1596,62,337.919,907.419,45.113,330,903,14,10,0.383,14.866,330,905,160.346,10.000,1.371,0.729,0.608
1597,45,1224.144,905.944,31.213,1218,903,13,6,0.580,13.342,1218,905,167.005,5.754,2.591,0.386,0.776
1598,109,1325.647,908.573,45.698,1319,903,14,13,0.656,16.125,1319,913,29.745,10.607,1.521,0.657,0.804
1599,44,292.068,908.114,27.213,288,904,8,9,0.747,10.817,289,913,56.310,7.071,1.523,0.657,0.786
1600,25,444.860,908.820,24.385,441,904,8,8,0.528,10.630,442,904,131.186,4.715,2.828,0.354,0.704
1601,40,466.425,908.375,29.799,463,904,8,10,0.566,10.817,465,914,56.310,8.000,1.650,0.606,0.690
1602,29,483.155,906.810,20.728,479,904,8,5,0.848,8.544,479,908,20.556,5.000,1.831,0.546,0.853
1603,75,1174.793,909.447,38.870,1169,904,11,11,0.624,14.866,1169,904,137.726,10.186,1.520,0.658,0.777
1604,99,1257.571,909.884,57.355,1247,904,20,12,0.378,20.881,1247,907,163.301,11.000,2.240,0.446,0.623
1605,30,1274.733,907.233,22.971,1271,904,7,7,0.714,8.602,1271,905,144.462,6.791,1.412,0.708,0.769
1606,58,1314.052,909.259,30.385,1309,904,9,10,0.789,11.402,1309,913,37.875,8.944,1.310,0.764,0.800
1607,30,401.700,907.833,24.142,397,905,9,5,0.647,9.487,397,910,18.435,5.000,2.235,0.447,0.811
1608,35,499.757,907.871,23.556,496,905,8,6,0.793,9.434,496,911,32.005,6.000,1.498,0.668,0.843
1609,122,810.861,911.869,54.184,804,905,14,14,0.522,17.205,804,915,35.538,13.533,1.311,0.763,0.737
1610,31,1165.919,909.113,20.385,1162,906,8,6,0.937,8.544,1162,911,20.556,5.657,1.447,0.691,0.861
1611,78,1212.231,912.538,49.698,1202,906,18,12,0.397,18.111,1202,913,6.340,9.454,1.814,0.551,0.617
1612,79,1334.880,912.728,45.698,1329,906,13,12,0.475,15.264,1329,910,148.392,10.607,1.220,0.820,0.712
1613,40,1368.225,911.525,25.799,1364,907,8,8,0.755,10.000,1364,915,53.130,7.000,1.450,0.690,0.808
1614,47,332.245,913.436,30.971,329,908,7,10,0.616,11.402,329,909,127.875,7.000,1.923,0.520,0.783
1615,119,884.979,915.559,40.042,879,909,11,14,0.933,15.232,882,909,113.199,11.000,1.289,0.776,0.926
1616,26,1225.154,911.385,21.314,1221,909,9,4,0.719,9.220,1221,913,12.529,4.000,2.421,0.413,0.852
1617,30,1384.433,912.733,19.899,1382,909,5,7,0.952,8.062,1382,916,60.255,5.000,1.433,0.698,0.923
1618,65,281.146,914.669,44.284,273,910,15,9,0.417,16.155,273,911,158.199,8.944,2.121,0.471,0.657
1619,120,1146.325,918.750,49.841,1138,910,16,18,0.607,21.095,1141,928,58.570,7.778,2.904,0.344,0.842
1620,33,1293.288,915.258,24.728,1291,910,6,9,0.678,9.487,1293,910,108.435,6.000,1.818,0.550,0.759
1621,39,1391.218,913.987,23.556,1388,910,6,8,0.883,8.944,1390,910,116.565,6.000,1.319,0.758,0.907
1622,57,1418.798,914.202,35.213,1411,910,14,8,0.578,15.232,1411,912,156.801,6.946,2.552,0.392,0.770
1623,95,317.889,920.458,50.527,313,911,10,17,0.468,17.464,315,911,103.241,9.434,1.837,0.544,0.734
1624,30,1198.667,914.767,20.385,1195,911,7,7,0.907,8.062,1197,911,119.745,5.657,1.499,0.667,0.833
1625,105,1257.700,920.452,62.426,1251,911,17,18,0.339,20.809,1251,912,144.782,10.504,2.207,0.453,0.610
1626,37,1355.662,915.932,32.870,1350,911,10,10,0.430,12.806,1351,911,128.660,5.800,2.806,0.356,0.632
1627,33,403.227,914.167,26.971,399,912,9,6,0.570,9.849,399,912,156.038,6.000,1.677,0.596,0.759
1628,46,1192.478,917.652,28.971,1190,912,6,11,0.689,11.402,1191,923,74.745,6.000,2.001,0.500,0.836
1629,38,1302.237,916.000,26.627,1298,912,8,8,0.673,9.434,1298,918,32.005,7.031,1.603,0.624,0.760
1630,36,364.639,915.972,26.385,360,913,10,6,0.650,10.198,360,913,168.690,5.798,1.971,0.507,0.766
1631,26,483.731,916.346,18.485,481,914,6,5,0.956,7.211,481,914,146.310,5.000,1.285,0.778,0.929
1632,36,1158.667,917.861,30.870,1155,914,8,8,0.475,8.944,1157,914,116.565,7.589,1.068,0.937,0.713
1633,27,1400.574,915.981,19.899,1397,914,7,5,0.857,7.810,1397,914,140.194,5.000,1.614,0.620,0.885
1634,39,309.551,918.679,26.385,306,915,7,7,0.704,9.220,307,915,130.601,7.000,1.068,0.936,0.839
1635,28,340.071,918.000,20.142,337,915,6,7,0.867,8.062,338,915,119.745,6.000,1.384,0.722,0.824
1636,66,471.121,921.076,46.870,465,915,13,14,0.378,17.804,466,915,128.157,8.746,2.391,0.418,0.576
1637,48,292.292,920.938,38.284,286,916,12,9,0.412,13.416,286,925,26.565,8.806,1.735,0.576,0.604
1638,25,302.060,919.260,18.142,299,916,6,6,0.954,7.211,299,921,33.690,5.367,1.426,0.701,0.862
1639,53,359.594,921.292,36.042,355,916,9,12,0.513,13.000,355,916,112.620,8.666,1.698,0.589,0.667
1640,42,1222.738,919.976,33.799,1216,916,12,9,0.462,14.422,1216,916,146.310,6.364,2.594,0.386,0.689
1641,28,440.750,919.571,22.142,436,917,9,5,0.718,9.487,436,918,161.565,5.000,2.405,0.416,0.789
1642,122,1172.197,923.918,56.770,1163,917,17,13,0.476,17.804,1165,919,141.843,12.805,1.677,0.596,0.705
1643,27,1209.389,919.907,22.142,1205,917,9,5,0.692,9.849,1205,917,156.038,4.808,2.390,0.418,0.783
1644,44,1287.909,921.159,33.456,1282,917,10,9,0.494,11.402,1284,917,127.875,7.442,1.892,0.529,0.662
1645,45,1321.278,920.389,28.971,1316,917,10,7,0.674,11.662,1316,923,30.964,6.668,1.923,0.520,0.804
1646,26,1184.577,920.462,21.556,1181,918,8,5,0.703,8.944,1181,923,26.565,5.000,2.078,0.481,0.812
1647,97,1400.820,926.407,43.941,1394,919,12,15,0.631,15.811,1398,919,108.435,11.455,1.581,0.632,0.758
1648,53,349.179,923.802,35.799,342,920,12,8,0.520,12.649,342,924,18.435,7.920,1.676,0.597,0.736
1649,78,1235.038,925.577,51.113,1229,920,14,10,0.375,15.652,1229,922,153.435,10.000,1.384,0.723,0.678
1650,34,379.029,925.235,24.971,375,921,9,7,0.685,11.402,375,921,142.125,5.367,2.288,0.437,0.829
1651,40,523.725,925.300,32.042,520,921,8,10,0.490,10.770,520,921,111.801,7.519,1.542,0.648,0.702
1652,40,910.450,924.775,28.385,907,921,9,9,0.624,10.817,907,929,33.690,6.786,1.839,0.544,0.741
1653,32,1045.344,924.750,20.485,1043,921,5,7,0.958,8.602,1043,921,125.538,5.000,1.433,0.698,0.970
1654,75,1213.220,926.607,37.456,1207,921,12,10,0.672,13.416,1207,929,26.565,9.391,1.488,0.672,0.815
1655,54,1414.685,926.407,30.385,1411,921,7,10,0.735,11.662,1412,921,120.964,7.000,1.639,0.610,0.850
1656,26,480.923,926.769,22.971,478,922,5,9,0.619,9.487,480,922,108.435,5.000,1.898,0.527,0.754
1657,31,550.403,925.403,23.556,546,922,8,7,0.702,9.899,547,922,135.000,5.367,2.147,0.466,0.756
1658,31,1304.532,925.371,27.799,1300,922,9,8,0.504,9.487,1300,926,18.435,7.000,1.751,0.571,0.620
1659,29,1408.431,927.017,23.314,1406,922,5,9,0.670,9.849,1407,922,113.962,4.707,2.380,0.420,0.806
1660,72,1324.889,929.583,37.799,1319,923,10,13,0.633,15.264,1320,936,58.392,7.959,2.045,0.489,0.787
1661,75,1383.513,929.153,44.042,1378,923,10,12,0.486,13.892,1379,935,59.744,9.391,1.540,0.649,0.781
1662,27,338.093,927.981,20.971,335,924,6,8,0.772,8.944,336,932,63.435,4.715,2.225,0.449,0.794
1663,70,442.357,928.343,36.870,437,924,10,10,0.647,12.806,437,925,141.340,10.000,1.221,0.819,0.809
1664,50,467.820,927.360,29.799,463,924,11,7,0.708,11.705,463,931,19.983,7.000,1.600,0.625,0.820
1665,51,1317.245,928.324,26.971,1313,924,8,8,0.881,9.434,1313,926,147.995,8.000,1.130,0.885,0.895
1666,107,1357.005,929.556,40.627,1352,924,12,13,0.815,14.318,1352,924,114.775,12.000,1.131,0.884,0.870
1667,91,324.709,932.940,51.012,319,926,12,17,0.439,18.028,324,943,70.560,11.700,1.842,0.543,0.659
1668,32,1287.000,929.062,20.728,1284,926,6,7,0.936,8.602,1284,926,125.538,6.000,1.256,0.796,0.877
1669,121,1395.136,934.599,48.284,1389,926,14,15,0.652,18.601,1389,926,126.254,11.818,1.872,0.534,0.826
1670,33,281.500,930.439,32.385,278,927,10,8,0.395,11.662,278,934,30.964,8.000,1.608,0.622,0.550
1671,51,629.637,931.578,31.213,626,927,8,10,0.658,10.440,627,937,73.301,8.000,1.267,0.789,0.816
1672,136,1167.000,933.353,62.669,1157,927,18,14,0.435,19.416,1158,928,145.491,12.075,1.656,0.604,0.720
1673,41,386.329,933.451,32.042,383,928,6,11,0.502,12.083,384,939,65.556,6.000,1.884,0.531,0.739
1674,77,1311.799,935.188,54.527,1305,928,14,12,0.325,17.029,1306,928,139.764,9.285,1.602,0.624,0.661
1675,46,569.739,933.761,29.456,566,929,8,9,0.666,9.849,568,929,113.962,8.000,1.258,0.795,0.793
1676,44,1045.114,933.386,26.728,1042,929,6,9,0.774,10.296,1043,929,119.055,6.000,1.757,0.569,0.871
1677,31,1259.661,933.371,21.556,1257,929,6,8,0.838,8.944,1258,929,116.565,5.657,1.685,0.593,0.861
1678,79,1297.601,934.513,37.698,1291,929,13,11,0.699,13.928,1291,932,158.962,9.683,1.537,0.651,0.786
1679,31,1179.177,934.081,21.799,1176,930,7,8,0.820,8.944,1177,938,63.435,5.547,1.840,0.543,0.795
1680,73,1276.637,936.062,39.113,1270,930,12,12,0.600,12.649,1270,937,18.435,9.839,1.155,0.866,0.753
1681,76,295.263,939.671,50.184,290,932,11,15,0.379,16.155,291,932,111.801,10.461,1.645,0.608,0.658
1682,30,1214.233,934.500,24.971,1209,932,10,5,0.605,10.440,1209,937,16.699,5.000,1.875,0.533,0.750
1683,77,1423.227,936.695,36.870,1416,932,14,10,0.712,15.232,1416,933,156.801,8.497,1.932,0.518,0.824
1684,38,272.605,939.737,32.142,270,933,5,14,0.462,14.866,270,947,70.346,4.110,4.122,0.243,0.784
1685,29,331.190,935.155,22.728,328,933,8,6,0.705,9.220,329,939,40.601,6.000,1.671,0.599,0.784
1686,30,1286.500,935.900,20.728,1283,933,8,5,0.877,8.544,1283,934,159.444,5.000,1.628,0.614,0.896
1687,84,1385.607,939.262,40.627,1380,933,11,12,0.640,13.892,1382,945,59.744,10.183,1.134,0.882,0.808
1688,45,360.722,940.033,30.627,358,934,6,12,0.603,12.369,360,934,104.036,5.954,2.290,0.437,0.783
1689,121,578.062,942.277,59.841,569,934,18,15,0.425,18.248,569,942,170.538,12.500,1.672,0.598,0.725
1690,43,1052.453,939.570,31.556,1050,934,5,12,0.543,12.649,1050,934,108.435,5.000,3.081,0.325,0.775
1691,112,1134.107,943.527,64.426,1126,934,15,20,0.339,22.361,1131,954,63.435,11.885,2.250,0.444,0.624
1692,32,1183.000,938.250,30.042,1177,934,11,9,0.446,13.601,1177,943,36.027,5.622,3.474,0.288,0.582
1693,46,1364.543,938.783,28.142,1361,934,8,8,0.730,10.000,1361,935,143.130,8.000,1.288,0.776,0.836
1694,31,257.113,939.661,25.799,254,935,6,9,0.585,9.849,256,944,66.038,6.000,1.915,0.522,0.697
1695,41,377.110,938.890,34.385,371,935,14,7,0.436,14.866,371,936,160.346,4.642,4.057,0.247,0.726
1696,54,403.389,941.426,35.213,399,935,10,12,0.547,14.213,400,946,50.711,8.043,2.000,0.500,0.701
1697,129,750.702,943.019,66.669,744,935,15,17,0.365,17.263,748,935,100.008,13.377,1.124,0.889,0.744
1698,43,1269.012,941.035,35.456,1264,935,9,11,0.430,13.601,1264,935,126.027,6.788,2.337,0.428,0.628
1699,74,315.689,942.068,46.627,308,936,15,12,0.428,16.279,309,948,42.510,8.823,2.493,0.401,0.658
1700,36,444.500,938.361,25.556,439,936,11,5,0.693,11.705,439,941,19.983,4.903,2.529,0.395,0.847
1701,34,805.265,939.971,22.142,801,936,7,7,0.871,8.062,801,941,29.745,7.000,1.208,0.828,0.883
1702,107,1376.014,944.061,54.184,1369,936,13,16,0.458,16.763,1377,936,107.354,11.513,1.467,0.682,0.746
1703,40,393.625,941.100,27.799,388,937,10,7,0.650,10.440,388,941,163.301,6.791,1.688,0.592,0.784
1704,48,1243.562,941.333,33.213,1237,939,14,6,0.547,14.142,1237,939,171.870,6.000,2.235,0.447,0.793
1705,31,328.371,944.597,22.142,325,940,6,8,0.795,9.434,326,948,57.995,6.000,1.826,0.548,0.816
1706,26,432.769,942.538,20.142,429,940,7,5,0.805,7.616,429,942,156.801,5.000,1.195,0.837,0.852
1707,111,1278.752,947.374,51.941,1272,940,16,16,0.517,18.868,1276,956,57.995,11.764,1.972,0.507,0.694
1708,114,1311.000,945.500,57.113,1300,940,20,11,0.439,21.190,1300,944,160.710,9.568,2.119,0.472,0.717
1709,43,370.500,944.058,33.213,364,941,12,6,0.490,12.369,364,944,165.964,5.954,2.494,0.401,0.705
1710,47,513.777,947.415,32.627,509,941,10,10,0.555,11.314,511,941,135.000,8.963,1.068,0.937,0.696
1711,45,1328.633,948.056,29.556,1325,941,6,12,0.647,12.166,1328,941,99.462,6.000,2.160,0.463,0.789
1712,66,1335.379,947.364,37.456,1332,941,7,13,0.591,13.342,1335,954,77.005,7.000,1.782,0.561,0.857
1713,34,352.059,946.382,24.971,348,942,8,8,0.685,9.434,348,950,57.995,7.056,1.392,0.718,0.756
1714,109,389.739,951.151,60.426,384,942,12,20,0.375,21.190,386,942,109.290,11.800,1.765,0.566,0.703
1715,26,757.846,947.231,30.627,752,942,10,10,0.348,12.806,752,952,51.340,5.550,3.018,0.331,0.525
1716,57,803.711,946.675,30.971,799,942,10,8,0.747,11.662,799,943,149.036,7.417,1.667,0.600,0.844
1717,88,1113.216,948.330,43.941,1106,942,15,13,0.573,15.033,1106,949,176.186,9.964,1.612,0.620,0.727
1718,96,1235.615,949.052,56.770,1229,942,13,16,0.374,16.031,1237,942,93.576,13.000,1.153,0.867,0.653
1719,149,1391.963,948.312,59.355,1382,942,19,14,0.531,19.313,1383,952,21.251,13.157,1.448,0.691,0.764
1720,32,540.156,946.156,28.385,537,943,8,8,0.499,9.899,538,951,45.000,7.071,1.365,0.733,0.674
1721,77,1368.448,949.825,41.456,1363,943,11,14,0.563,17.205,1363,943,125.538,7.155,2.902,0.345,0.774
1722,27,425.759,947.315,24.385,423,944,7,8,0.571,9.434,424,952,57.995,5.466,1.985,0.504,0.720
1723,107,590.098,953.322,65.255,581,945,18,17,0.316,19.698,581,961,23.962,14.181,1.394,0.717,0.601
1724,73,401.596,952.733,39.698,397,946,10,14,0.582,15.000,398,946,126.870,8.050,2.107,0.475,0.760
1725,43,433.012,949.291,29.556,428,946,10,7,0.619,10.770,428,949,158.199,7.000,1.309,0.764,0.761
1726,72,1170.333,952.153,47.698,1164,947,13,11,0.398,15.811,1164,947,145.305,10.672,1.523,0.656,0.655
1727,36,320.917,950.778,22.728,317,948,8,6,0.876,8.944,317,949,153.435,6.000,1.395,0.717,0.867
1728,41,1401.963,952.280,27.213,1398,948,8,8,0.696,9.434,1398,950,147.995,7.603,1.216,0.822,0.796
1729,41,295.573,953.988,35.213,288,949,13,8,0.416,13.153,288,954,171.254,8.000,1.849,0.541,0.646
1730,26,305.923,952.846,26.385,301,949,9,7,0.469,10.630,302,956,41.186,4.642,2.735,0.366,0.658
1731,26,328.923,951.923,18.728,326,949,6,6,0.932,7.071,327,949,135.000,6.000,1.101,0.908,0.852
1732,70,412.629,955.000,42.870,407,949,11,13,0.479,15.620,408,950,129.806,8.746,2.156,0.464,0.700
1733,41,1218.793,952.671,28.971,1214,949,10,7,0.614,12.207,1214,949,145.008,5.357,2.614,0.383,0.774
1734,53,1268.009,953.575,33.456,1263,949,10,10,0.595,10.770,1263,955,21.801,9.656,1.347,0.743,0.707
1735,26,1290.231,954.077,23.314,1288,949,4,10,0.601,10.050,1290,949,95.711,4.000,2.307,0.434,0.812
1736,27,442.648,953.278,25.213,439,950,8,8,0.534,9.434,440,958,57.995,6.364,1.710,0.585,0.628
1737,37,722.311,953.797,24.385,718,950,9,7,0.782,11.402,718,950,142.125,5.657,2.254,0.444,0.860
1738,41,1377.476,955.012,28.971,1374,950,8,9,0.614,11.402,1374,950,127.875,6.641,1.979,0.505,0.774
1739,62,1244.581,955.306,30.971,1240,951,10,9,0.812,12.042,1240,951,131.634,7.906,1.544,0.648,0.844
1740,110,1311.209,955.582,59.598,1301,951,19,11,0.389,19.647,1301,955,165.256,10.485,2.230,0.448,0.677
1741,32,1283.656,955.625,21.314,1280,953,8,5,0.885,9.434,1280,953,147.995,5.000,1.792,0.558,0.928
1742,34,573.206,960.353,33.213,569,954,9,11,0.387,12.530,570,954,118.610,6.364,2.277,0.439,0.567
1743,89,604.949,960.983,44.184,597,954,16,14,0.573,17.804,600,954,128.157,7.400,2.899,0.345,0.767
1744,48,1231.083,958.396,29.213,1226,954,10,8,0.707,11.402,1227,955,142.125,7.778,1.534,0.652,0.800
1745,65,1386.808,961.423,45.941,1382,954,9,14,0.387,14.866,1384,954,109.654,8.549,1.683,0.594,0.703
1746,28,386.714,959.607,22.142,384,955,6,8,0.718,8.944,385,955,116.565,5.491,1.947,0.514,0.789
1747,31,1132.565,959.629,29.456,1129,955,8,9,0.449,9.487,1130,964,71.565,7.778,1.269,0.788,0.590
1748,30,1394.433,958.433,20.728,1391,955,6,7,0.877,7.810,1391,960,39.806,6.000,1.163,0.860,0.845
1749,43,1260.384,961.616,37.456,1256,956,10,11,0.385,11.402,1256,965,37.875,8.798,1.770,0.565,0.562
1750,28,1401.429,959.107,20.142,1398,956,7,6,0.867,9.220,1398,956,139.399,4.919,2.021,0.495,0.862
1751,58,1410.483,960.879,28.627,1406,956,9,10,0.889,10.770,1408,956,111.801,9.000,1.151,0.869,0.829
1752,30,448.833,959.667,32.142,441,957,13,5,0.365,13.342,441,959,167.005,5.000,3.225,0.310,0.625
1753,28,807.429,960.464,20.728,805,957,5,8,0.819,8.544,806,965,69.444,5.000,1.741,0.574,0.848
1754,30,1116.333,959.267,23.314,1112,957,10,4,0.694,10.770,1112,957,158.199,4.000,2.735,0.366,0.896
1755,43,1360.942,960.802,23.899,1358,957,6,8,0.946,9.434,1358,957,122.005,6.000,1.357,0.737,0.945
1756,26,284.000,961.577,20.385,280,958,8,6,0.786,8.944,280,960,153.435,4.800,2.082,0.480,0.812
1757,86,801.395,967.488,43.314,798,958,6,18,0.576,18.439,800,958,102.529,6.000,3.520,0.284,0.891
1758,119,1222.618,964.769,58.184,1216,958,13,15,0.442,16.401,1217,960,127.569,13.000,1.111,0.900,0.765
1759,30,1308.567,962.633,26.971,1306,958,5,10,0.518,10.440,1307,958,106.699,5.000,2.328,0.430,0.714
1760,82,1332.890,962.085,41.456,1327,958,13,10,0.600,14.422,1328,968,33.690,10.000,1.345,0.743,0.812
1761,77,1370.162,964.084,43.456,1366,958,9,13,0.512,15.811,1366,971,55.305,9.000,1.879,0.532,0.828
1762,120,1425.308,964.917,45.213,1419,958,12,14,0.738,17.029,1420,971,49.764,12.000,1.518,0.659,0.863
1763,71,306.092,962.345,48.627,295,959,21,7,0.377,21.587,295,960,166.608,5.821,4.952,0.202,0.706
1764,33,343.258,964.470,32.042,338,959,9,9,0.404,11.402,339,968,52.125,6.274,2.002,0.499,0.623
1765,25,350.260,961.220,22.142,347,959,8,6,0.641,8.544,347,959,159.444,6.000,1.424,0.702,0.725
1766,71,492.430,963.585,49.456,484,959,16,9,0.365,17.088,484,962,159.444,9.000,1.541,0.649,0.660
1767,90,1278.867,965.089,54.527,1269,959,18,11,0.380,18.439,1269,964,167.471,11.000,1.843,0.543,0.672
1768,47,1323.309,965.011,28.971,1319,959,8,10,0.704,10.817,1319,968,56.310,8.000,1.402,0.713,0.770
1769,100,1108.460,966.240,54.426,1102,960,14,14,0.424,14.866,1105,960,109.654,13.416,1.139,0.878,0.690
1770,76,1379.447,965.829,33.799,1375,960,9,12,0.836,13.000,1376,960,112.620,8.910,1.495,0.669,0.869
1771,37,323.338,965.689,27.799,319,961,8,9,0.602,10.630,319,969,41.186,6.559,2.124,0.471,0.698
1772,41,563.012,963.915,31.556,556,961,13,6,0.517,14.318,556,967,24.775,5.295,3.560,0.281,0.766
1773,83,1236.560,968.801,51.355,1228,961,17,13,0.395,18.788,1228,974,25.201,9.200,2.437,0.410,0.624
1774,27,1247.463,965.056,22.971,1245,961,5,8,0.643,8.944,1245,961,116.565,4.851,2.163,0.462,0.806
1775,62,1301.790,965.516,38.385,1295,961,13,10,0.529,14.318,1295,963,155.225,9.300,1.740,0.575,0.674
1776,41,460.183,964.768,28.385,454,962,12,6,0.639,13.000,454,963,157.380,5.491,2.626,0.381,0.812
1777,29,531.914,964.741,21.314,528,962,8,5,0.802,9.434,528,967,32.005,4.903,2.059,0.486,0.853
1778,54,538.796,968.796,36.042,535,962,9,12,0.522,12.649,537,962,108.435,8.434,1.779,0.562,0.679
1779,116,734.560,968.060,49.941,727,962,15,12,0.584,15.133,727,966,172.405,12.000,1.208,0.828,0.829
1780,40,1208.700,964.275,35.556,1200,962,15,6,0.398,15.297,1200,963,168.690,5.582,3.564,0.281,0.650
1781,119,1314.676,971.097,51.113,1309,962,12,17,0.572,17.464,1312,979,76.759,11.642,1.607,0.622,0.783
1782,46,1416.239,966.935,25.799,1412,962,7,10,0.868,10.198,1416,962,101.310,7.000,1.470,0.680,0.885
1783,39,446.141,966.500,26.385,441,963,9,8,0.704,9.487,441,968,18.435,7.353,1.133,0.883,0.765
1784,59,354.229,968.975,41.213,349,964,11,10,0.437,14.142,349,974,45.000,9.153,1.697,0.589,0.715
1785,110,619.982,971.555,50.770,612,964,18,14,0.536,20.000,613,965,143.130,8.746,2.761,0.362,0.767
1786,27,1137.722,966.870,23.556,1134,964,9,6,0.611,9.849,1134,964,156.038,5.571,2.014,0.496,0.730
1787,61,304.385,969.746,41.456,299,965,10,11,0.446,13.038,300,965,122.471,8.875,1.382,0.724,0.735
1788,93,1081.231,970.909,42.527,1073,965,16,12,0.646,16.763,1073,973,17.354,8.043,2.385,0.419,0.809
1789,75,1264.593,975.167,48.870,1261,965,8,20,0.395,20.881,1261,985,73.301,7.695,3.625,0.276,0.647
1790,128,317.922,972.828,63.012,310,966,19,15,0.405,19.647,310,967,165.256,13.184,1.655,0.604,0.663
1791,115,372.004,972.483,51.941,365,966,15,13,0.536,16.401,367,979,37.569,12.854,1.508,0.663,0.754
1792,39,384.782,971.321,31.799,381,966,8,10,0.485,12.806,381,976,51.340,5.814,2.527,0.396,0.716
1793,41,485.915,971.305,37.456,479,966,12,10,0.367,13.454,479,976,48.013,7.854,1.875,0.533,0.607
1794,28,606.071,969.464,20.728,603,966,6,6,0.819,7.810,603,967,140.194,6.000,1.156,0.865,0.875
1795,37,807.473,971.635,26.142,805,966,5,11,0.680,11.180,806,966,100.305,5.000,2.208,0.453,0.831
1796,50,1119.100,971.240,29.213,1114,966,9,10,0.736,10.630,1114,974,41.186,8.232,1.254,0.798,0.752
1797,36,1271.417,970.167,26.971,1267,966,9,7,0.622,10.630,1268,966,138.814,6.247,1.930,0.518,0.766
1798,57,1360.149,970.254,32.042,1355,966,10,10,0.698,11.662,1355,966,120.964,8.186,1.456,0.687,0.792
1799,40,1255.025,970.175,29.213,1249,967,12,6,0.589,12.369,1249,971,14.036,5.754,2.657,0.376,0.748
1800,132,1350.462,974.258,52.042,1341,967,17,12,0.612,17.720,1341,978,16.390,12.000,1.390,0.719,0.828
1801,45,1409.589,971.011,25.314,1406,967,8,7,0.882,10.000,1406,968,143.130,7.000,1.263,0.792,0.918
1802,40,297.150,974.225,29.213,294,968,8,11,0.589,13.038,294,968,122.471,5.657,2.567,0.390,0.762
1803,27,423.426,970.870,18.728,420,968,7,5,0.967,7.616,420,973,23.199,5.000,1.468,0.681,0.900
1804,56,1047.482,973.786,32.142,1045,968,6,13,0.681,13.342,1047,981,77.005,6.000,2.448,0.409,0.882
1805,87,1215.971,972.741,48.870,1205,968,19,11,0.458,21.024,1205,968,154.654,8.466,3.375,0.296,0.674
1806,73,1387.034,973.733,38.284,1382,968,10,12,0.626,12.207,1384,968,124.992,9.610,1.273,0.786,0.789
1807,51,474.147,974.304,29.799,469,969,9,9,0.722,10.817,471,978,56.310,8.400,1.360,0.735,0.810
1808,132,1199.780,977.136,58.527,1195,969,11,17,0.484,17.720,1197,986,73.610,11.000,1.639,0.610,0.838
1809,27,1279.833,973.870,20.385,1276,971,8,6,0.817,8.944,1276,976,26.565,5.400,1.826,0.548,0.761
1810,41,560.817,974.817,28.971,555,972,11,7,0.614,11.705,555,976,19.983,6.668,2.034,0.492,0.732
1811,61,1174.172,976.484,34.385,1169,972,11,9,0.648,13.601,1169,972,143.973,8.400,1.792,0.558,0.803
1812,89,283.702,980.185,59.355,276,973,14,13,0.317,19.105,276,973,137.121,11.411,1.750,0.571,0.669
1813,31,733.274,976.403,27.213,728,973,10,8,0.526,12.806,728,973,141.340,4.341,3.841,0.260,0.713
1814,31,1099.984,975.532,22.971,1096,973,8,6,0.738,8.602,1097,978,35.538,6.000,1.687,0.593,0.805
1815,39,1143.192,979.423,31.213,1140,973,6,12,0.503,12.369,1143,985,75.964,5.687,2.470,0.405,0.736
1816,80,1068.025,979.375,38.284,1061,974,14,11,0.686,15.000,1062,984,36.870,7.950,2.267,0.441,0.796
1817,45,1306.278,979.056,32.042,1302,974,8,11,0.551,13.038,1302,974,122.471,7.353,1.905,0.525,0.709
1818,136,640.221,983.713,65.497,629,975,22,16,0.398,25.239,630,976,146.310,9.685,3.563,0.281,0.716
1819,41,1114.890,979.500,31.456,1111,975,9,10,0.521,12.728,1111,976,135.000,7.071,1.843,0.543,0.678
1820,89,1210.107,981.826,40.284,1205,975,11,15,0.689,15.811,1207,975,108.435,10.213,1.403,0.713,0.781
1821,43,314.919,981.267,24.142,312,977,7,8,0.927,10.000,312,977,126.870,7.000,1.378,0.726,0.896
1822,27,350.759,980.648,18.728,348,977,5,7,0.967,7.616,349,984,66.801,5.000,1.475,0.678,0.885
1823,25,522.700,980.740,19.899,520,977,5,7,0.793,8.602,520,977,125.538,4.603,1.913,0.523,0.847
1824,47,553.457,981.372,44.284,546,977,14,9,0.301,14.318,546,983,12.095,8.004,1.568,0.638,0.550
1825,56,803.429,981.536,31.799,799,977,10,10,0.696,13.454,799,977,131.987,7.488,2.008,0.498,0.783
1826,55,1298.227,982.918,38.284,1293,977,10,12,0.472,13.000,1295,989,67.380,8.450,1.531,0.653,0.688
1827,81,1321.537,982.377,44.527,1313,977,17,11,0.513,17.720,1313,981,163.610,8.644,2.036,0.491,0.711
1828,43,306.244,981.174,26.728,302,978,9,6,0.756,10.296,302,978,150.945,6.000,1.844,0.542,0.860
1829,29,411.259,981.259,22.385,408,978,8,6,0.727,9.434,408,979,147.995,6.000,1.745,0.573,0.753
1830,49,621.010,981.765,29.556,616,978,9,8,0.705,12.042,616,986,41.634,7.519,1.608,0.622,0.831
1831,27,1227.722,980.981,22.971,1223,978,8,6,0.643,8.544,1223,980,159.444,5.687,1.674,0.597,0.740
1832,62,1335.726,983.355,30.971,1332,978,7,12,0.812,12.166,1336,990,80.538,7.000,1.464,0.683,0.892
1833,36,1361.667,981.750,22.142,1358,978,7,7,0.923,9.220,1359,978,130.601,6.364,1.479,0.676,0.889
1834,39,293.910,981.679,25.556,290,979,9,7,0.750,10.000,291,986,36.870,7.000,1.444,0.693,0.804
1835,39,333.449,982.756,26.385,328,979,10,7,0.704,11.662,328,986,30.964,5.657,2.267,0.441,0.804
1836,80,1160.525,985.125,49.113,1153,979,18,11,0.417,20.125,1153,980,153.435,8.200,3.124,0.320,0.661
1837,42,1343.286,982.571,23.314,1340,979,7,7,0.971,9.220,1340,986,40.601,7.000,1.105,0.905,0.923
1838,33,1380.894,982.621,22.971,1378,979,7,8,0.786,8.544,1380,987,69.444,6.800,1.300,0.769,0.815
1839,33,1390.894,981.712,21.314,1387,979,8,5,0.913,8.944,1387,980,153.435,5.000,1.546,0.647,0.917
1840,26,343.577,982.269,21.556,339,980,9,5,0.703,9.849,339,980,156.038,4.459,2.628,0.381,0.812
1841,49,626.418,986.010,40.870,620,980,11,12,0.369,13.454,620,990,41.987,8.000,2.034,0.492,0.566
1842,112,1355.089,985.670,43.456,1348,980,15,12,0.745,17.205,1348,981,144.462,9.899,1.865,0.536,0.848
1843,76,449.553,986.197,51.113,440,981,17,12,0.366,19.723,440,982,149.534,7.902,3.293,0.304,0.667
1844,58,1179.655,985.155,33.213,1174,981,12,8,0.661,13.000,1174,982,157.380,7.273,2.079,0.481,0.795
1845,84,737.179,987.345,37.698,731,982,12,12,0.743,12.649,736,994,71.565,11.628,1.170,0.855,0.792
1846,43,1070.663,985.686,29.213,1065,982,11,8,0.633,12.530,1065,988,28.610,6.364,1.841,0.543,0.768
1847,31,1128.984,985.371,26.385,1126,982,7,9,0.560,10.296,1127,991,60.945,6.102,1.902,0.526,0.667
1848,111,1316.536,989.716,52.184,1309,982,14,16,0.512,18.868,1311,982,122.005,10.607,1.895,0.528,0.771
1849,29,1107.983,984.776,23.314,1103,983,9,4,0.670,9.487,1103,984,161.565,4.000,2.394,0.418,0.841
1850,42,1083.214,988.000,30.627,1078,984,10,7,0.563,11.662,1078,984,149.036,6.456,1.891,0.529,0.771
1851,41,1219.622,987.354,29.213,1216,984,8,8,0.604,10.000,1216,990,36.870,7.761,1.174,0.852,0.781
1852,96,1229.281,990.865,49.698,1222,984,13,13,0.488,14.765,1222,993,28.301,12.612,1.037,0.964,0.736
1853,64,273.672,991.828,46.284,268,985,10,14,0.375,14.318,272,985,102.095,9.216,1.508,0.663,0.653
1854,44,338.523,988.477,27.213,333,985,11,7,0.747,11.402,333,987,164.745,6.261,1.906,0.525,0.822
1855,75,350.873,989.740,34.385,345,985,11,9,0.797,12.530,345,988,151.390,9.000,1.379,0.725,0.904
1856,132,442.538,993.417,67.497,435,985,15,17,0.364,19.723,439,985,120.466,12.691,1.559,0.642,0.729
1857,59,803.364,990.195,33.556,799,985,10,10,0.658,13.454,799,985,131.987,8.194,2.064,0.485,0.776
1858,123,1269.297,993.126,69.255,1262,985,16,16,0.322,19.416,1266,985,124.509,13.328,1.674,0.597,0.685
1859,60,1403.217,989.867,29.314,1400,985,7,10,0.877,11.662,1400,985,120.964,7.000,1.533,0.652,0.930
1860,36,312.750,990.306,30.627,308,986,9,9,0.482,10.817,309,986,123.690,6.822,1.950,0.513,0.661
1861,61,384.762,991.008,44.042,379,986,12,9,0.395,12.649,379,992,18.435,9.000,1.347,0.742,0.685
1862,73,1256.473,992.760,36.627,1252,986,9,13,0.684,13.601,1255,986,107.103,8.549,1.760,0.568,0.807
1863,52,287.481,990.865,34.042,282,987,11,10,0.564,12.207,283,987,124.992,9.192,1.294,0.773,0.703
1864,31,597.242,990.210,22.142,593,987,8,6,0.795,8.944,593,993,26.565,5.883,1.599,0.625,0.827
1865,94,638.245,992.691,47.456,630,987,16,10,0.525,17.464,630,990,156.371,9.944,1.982,0.505,0.743
1866,64,656.188,992.469,31.799,651,987,10,10,0.795,13.454,652,987,131.987,7.766,1.710,0.585,0.865
1867,72,1070.556,993.958,42.042,1064,987,13,12,0.512,16.279,1066,999,47.490,8.944,2.053,0.487,0.738
1868,77,1248.864,994.123,40.870,1244,987,9,15,0.579,15.297,1246,987,101.310,8.026,2.197,0.455,0.744
1869,35,1327.643,989.900,22.728,1324,987,8,6,0.851,10.000,1324,993,36.870,6.000,1.656,0.604,0.875
1870,31,1419.726,990.984,21.799,1416,987,7,8,0.820,8.485,1417,988,135.000,5.657,1.517,0.659,0.805
1871,47,326.436,990.649,27.799,321,988,11,7,0.764,11.180,321,990,10.305,7.000,1.384,0.722,0.870
1872,47,506.330,992.436,34.042,501,988,12,8,0.510,13.416,501,989,153.435,6.957,2.418,0.414,0.723
1873,96,842.333,993.635,36.627,836,988,12,11,0.899,13.416,836,997,26.565,11.000,1.145,0.873,0.893
1874,33,1157.045,991.439,24.971,1153,988,10,6,0.665,10.440,1153,990,163.301,6.000,1.794,0.558,0.776
1875,35,280.471,993.500,24.142,278,989,5,9,0.755,9.487,278,998,71.565,5.000,1.601,0.625,0.875
1876,64,371.406,994.844,39.456,366,989,12,12,0.517,16.279,366,1000,42.510,8.043,2.604,0.384,0.696
1877,39,832.090,993.731,25.213,828,989,8,9,0.771,9.849,830,998,66.038,6.364,1.648,0.607,0.821
1878,45,1217.433,994.833,30.627,1212,990,11,9,0.603,12.530,1212,991,151.390,6.261,2.185,0.458,0.756
1879,54,1040.093,995.315,29.213,1035,991,10,8,0.795,10.770,1035,994,158.199,8.000,1.227,0.815,0.850
1880,68,1116.000,997.191,37.213,1110,991,12,11,0.617,15.000,1110,992,143.130,8.800,1.904,0.525,0.747
1881,70,1284.786,996.029,42.284,1278,991,13,10,0.492,13.601,1278,995,162.897,10.000,1.103,0.906,0.700
1882,37,1309.500,995.068,24.385,1306,991,7,9,0.782,9.487,1308,1000,71.565,6.957,1.371,0.729,0.822
1883,58,1383.862,995.966,33.456,1379,991,10,12,0.651,13.416,1380,991,116.565,7.717,1.796,0.557,0.753
1884,26,482.346,995.038,18.971,479,992,7,6,0.908,7.280,479,996,15.945,5.657,1.321,0.757,0.825
1885,33,553.833,995.439,30.385,549,992,11,7,0.449,12.530,549,992,151.390,5.547,2.952,0.339,0.623
1886,43,1208.733,996.709,28.042,1205,992,8,10,0.687,10.770,1207,992,111.801,7.589,1.357,0.737,0.735
1887,56,666.446,997.536,29.556,662,993,9,9,0.806,12.728,662,993,135.000,7.155,1.781,0.561,0.875
1888,102,1087.186,997.373,53.941,1076,993,21,9,0.441,21.840,1076,994,164.055,8.222,3.499,0.286,0.721
1889,51,319.461,997.618,34.870,314,994,12,7,0.527,12.369,314,1001,14.036,7.000,1.486,0.673,0.718
1890,87,352.580,997.638,57.012,344,994,18,9,0.336,18.974,344,994,161.565,9.000,2.384,0.419,0.630
1891,66,800.970,1001.818,37.799,798,994,6,16,0.580,16.279,800,994,100.620,5.871,3.068,0.326,0.852
1892,48,1162.875,997.375,26.728,1158,994,10,6,0.844,11.180,1158,995,153.435,6.000,1.981,0.505,0.906
1893,38,308.974,1001.421,31.213,305,995,7,11,0.490,12.083,306,1006,65.556,6.626,2.082,0.480,0.697
1894,25,425.300,997.820,19.556,422,995,7,6,0.821,7.810,423,1001,39.806,5.400,1.625,0.615,0.794
1895,38,1146.263,999.895,26.385,1142,995,8,9,0.686,10.000,1142,1003,36.870,6.708,1.687,0.593,0.724
1896,29,149.362,998.948,25.314,146,996,6,8,0.569,10.000,146,996,126.870,6.000,1.679,0.596,0.734
1897,26,335.308,999.846,22.385,333,996,6,8,0.652,8.485,333,1004,45.000,6.000,1.386,0.722,0.732
1898,32,410.188,999.688,24.627,406,996,9,8,0.663,9.849,406,1002,23.962,5.154,2.259,0.443,0.727
1899,36,1107.667,1000.833,25.799,1104,996,7,9,0.680,10.817,1105,996,123.690,6.002,2.149,0.465,0.791
1900,102,1184.275,1001.196,57.355,1176,996,19,11,0.390,19.235,1176,997,171.027,10.522,1.932,0.518,0.708
1901,53,1303.255,1001.123,38.042,1297,996,11,9,0.460,11.402,1297,1001,164.745,8.629,1.346,0.743,0.746
1902,69,1315.196,1001.080,45.698,1309,996,13,9,0.415,14.318,1309,1005,24.775,8.806,1.508,0.663,0.762
1903,45,1404.589,998.789,26.385,1400,996,10,7,0.812,10.440,1400,996,163.301,7.000,1.387,0.721,0.833
1904,45,474.878,1001.078,36.627,470,997,13,8,0.422,13.342,470,999,167.005,7.276,1.904,0.525,0.643
1905,48,807.229,1003.417,32.385,804,997,6,13,0.575,13.342,807,997,102.995,5.883,2.597,0.385,0.793
1906,129,838.903,1003.601,44.042,832,997,15,12,0.836,17.205,832,998,144.462,10.752,1.651,0.606,0.905
1907,84,1226.762,1001.750,52.426,1220,997,15,12,0.384,15.811,1220,1001,161.565,10.607,1.174,0.852,0.680
1908,94,1266.915,1002.553,40.627,1260,997,14,10,0.716,15.000,1260,998,143.130,9.979,1.460,0.685,0.839
1909,58,284.534,1002.379,37.213,280,998,10,10,0.526,12.207,283,1008,55.008,9.944,1.302,0.768,0.725
1910,27,578.019,1001.870,22.142,574,998,7,7,0.692,8.602,574,1003,35.538,6.261,1.354,0.739,0.771
1911,43,1100.500,1002.872,24.971,1097,998,7,9,0.867,10.296,1098,998,119.055,7.000,1.540,0.649,0.843
1912,55,545.755,1003.409,44.284,540,999,11,11,0.352,12.530,540,1005,28.610,9.839,1.107,0.903,0.636
1913,35,440.500,1002.243,24.728,435,1000,10,5,0.719,10.198,435,1003,11.310,5.000,1.833,0.546,0.854
1914,62,555.968,1005.290,37.456,551,1000,12,11,0.555,15.000,551,1009,36.870,7.778,2.188,0.457,0.729
1915,78,1116.359,1007.333,48.527,1111,1000,12,13,0.416,14.866,1112,1000,137.726,11.424,1.228,0.814,0.687
1916,95,1158.795,1005.616,54.627,1152,1000,19,12,0.400,19.235,1152,1002,171.027,12.000,1.566,0.639,0.617
1917,99,1285.126,1005.429,61.012,1277,1000,22,11,0.334,22.804,1277,1002,164.745,11.000,2.318,0.431,0.586
1918,30,364.033,1004.133,24.971,359,1001,10,6,0.605,11.180,359,1001,153.435,4.670,3.077,0.325,0.741
1919,73,1128.514,1007.733,39.799,1124,1001,9,12,0.579,14.422,1124,1013,56.310,9.000,1.719,0.582,0.793
1920,43,1136.733,1004.965,24.385,1132,1001,9,7,0.909,9.487,1132,1007,18.435,7.000,1.314,0.761,0.860
1921,102,1343.010,1007.245,40.870,1336,1001,14,12,0.767,15.652,1336,1012,26.565,10.752,1.541,0.649,0.850
1922,134,1369.604,1007.955,52.284,1361,1001,19,13,0.616,19.416,1361,1011,11.889,12.944,1.305,0.766,0.775
1923,52,1398.885,1004.962,33.456,1393,1001,11,9,0.584,12.530,1393,1004,151.390,8.104,1.474,0.678,0.765
1924,25,625.700,1003.700,21.899,621,1002,10,3,0.655,10.198,621,1003,168.690,3.000,3.457,0.289,0.909
1925,32,1071.906,1004.562,22.971,1067,1002,9,6,0.762,9.487,1067,1006,18.435,6.000,1.439,0.695,0.790
1926,50,1219.120,1008.080,29.799,1215,1002,9,10,0.708,11.180,1218,1002,116.565,8.232,1.419,0.705,0.781
1927,59,465.653,1010.110,44.284,462,1003,10,15,0.378,15.297,464,1018,78.690,8.060,2.277,0.439,0.631
1928,43,497.081,1007.709,27.213,493,1003,9,8,0.730,10.296,493,1005,150.945,7.600,1.452,0.689,0.811
1929,31,602.952,1007.919,25.556,599,1003,7,9,0.596,11.402,599,1003,127.875,5.150,2.795,0.358,0.756
1930,36,616.056,1005.806,22.142,612,1003,8,6,0.923,8.944,612,1008,26.565,6.000,1.516,0.660,0.878
1931,39,1047.526,1006.603,26.971,1042,1003,10,7,0.674,11.180,1042,1010,26.565,6.261,1.789,0.559,0.788
1932,42,1092.381,1006.952,24.142,1089,1003,7,8,0.906,10.630,1089,1011,48.814,6.364,1.747,0.572,0.913
1933,26,336.923,1008.385,25.799,334,1004,6,9,0.491,9.220,336,1004,102.529,5.199,2.034,0.492,0.650
1934,41,450.744,1009.207,30.142,448,1004,5,11,0.567,12.083,448,1004,114.444,5.000,2.836,0.353,0.812
1935,87,1148.615,1011.213,47.698,1141,1004,16,13,0.481,19.209,1142,1004,141.340,8.050,2.759,0.363,0.716
1936,58,1386.224,1008.172,30.385,1382,1004,9,9,0.789,11.402,1383,1013,52.125,8.825,1.329,0.752,0.859
1937,43,307.105,1009.407,27.314,303,1005,9,7,0.724,11.402,303,1005,142.125,6.554,1.887,0.530,0.851
1938,122,428.803,1012.459,71.255,418,1005,21,16,0.302,21.587,418,1015,166.608,14.833,1.485,0.673,0.561
1939,45,674.144,1008.767,26.971,670,1005,10,7,0.777,10.770,670,1012,21.801,7.000,1.529,0.654,0.833
1940,56,1082.018,1009.196,34.627,1076,1005,12,9,0.587,12.806,1078,1005,141.340,8.272,1.712,0.584,0.718
1941,111,1316.779,1008.581,54.284,1305,1005,20,8,0.473,21.190,1305,1006,160.710,8.000,2.821,0.354,0.804
1942,44,443.386,1010.545,29.799,440,1006,8,10,0.623,10.630,441,1016,48.814,7.778,1.247,0.802,0.752
1943,29,1211.224,1010.466,24.971,1207,1006,8,7,0.584,8.544,1207,1010,159.444,7.000,1.063,0.940,0.707
1944,25,1327.860,1009.820,18.485,1326,1006,4,7,0.919,8.062,1326,1006,119.745,4.000,1.741,0.575,0.962
1945,53,363.575,1010.896,27.556,359,1007,10,7,0.877,11.180,359,1008,153.435,7.000,1.522,0.657,0.891
1946,26,1056.615,1009.269,18.142,1053,1007,7,5,0.993,7.280,1053,1008,164.055,5.000,1.258,0.795,0.881
1947,25,329.700,1012.500,24.728,327,1008,5,10,0.514,10.440,329,1018,73.301,4.111,3.246,0.308,0.694
1948,29,520.914,1010.983,20.485,518,1008,6,6,0.868,8.485,518,1008,135.000,5.578,1.402,0.713,0.892
1949,42,539.571,1011.214,34.284,534,1008,13,6,0.449,13.601,534,1009,162.897,6.000,2.386,0.419,0.712
1950,111,705.653,1013.869,48.042,697,1008,18,11,0.604,21.095,697,1008,148.570,7.923,3.100,0.323,0.851
1951,41,1105.427,1010.622,29.213,1101,1008,10,7,0.604,10.440,1101,1008,163.301,7.000,1.519,0.659,0.766
1952,30,1163.867,1010.633,19.899,1161,1008,6,6,0.952,7.810,1162,1014,50.194,6.000,1.099,0.910,0.923
1953,26,1171.000,1010.385,17.899,1168,1008,6,5,1.000,7.211,1168,1012,33.690,5.000,1.215,0.823,0.929
1954,26,1193.154,1012.077,22.142,1191,1008,6,8,0.666,8.246,1191,1016,75.964,6.000,1.181,0.847,0.732
1955,104,1310.731,1015.913,58.184,1301,1008,18,14,0.386,20.125,1301,1009,153.435,10.584,2.326,0.430,0.634
1956,53,501.802,1015.123,42.042,494,1009,14,10,0.377,15.264,494,1018,31.608,7.823,2.571,0.389,0.620
1957,45,1050.100,1014.122,27.799,1046,1009,8,10,0.732,10.770,1048,1019,68.199,6.641,1.787,0.559,0.769
1958,136,1140.022,1016.404,66.426,1133,1009,17,15,0.387,18.868,1134,1010,147.995,15.000,1.316,0.760,0.703
1959,63,1400.087,1013.833,29.556,1396,1009,9,9,0.906,12.728,1396,1009,135.000,8.050,1.526,0.655,0.926
1960,70,643.157,1016.443,40.870,638,1010,11,12,0.527,13.454,640,1010,131.987,9.192,1.612,0.620,0.729
1961,38,838.342,1012.368,26.385,833,1010,11,5,0.686,11.705,833,1010,160.017,5.000,2.527,0.396,0.835
1962,58,1063.690,1013.724,30.385,1059,1010,11,8,0.789,11.402,1059,1012,164.745,7.692,1.520,0.658,0.835
1963,34,1258.235,1013.735,20.728,1255,1010,6,7,0.994,8.062,1256,1017,60.255,6.000,1.280,0.781,0.907
1964,33,1378.470,1013.470,23.314,1376,1010,6,8,0.763,8.944,1376,1010,116.565,6.000,1.687,0.593,0.825
1965,36,1332.556,1015.667,26.971,1329,1011,6,10,0.622,10.440,1331,1011,106.699,6.000,2.230,0.448,0.742
1966,36,394.333,1014.833,22.971,390,1012,8,7,0.857,8.544,390,1016,20.556,7.000,1.210,0.826,0.837
1967,58,1042.172,1018.207,43.698,1038,1012,12,11,0.382,16.279,1038,1012,137.490,8.944,1.973,0.507,0.667
1968,60,1345.967,1018.517,34.627,1342,1012,8,12,0.629,13.000,1344,1012,112.620,8.000,1.741,0.574,0.779
1969,37,377.473,1016.446,24.142,374,1013,8,7,0.798,10.000,374,1020,36.870,6.517,1.633,0.612,0.841
1970,27,485.833,1017.426,25.799,482,1013,9,8,0.510,10.817,482,1015,146.310,4.950,2.838,0.352,0.675
1971,62,1074.694,1019.968,39.941,1069,1013,11,14,0.488,15.811,1069,1026,55.305,8.372,2.541,0.394,0.674
1972,81,1251.438,1019.710,46.284,1245,1013,14,13,0.475,16.125,1245,1014,150.255,10.286,1.674,0.597,0.723
1973,89,346.522,1020.365,49.698,340,1014,12,13,0.453,16.279,340,1015,137.490,12.000,1.309,0.764,0.662
1974,37,357.419,1016.905,22.385,353,1014,8,6,0.928,8.944,353,1015,153.435,6.000,1.374,0.728,0.892
1975,85,629.441,1019.276,49.698,624,1014,12,12,0.432,13.892,624,1015,149.744,11.738,1.072,0.933,0.733
1976,27,682.315,1017.093,17.899,680,1014,5,6,1.000,7.211,680,1014,123.690,5.000,1.172,0.853,0.947
1977,41,1011.280,1018.720,28.971,1006,1014,10,8,0.614,10.770,1006,1018,158.199,7.600,1.572,0.636,0.707
1978,29,1092.672,1016.983,20.971,1089,1014,7,6,0.829,8.062,1089,1015,150.255,6.000,1.284,0.779,0.829
1979,50,1100.080,1018.540,27.213,1097,1014,8,10,0.848,10.198,1098,1014,101.310,8.000,1.277,0.783,0.855
1980,48,1126.750,1016.708,33.213,1120,1014,13,6,0.547,13.342,1120,1015,167.005,6.000,2.689,0.372,0.756
1981,27,1322.722,1016.352,20.142,1319,1014,7,6,0.836,7.810,1319,1014,140.194,6.000,1.214,0.824,0.818
1982,136,1387.375,1018.706,54.870,1377,1014,20,9,0.568,20.224,1377,1021,8.531,9.000,2.078,0.481,0.855
1983,72,721.903,1019.306,38.385,716,1015,13,9,0.614,15.000,716,1015,143.130,7.603,2.266,0.441,0.791
1984,53,1328.802,1021.840,32.042,1324,1015,9,12,0.649,13.000,1327,1015,112.620,7.155,1.925,0.520,0.757
1985,26,1055.500,1018.846,18.971,1052,1016,7,6,0.908,7.071,1052,1018,171.870,6.000,1.034,0.967,0.812
1986,31,1116.274,1020.855,24.971,1113,1016,6,9,0.625,9.487,1116,1025,71.565,6.000,1.235,0.809,0.775
1987,66,392.848,1024.318,45.113,388,1017,11,13,0.408,16.401,389,1017,127.569,9.192,1.847,0.541,0.673
1988,68,425.676,1023.441,42.284,422,1017,7,15,0.478,15.811,422,1017,108.435,7.000,2.297,0.435,0.773
1989,40,561.050,1022.800,35.456,558,1017,7,11,0.400,12.530,558,1028,61.390,6.957,2.294,0.436,0.672
1990,80,1277.112,1025.088,43.698,1272,1017,10,15,0.526,16.155,1273,1032,68.199,10.000,1.581,0.632,0.731
1991,60,1352.850,1024.050,34.385,1350,1017,6,14,0.638,14.142,1351,1031,81.870,6.000,2.170,0.461,0.857
1992,58,409.603,1023.707,39.456,404,1018,9,14,0.468,15.652,404,1018,116.565,8.041,2.171,0.461,0.686
1993,55,506.373,1024.082,38.284,501,1018,10,12,0.472,13.454,501,1020,138.013,7.353,2.054,0.487,0.688
1994,50,1158.680,1023.200,32.385,1155,1018,8,10,0.599,11.662,1156,1018,120.964,7.906,1.765,0.567,0.769
1995,38,431.868,1023.947,28.971,429,1019,6,11,0.569,11.402,430,1030,74.745,5.582,2.158,0.463,0.738
1996,35,638.386,1023.671,26.385,634,1019,8,8,0.632,8.944,637,1019,116.565,7.519,1.170,0.854,0.745
1997,101,738.153,1024.421,47.213,729,1019,18,10,0.569,19.723,730,1019,149.534,7.279,3.203,0.312,0.815
1998,122,964.566,1024.328,52.042,954,1019,20,10,0.566,21.024,955,1029,25.346,8.433,2.952,0.339,0.838
1999,31,1152.016,1022.597,21.314,1149,1019,6,7,0.858,8.602,1150,1026,54.462,5.687,1.572,0.636,0.861
2000,31,1320.274,1022.629,20.385,1317,1019,7,7,0.937,8.062,1317,1020,150.255,5.824,1.412,0.708,0.827
2001,79,1403.880,1023.880,34.627,1398,1019,12,10,0.828,13.892,1398,1019,149.744,9.192,1.454,0.688,0.888
2002,34,297.618,1023.588,26.971,294,1020,8,9,0.587,10.817,296,1029,56.310,6.277,2.052,0.487,0.723
2003,27,482.278,1024.574,24.385,479,1020,6,9,0.571,9.487,482,1020,108.435,5.425,2.334,0.428,0.692
2004,78,585.756,1026.346,39.113,582,1020,8,13,0.641,13.928,583,1020,111.038,8.000,1.800,0.556,0.839
2005,28,695.857,1022.214,19.899,692,1020,8,4,0.889,8.544,692,1021,159.444,4.000,2.084,0.480,0.933
2006,29,1122.879,1023.776,22.385,1120,1020,7,8,0.727,8.544,1121,1028,69.444,6.364,1.270,0.788,0.734
2007,103,1140.306,1030.364,59.841,1135,1020,13,21,0.361,21.378,1138,1041,79.216,11.509,1.915,0.522,0.622
2008,33,1182.288,1023.530,25.799,1178,1020,8,7,0.623,8.602,1178,1022,144.462,7.000,1.036,0.965,0.750
2009,39,1228.577,1024.346,24.385,1224,1020,8,8,0.824,8.944,1224,1026,26.565,7.761,1.123,0.891,0.821
2010,129,1339.895,1027.143,52.527,1332,1020,17,13,0.588,17.720,1332,1030,16.390,12.662,1.347,0.742,0.799
2011,63,378.881,1028.071,37.456,375,1021,8,13,0.564,13.601,377,1034,72.897,8.000,1.902,0.526,0.754
2012,41,619.793,1025.012,28.385,616,1021,8,10,0.639,11.402,617,1030,52.125,6.708,2.012,0.497,0.745
2013,98,1033.347,1027.337,57.598,1028,1021,13,15,0.371,17.029,1028,1034,40.236,12.969,1.363,0.734,0.636
2014,80,1091.250,1025.987,45.698,1084,1021,14,11,0.481,14.318,1084,1023,167.905,10.429,1.169,0.855,0.734
2015,61,1213.582,1024.893,34.627,1208,1021,12,9,0.639,12.806,1210,1029,38.660,8.558,1.627,0.615,0.803
2016,109,981.032,1029.124,57.841,973,1022,15,14,0.409,16.155,973,1027,158.199,13.697,1.228,0.814,0.690
2017,31,1204.629,1025.597,21.556,1201,1022,7,7,0.838,9.899,1201,1022,135.000,5.270,2.064,0.484,0.849
2018,47,362.309,1026.649,34.627,355,1023,12,9,0.493,13.892,355,1024,149.744,7.374,2.078,0.481,0.671
2019,65,370.592,1030.869,43.113,366,1023,10,13,0.439,14.765,367,1023,118.301,10.000,1.456,0.687,0.674
2020,69,652.051,1028.297,49.113,647,1023,11,11,0.359,14.866,647,1033,42.274,10.307,1.525,0.656,0.704
2021,25,720.340,1025.700,21.556,716,1023,9,5,0.676,9.849,716,1023,156.038,4.802,2.300,0.435,0.794
2022,69,1009.761,1027.036,45.698,1003,1023,17,9,0.415,17.117,1003,1025,173.290,8.974,2.222,0.450,0.670
2023,110,1078.700,1030.455,65.497,1071,1023,15,13,0.322,15.652,1071,1029,153.435,13.000,1.220,0.820,0.717
2024,81,1292.870,1029.290,35.213,1288,1023,10,12,0.821,12.530,1291,1023,118.610,10.000,1.327,0.753,0.844
2025,59,1313.415,1026.398,30.971,1308,1023,12,7,0.773,13.000,1308,1023,157.380,7.000,1.580,0.633,0.874
2026,34,418.441,1027.353,22.971,415,1024,8,7,0.810,9.434,415,1024,147.995,6.641,1.470,0.680,0.819
2027,32,464.188,1026.375,20.728,460,1024,8,5,0.936,8.944,460,1028,26.565,5.000,1.616,0.619,0.914
2028,48,624.000,1029.854,33.213,618,1024,10,10,0.547,12.207,618,1034,34.992,7.488,1.691,0.591,0.750
2029,113,641.872,1033.881,54.527,635,1024,12,18,0.478,19.698,638,1042,66.038,11.926,1.761,0.568,0.743
2030,25,713.940,1027.340,21.556,711,1024,6,8,0.676,8.544,712,1024,110.556,5.692,1.840,0.543,0.725
2031,79,1189.703,1031.019,39.698,1185,1024,9,14,0.630,15.232,1186,1024,113.199,8.731,1.970,0.508,0.786
2032,87,1377.994,1030.902,38.627,1373,1024,12,12,0.733,13.892,1373,1027,149.744,11.276,1.266,0.790,0.821
2033,45,457.322,1031.256,29.556,454,1025,7,10,0.647,11.180,454,1035,63.435,7.000,1.435,0.697,0.796
2034,36,551.361,1029.028,33.213,545,1025,10,8,0.410,11.180,545,1030,26.565,7.842,1.677,0.596,0.610
2035,36,751.000,1028.000,21.657,748,1025,6,6,0.965,8.485,748,1025,135.000,6.000,1.000,1.000,1.000
2036,74,1258.432,1032.743,43.213,1255,1025,7,16,0.498,16.763,1257,1025,107.354,6.840,2.584,0.387,0.783
2037,80,1326.513,1031.675,36.870,1322,1025,11,13,0.740,13.153,1324,1025,98.746,10.543,1.358,0.736,0.833
2038,59,328.720,1031.924,32.627,324,1026,10,10,0.696,11.402,326,1026,127.875,9.430,1.184,0.844,0.792
2039,50,759.020,1029.900,26.971,755,1026,8,8,0.864,11.314,755,1026,135.000,7.155,1.496,0.668,0.909
2040,26,1219.538,1028.577,19.556,1216,1026,8,5,0.854,8.246,1216,1030,14.036,5.000,1.568,0.638,0.825
2041,74,1266.473,1031.203,32.971,1262,1026,10,10,0.855,12.207,1262,1027,145.008,10.000,1.213,0.825,0.881
2042,119,1412.828,1032.853,45.941,1406,1026,15,14,0.709,15.297,1406,1037,11.310,12.522,1.180,0.847,0.821
2043,26,595.538,1028.808,22.142,591,1027,9,4,0.666,9.849,591,1027,156.038,4.000,2.797,0.358,0.812
2044,34,1041.735,1030.176,27.213,1036,1027,11,7,0.577,11.402,1036,1032,15.255,5.488,2.397,0.417,0.694
2045,103,1240.937,1034.578,58.527,1236,1027,12,19,0.378,19.925,1237,1046,72.474,12.000,1.692,0.591,0.615
2046,93,1365.844,1031.167,38.385,1358,1027,14,9,0.793,14.560,1358,1029,164.055,9.000,1.558,0.642,0.877
2047,34,632.147,1030.676,22.142,628,1028,9,5,0.871,9.849,628,1033,23.962,5.000,1.898,0.527,0.883
2048,47,767.926,1031.691,25.314,764,1028,8,7,0.922,10.000,764,1028,143.130,6.905,1.343,0.745,0.913
2049,66,296.182,1035.530,41.698,292,1029,9,12,0.477,14.422,292,1029,123.690,9.000,1.583,0.632,0.800
2050,31,386.435,1032.274,24.142,384,1029,6,7,0.668,9.220,384,1036,49.399,6.000,1.504,0.665,0.827
2051,41,446.671,1036.110,38.284,442,1029,9,13,0.352,15.264,442,1029,121.608,6.708,3.253,0.307,0.617
2052,31,1110.339,1032.145,29.456,1105,1029,10,6,0.449,10.198,1105,1030,168.690,6.000,1.739,0.575,0.681
2053,32,1161.406,1032.156,20.728,1158,1029,6,7,0.936,8.602,1159,1029,125.538,6.000,1.451,0.689,0.877
2054,121,918.186,1034.508,54.627,908,1030,21,11,0.510,22.472,908,1040,20.854,9.459,2.880,0.347,0.736
2055,73,962.240,1034.938,42.627,956,1030,13,10,0.505,14.765,956,1031,151.699,10.000,1.372,0.729,0.730
2056,59,1171.432,1034.432,32.971,1166,1030,10,10,0.682,12.806,1166,1030,128.660,8.746,1.830,0.546,0.771
2057,29,1250.776,1033.672,20.142,1248,1030,6,7,0.898,8.602,1248,1030,125.538,5.657,1.734,0.577,0.841
2058,111,1316.410,1036.095,48.527,1309,1030,15,12,0.592,15.811,1309,1040,34.695,11.770,1.278,0.783,0.766
2059,39,1349.526,1034.603,25.456,1345,1030,9,9,0.756,10.296,1347,1030,119.055,5.600,2.002,0.500,0.788
2060,26,1355.654,1032.885,20.728,1353,1030,6,6,0.760,8.485,1353,1030,135.000,5.578,1.454,0.688,0.852
2061,27,352.944,1032.648,22.728,348,1031,10,4,0.657,10.198,348,1034,11.310,4.000,2.895,0.345,0.818
2062,60,739.300,1035.583,41.213,734,1031,11,13,0.444,15.264,735,1044,58.392,8.944,1.921,0.521,0.645
2063,104,795.904,1035.923,48.385,787,1031,18,9,0.558,20.125,787,1031,153.435,7.354,3.062,0.327,0.856
2064,25,1012.340,1035.300,22.142,1010,1031,5,9,0.641,10.296,1010,1040,60.945,4.025,3.153,0.317,0.820
2065,83,1150.922,1035.741,46.284,1142,1031,18,9,0.487,18.111,1142,1036,173.660,8.220,2.738,0.365,0.706
2066,106,1218.160,1037.151,51.355,1212,1031,13,13,0.505,16.401,1214,1044,52.431,12.523,1.270,0.788,0.760
2067,59,1279.466,1035.941,33.213,1274,1031,11,9,0.672,12.207,1274,1033,145.008,8.746,1.539,0.650,0.771
2068,26,305.192,1036.077,26.627,302,1032,8,8,0.461,10.630,302,1032,131.186,5.657,2.114,0.473,0.658
2069,30,393.467,1035.133,24.142,390,1032,6,8,0.647,8.602,390,1033,125.538,6.000,1.346,0.743,0.759
2070,66,610.955,1041.015,47.941,606,1032,12,15,0.361,15.811,610,1032,108.435,10.290,1.699,0.588,0.548
2071,70,719.057,1039.000,38.284,714,1032,11,12,0.600,13.416,716,1044,63.435,9.839,1.299,0.770,0.729
2072,48,905.417,1036.375,26.971,902,1032,7,10,0.829,11.662,903,1042,59.036,6.934,1.731,0.578,0.881
2073,29,1132.810,1036.948,25.899,1131,1032,4,11,0.543,11.705,1131,1032,109.983,3.845,3.407,0.294,0.829
2074,27,415.722,1037.981,24.971,414,1033,4,10,0.544,10.770,414,1033,111.801,4.000,2.745,0.364,0.750
2075,26,1333.654,1036.692,21.799,1330,1033,7,8,0.688,8.062,1334,1033,97.125,6.008,1.331,0.751,0.703
2076,52,897.250,1038.135,27.556,893,1034,8,9,0.861,10.630,893,1035,131.186,8.000,1.206,0.829,0.846
2077,50,945.800,1037.660,34.870,940,1034,13,7,0.517,13.928,940,1036,158.962,6.864,2.033,0.492,0.752
2078,46,977.217,1038.435,30.385,973,1034,10,9,0.626,12.207,973,1035,145.008,7.071,1.854,0.539,0.736
2079,96,1072.188,1040.281,43.698,1066,1034,14,13,0.632,14.560,1066,1038,164.055,11.628,1.376,0.727,0.753
2080,45,351.100,1040.500,27.556,348,1035,6,10,0.745,10.440,350,1035,106.699,6.000,1.621,0.617,0.857
2081,31,378.274,1039.016,22.142,375,1035,6,8,0.795,8.602,375,1042,54.462,5.376,1.822,0.549,0.805
2082,112,813.732,1039.295,51.456,806,1035,15,10,0.532,17.205,806,1035,144.462,10.000,1.566,0.639,0.812
2083,149,871.044,1038.977,61.456,858,1035,25,9,0.496,25.495,858,1036,168.690,8.835,3.720,0.269,0.793
2084,48,887.917,1038.167,25.314,884,1035,8,7,0.941,10.000,884,1041,36.870,7.000,1.259,0.795,0.932
2085,33,1028.348,1037.924,30.385,1022,1035,13,5,0.449,13.153,1022,1038,171.254,5.000,2.879,0.347,0.653
2086,80,1271.300,1040.175,40.042,1264,1035,14,11,0.627,15.000,1265,1037,143.130,9.240,1.880,0.532,0.777
2087,53,1291.330,1038.198,32.042,1286,1035,11,8,0.649,11.705,1286,1035,160.017,8.000,1.510,0.662,0.768
2088,74,1385.689,1039.527,34.385,1381,1035,10,11,0.787,13.038,1384,1046,57.529,9.985,1.373,0.728,0.865
2089,49,1423.112,1038.561,29.799,1419,1035,10,9,0.693,10.770,1419,1041,21.801,8.121,1.474,0.678,0.790
2090,68,320.471,1043.000,40.627,314,1036,11,12,0.518,14.213,315,1047,50.711,10.462,1.539,0.650,0.690
2091,29,629.603,1038.810,20.971,626,1036,8,6,0.829,8.602,626,1037,144.462,5.336,1.752,0.571,0.795
2092,35,708.900,1039.957,24.142,706,1036,7,8,0.755,9.220,706,1044,40.601,7.000,1.371,0.729,0.795
2093,59,763.619,1040.703,31.213,759,1036,9,10,0.761,11.180,761,1046,63.435,8.944,1.128,0.887,0.825
2094,117,998.372,1042.038,51.113,991,1036,17,13,0.563,20.000,992,1049,36.870,10.786,2.335,0.428,0.762
2095,69,1060.225,1040.355,33.556,1056,1036,9,10,0.770,12.207,1058,1046,55.008,9.000,1.353,0.739,0.879
2096,31,1117.242,1038.887,21.314,1114,1036,7,6,0.858,9.220,1114,1042,40.601,5.578,1.722,0.581,0.886
2097,76,1374.368,1039.474,35.213,1367,1036,14,8,0.770,14.866,1367,1037,160.346,8.000,1.772,0.564,0.879
2098,107,1395.472,1041.070,43.456,1388,1036,15,12,0.712,17.493,1388,1046,30.964,10.543,1.944,0.514,0.833
2099,40,328.725,1040.425,27.799,325,1037,7,9,0.650,9.849,327,1046,66.038,7.000,1.359,0.736,0.784
2100,50,368.880,1041.080,32.385,362,1037,12,7,0.599,13.000,362,1043,22.620,6.905,2.017,0.496,0.746
2101,25,701.380,1039.060,17.899,698,1037,7,4,0.981,7.616,698,1041,23.199,4.000,1.706,0.586,0.943
2102,137,926.646,1041.734,60.870,918,1037,17,12,0.465,17.720,918,1042,16.390,12.000,1.276,0.784,0.811
2103,41,1166.573,1040.671,27.799,1162,1037,10,7,0.667,11.180,1162,1037,153.435,6.871,1.603,0.624,0.774
2104,57,560.658,1041.588,33.213,555,1038,11,9,0.649,11.705,555,1039,160.017,9.000,1.397,0.716,0.745
2105,54,569.611,1043.556,29.556,567,1038,6,12,0.777,12.369,568,1050,75.964,6.000,2.001,0.500,0.885
2106,58,649.121,1044.000,43.799,644,1038,8,15,0.380,15.297,648,1038,101.310,8.000,1.648,0.607,0.678
2107,50,656.900,1042.300,38.042,653,1038,9,10,0.434,12.042,654,1048,48.366,9.000,1.210,0.826,0.730
2108,79,754.196,1046.373,42.042,749,1038,9,15,0.562,16.553,751,1053,64.983,9.000,1.978,0.506,0.778
2109,67,939.097,1042.843,37.213,933,1038,13,9,0.608,13.928,933,1047,21.038,8.931,1.525,0.656,0.753
2110,48,1250.771,1041.833,33.456,1245,1038,13,7,0.539,13.928,1245,1039,158.962,5.969,2.793,0.358,0.727
2111,94,1365.670,1044.191,52.770,1358,1038,15,13,0.424,17.029,1361,1038,130.236,10.213,1.752,0.571,0.761
2112,73,1414.103,1044.377,36.042,1410,1038,9,13,0.706,14.765,1411,1051,61.699,8.974,1.830,0.546,0.830
2113,50,385.500,1045.280,38.627,382,1039,8,12,0.421,13.416,384,1039,116.565,8.000,1.414,0.707,0.699
2114,25,522.020,1043.540,24.971,518,1039,7,9,0.504,10.817,519,1039,123.690,4.341,3.383,0.296,0.649
2115,51,913.539,1044.225,30.385,909,1039,9,9,0.694,11.402,910,1048,52.125,8.497,1.363,0.734,0.785
2116,83,1225.548,1046.452,51.941,1219,1039,12,16,0.387,16.155,1223,1055,68.199,10.788,1.786,0.560,0.622
2117,59,1328.585,1043.246,33.456,1323,1039,11,10,0.662,11.402,1323,1045,15.255,9.430,1.059,0.945,0.752
2118,31,576.694,1044.339,22.971,574,1040,6,9,0.738,9.849,575,1049,66.038,5.367,2.108,0.474,0.805
2119,36,601.917,1044.056,29.799,596,1040,12,7,0.509,13.416,596,1040,153.435,5.367,3.174,0.315,0.720
2120,131,1043.966,1046.447,57.598,1037,1040,17,14,0.496,17.720,1037,1045,163.610,14.000,1.225,0.817,0.718
2121,39,1154.167,1043.731,24.385,1150,1040,9,7,0.824,10.817,1150,1041,146.310,5.657,2.106,0.475,0.876
2122,104,483.202,1050.135,60.527,473,1041,20,14,0.357,20.396,473,1050,168.690,13.097,1.938,0.516,0.615
2123,30,553.900,1045.867,24.142,551,1041,7,8,0.647,10.630,551,1041,131.186,5.600,2.083,0.480,0.779
2124,43,1160.919,1047.314,34.870,1158,1041,6,13,0.444,13.153,1159,1041,98.746,6.000,2.288,0.437,0.667
2125,54,1282.630,1044.111,35.213,1276,1041,13,8,0.547,14.318,1276,1049,24.775,7.375,2.037,0.491,0.740
2126,98,1314.857,1045.786,55.355,1306,1041,15,13,0.402,15.811,1308,1041,124.695,12.200,1.330,0.752,0.705
2127,63,363.230,1047.484,49.113,354,1042,20,10,0.328,20.881,354,1045,163.301,6.434,4.014,0.249,0.597
2128,45,1084.589,1047.544,29.213,1081,1042,8,11,0.663,12.530,1081,1042,118.610,6.959,2.178,0.459,0.783
2129,111,1401.140,1048.338,49.698,1391,1042,18,12,0.565,18.682,1391,1051,15.524,11.524,1.924,0.520,0.782
2130,57,641.640,1047.728,33.799,637,1043,11,9,0.627,11.662,638,1043,149.036,9.000,1.219,0.820,0.765
2131,46,827.457,1046.109,26.971,822,1043,10,6,0.795,10.440,822,1046,163.301,6.000,1.709,0.585,0.876
2132,124,839.194,1049.331,53.941,831,1043,17,13,0.536,18.788,831,1055,25.201,12.031,1.538,0.650,0.749
2133,33,858.742,1046.500,22.142,855,1043,8,6,0.846,8.485,856,1043,135.000,6.000,1.369,0.730,0.846
2134,39,898.731,1047.705,34.385,892,1043,12,8,0.415,14.422,892,1051,33.690,6.791,2.366,0.423,0.624
2135,119,980.853,1049.441,52.184,971,1043,20,13,0.549,20.100,971,1050,5.711,10.593,2.005,0.499,0.704
2136,34,1210.118,1046.676,21.899,1207,1043,6,7,0.891,8.602,1208,1043,125.538,6.000,1.288,0.776,0.895
2137,45,454.744,1048.878,33.799,448,1044,12,8,0.495,13.416,448,1051,26.565,7.056,2.052,0.487,0.698
2138,42,678.976,1049.476,32.870,674,1044,10,9,0.488,10.817,674,1053,56.310,8.485,1.170,0.855,0.683
2139,28,1065.429,1047.429,20.971,1062,1044,7,7,0.800,8.602,1063,1044,125.538,5.400,1.739,0.575,0.789
2140,73,1077.062,1049.199,33.456,1071,1044,12,10,0.820,12.649,1071,1048,161.565,8.875,1.476,0.678,0.854
2141,48,1246.167,1047.458,26.971,1241,1044,11,6,0.829,11.402,1241,1049,15.255,6.000,2.019,0.495,0.873
2142,25,1113.420,1047.820,22.142,1109,1045,9,5,0.641,9.220,1109,1049,12.529,4.427,2.526,0.396,0.746
2143,33,1257.167,1049.652,26.627,1254,1045,6,10,0.585,10.198,1257,1055,78.690,6.000,1.867,0.536,0.710
2144,108,1421.546,1051.620,46.770,1414,1045,16,13,0.620,16.763,1414,1054,17.354,10.607,1.609,0.621,0.803
2145,37,313.257,1050.284,31.556,306,1046,12,7,0.467,12.369,306,1052,14.036,6.736,2.013,0.497,0.655
2146,35,348.329,1050.214,25.213,344,1046,8,8,0.692,8.944,346,1054,63.435,7.400,1.338,0.747,0.729
2147,45,866.767,1050.278,35.456,861,1046,12,8,0.450,12.369,861,1053,14.036,7.861,2.107,0.475,0.616
2148,85,1031.900,1053.924,47.698,1027,1046,9,17,0.469,17.117,1032,1046,96.710,9.000,1.811,0.552,0.720
2149,76,1299.816,1051.961,40.870,1293,1046,12,14,0.572,15.652,1294,1046,116.565,9.178,2.077,0.481,0.688
2150,47,1322.734,1050.904,28.627,1318,1046,10,9,0.721,11.662,1318,1055,30.964,7.071,1.712,0.584,0.803
2151,60,1338.483,1050.567,37.456,1332,1046,14,9,0.537,15.232,1332,1047,156.801,7.725,2.411,0.415,0.706
2152,117,1365.825,1053.577,55.598,1357,1046,17,15,0.476,20.518,1357,1046,133.025,10.733,2.275,0.440,0.762
2153,25,1376.180,1049.740,18.728,1374,1046,5,7,0.896,8.062,1374,1046,119.745,4.919,1.768,0.566,0.877
2154,37,400.257,1053.851,35.213,395,1047,8,12,0.375,13.038,395,1058,57.529,7.479,2.159,0.463,0.544
2155,101,536.946,1054.421,61.255,529,1047,16,13,0.338,17.088,529,1058,20.556,12.075,1.413,0.708,0.694
2156,69,583.543,1054.833,47.698,578,1047,13,13,0.381,17.692,579,1047,132.709,9.192,2.248,0.445,0.642
2157,65,908.515,1051.408,36.042,902,1047,13,9,0.629,13.153,902,1053,8.746,8.379,1.893,0.528,0.743
2158,49,968.296,1052.643,31.213,964,1047,9,11,0.632,13.038,965,1047,122.471,5.814,2.741,0.365,0.778
2159,112,999.321,1053.161,55.355,992,1047,16,13,0.459,19.416,992,1058,34.509,11.375,1.954,0.512,0.739
2160,67,1216.828,1054.291,38.627,1214,1047,7,15,0.564,15.652,1214,1062,63.435,6.957,2.686,0.372,0.770
2161,55,1384.318,1051.445,34.042,1380,1047,9,10,0.596,12.042,1380,1056,41.634,8.902,1.552,0.644,0.748
2162,42,423.405,1051.786,36.284,417,1048,13,8,0.401,14.318,417,1054,24.775,6.261,2.989,0.335,0.632
2163,29,615.776,1051.397,21.314,612,1048,7,6,0.802,9.220,612,1054,40.601,5.367,1.880,0.532,0.853
2164,30,746.267,1052.533,26.042,743,1048,6,9,0.556,9.849,745,1048,113.962,6.000,1.887,0.530,0.690
2165,58,945.431,1052.362,35.456,941,1048,10,10,0.580,11.662,941,1048,120.964,9.192,1.194,0.838,0.748
2166,25,1018.540,1051.060,26.142,1014,1048,10,6,0.460,11.180,1014,1049,153.435,5.659,2.213,0.452,0.617
2167,33,340.864,1053.439,25.799,336,1049,9,8,0.623,10.630,337,1049,131.186,6.261,2.242,0.446,0.688
2168,27,360.833,1052.870,22.971,358,1049,7,8,0.643,10.630,358,1049,131.186,5.488,2.359,0.424,0.730
2169,36,501.972,1053.778,36.385,496,1049,9,10,0.342,12.728,496,1050,135.000,7.844,1.918,0.521,0.567
2170,38,852.237,1052.000,24.385,848,1049,9,6,0.803,9.487,848,1053,18.435,6.000,1.614,0.620,0.826
2171,46,935.326,1054.065,31.213,930,1049,10,10,0.593,13.454,931,1059,48.013,6.364,2.707,0.369,0.719
2172,49,1101.194,1055.316,29.556,1098,1049,7,11,0.705,12.530,1099,1049,118.610,6.499,1.994,0.501,0.845
2173,46,925.848,1054.457,30.627,921,1050,10,9,0.616,11.402,923,1059,52.125,8.050,1.567,0.638,0.736
2174,35,1279.586,1052.471,24.971,1275,1050,9,6,0.705,9.487,1275,1050,161.565,6.000,1.606,0.623,0.805
2175,33,1290.894,1055.015,27.799,1287,1050,8,9,0.537,10.817,1288,1059,56.310,6.091,2.087,0.479,0.660
2176,72,570.028,1055.222,51.456,562,1051,16,8,0.342,16.125,562,1056,7.125,8.000,1.686,0.593,0.750
2177,31,779.403,1053.726,24.142,776,1051,7,6,0.668,8.602,776,1056,35.538,6.000,1.411,0.709,0.838
2178,37,1071.959,1054.554,22.971,1068,1051,9,6,0.881,9.487,1068,1053,161.565,6.000,1.598,0.626,0.881
2179,108,1170.824,1056.083,59.255,1161,1051,20,12,0.387,20.100,1161,1056,5.711,11.959,1.954,0.512,0.667
2180,41,1228.695,1056.354,30.385,1224,1051,9,9,0.558,11.402,1224,1059,37.875,6.658,2.084,0.480,0.701
2181,46,1240.543,1056.065,33.456,1236,1051,11,11,0.516,13.038,1236,1052,147.529,7.778,2.058,0.486,0.652
2182,43,1273.407,1056.244,28.385,1269,1051,9,9,0.671,10.000,1271,1052,126.870,7.496,1.601,0.625,0.729
2183,76,374.092,1057.579,36.870,368,1052,11,11,0.703,13.038,368,1061,32.471,10.733,1.091,0.917,0.796
2184,26,634.808,1054.154,19.314,632,1052,7,5,0.876,8.062,632,1057,29.745,5.000,1.535,0.652,0.897
2185,41,727.183,1054.744,30.385,722,1052,11,6,0.558,11.180,722,1055,169.695,6.000,1.662,0.602,0.759
2186,60,985.483,1056.000,42.284,977,1052,14,8,0.422,14.560,977,1058,15.945,8.000,1.731,0.578,0.652
2187,77,1358.591,1058.578,36.870,1354,1052,10,13,0.712,13.601,1354,1052,107.103,9.276,1.466,0.682,0.837
2188,36,704.444,1057.417,24.385,700,1053,9,7,0.761,9.487,700,1059,18.435,7.000,1.387,0.721,0.766
2189,31,1332.887,1056.371,21.799,1329,1053,8,7,0.820,8.944,1329,1059,26.565,5.657,1.688,0.592,0.805
2190,51,1350.147,1057.265,30.385,1345,1053,9,8,0.694,11.402,1345,1054,142.125,8.000,1.336,0.748,0.810
2191,88,1404.568,1059.920,42.527,1398,1053,13,15,0.611,16.553,1398,1053,115.017,9.621,1.907,0.524,0.796
2192,50,643.320,1057.260,27.799,638,1054,10,8,0.813,10.770,638,1058,21.801,7.031,1.594,0.627,0.855
2193,61,786.270,1059.352,41.698,782,1054,10,13,0.441,13.928,786,1067,68.962,9.398,1.509,0.663,0.656
2194,47,897.713,1056.777,32.385,890,1054,13,6,0.563,13.342,890,1058,12.995,6.000,2.335,0.428,0.758
2195,95,1377.195,1061.026,46.042,1372,1054,12,13,0.563,15.000,1372,1067,36.870,10.752,1.148,0.871,0.782
2196,26,336.462,1059.731,25.556,333,1055,6,9,0.500,9.849,335,1064,66.038,5.425,2.423,0.413,0.650
2197,50,484.840,1059.920,30.627,480,1055,9,11,0.670,12.806,480,1056,128.660,6.364,2.262,0.442,0.800
2198,26,715.654,1056.808,21.899,712,1055,9,4,0.681,9.487,712,1059,18.435,4.000,2.413,0.414,0.852
2199,35,1021.071,1058.529,29.799,1018,1055,8,9,0.495,11.402,1019,1064,52.125,6.725,1.838,0.544,0.700
2200,73,1110.007,1061.993,41.213,1105,1055,12,12,0.540,15.620,1105,1055,129.806,9.899,1.955,0.511,0.734
2201,28,1115.071,1058.036,22.385,1112,1055,7,7,0.702,8.602,1114,1062,54.462,6.128,1.510,0.662,0.757
2202,41,1205.524,1058.671,28.042,1201,1055,9,7,0.655,9.849,1201,1062,23.962,7.000,1.394,0.717,0.766
2203,77,1294.409,1061.968,40.870,1288,1055,12,12,0.579,13.454,1288,1064,41.987,11.245,1.139,0.878,0.730
2204,91,1319.830,1059.511,42.284,1312,1055,15,11,0.640,15.297,1312,1055,168.690,10.593,1.374,0.728,0.798
2205,51,1340.186,1059.735,36.627,1333,1055,13,8,0.478,13.038,1333,1060,175.601,8.000,1.477,0.677,0.713
2206,37,1413.878,1058.257,21.556,1410,1055,8,6,1.000,9.434,1410,1056,147.995,6.000,1.616,0.619,0.914
2207,51,348.029,1059.794,34.385,342,1056,12,7,0.542,13.000,342,1058,157.380,7.000,1.964,0.509,0.713
2208,31,383.274,1059.500,20.971,380,1056,7,7,0.886,8.062,381,1063,60.255,6.364,1.242,0.805,0.827
2209,43,411.709,1060.453,34.971,407,1056,11,8,0.442,13.038,407,1057,147.529,7.562,2.249,0.445,0.642
2210,31,558.919,1060.952,24.385,556,1056,6,9,0.655,9.055,559,1056,96.340,6.000,1.653,0.605,0.775
2211,27,794.759,1058.685,19.314,792,1056,6,6,0.910,8.485,792,1062,45.000,5.367,1.602,0.624,0.900
2212,47,940.564,1059.628,28.142,935,1056,11,6,0.746,11.180,935,1062,10.305,6.000,1.849,0.541,0.879
2213,27,1192.130,1060.204,20.971,1189,1056,6,8,0.772,8.944,1190,1064,63.435,4.950,1.721,0.581,0.806
2214,45,1266.967,1059.544,27.213,1262,1056,10,8,0.764,11.662,1262,1057,149.036,6.364,2.074,0.482,0.833
2215,44,1306.591,1060.091,26.142,1302,1056,9,7,0.809,9.899,1302,1063,45.000,7.000,1.311,0.763,0.854
2216,51,1424.167,1061.343,29.799,1419,1056,9,10,0.722,10.440,1423,1066,73.301,8.731,1.250,0.800,0.797
2217,34,861.353,1061.324,21.314,859,1057,5,8,0.941,9.434,859,1057,122.005,5.000,1.669,0.599,0.932
2218,33,663.258,1061.106,30.385,656,1058,13,6,0.449,13.601,656,1058,162.897,4.772,3.884,0.257,0.667
2219,43,813.872,1061.360,32.385,809,1058,10,7,0.515,10.770,809,1059,158.199,7.000,1.489,0.672,0.761
2220,57,957.061,1062.325,37.456,951,1058,11,9,0.511,12.530,951,1065,28.610,8.393,1.602,0.624,0.679
2221,48,1066.000,1064.083,30.627,1063,1058,7,12,0.643,12.649,1063,1058,108.435,6.864,2.126,0.470,0.793
2222,104,1079.885,1062.875,57.012,1071,1058,22,12,0.402,22.804,1071,1066,15.255,11.142,2.181,0.459,0.614
2223,60,1235.083,1063.417,39.941,1230,1058,10,11,0.473,13.454,1231,1059,131.987,8.928,1.429,0.700,0.667
2224,73,1281.212,1064.432,39.698,1275,1058,12,12,0.582,15.000,1276,1070,53.130,8.719,1.914,0.522,0.749
2225,35,824.700,1065.557,30.385,822,1059,6,12,0.476,13.000,822,1059,112.620,4.743,3.642,0.275,0.700
2226,55,968.409,1063.227,34.042,963,1059,12,8,0.596,12.369,963,1066,14.036,8.000,1.487,0.672,0.753
2227,36,981.861,1061.917,28.728,975,1059,12,5,0.548,12.369,975,1062,14.036,4.903,2.936,0.341,0.791
2228,41,1012.207,1063.524,27.799,1008,1059,8,8,0.667,10.630,1008,1066,41.186,7.766,1.267,0.789,0.774
2229,73,1174.911,1063.897,38.870,1168,1059,13,10,0.607,15.264,1168,1069,31.608,8.974,2.144,0.466,0.753
2230,58,396.172,1064.793,35.456,391,1060,10,10,0.580,11.180,394,1070,63.435,9.487,1.110,0.901,0.758
2231,54,701.426,1064.704,36.870,697,1060,11,9,0.499,12.083,697,1061,155.556,9.000,1.319,0.758,0.725
2232,49,714.112,1064.459,40.527,709,1060,11,9,0.375,11.180,710,1060,153.435,8.854,1.337,0.748,0.681
2233,82,868.146,1066.305,43.698,861,1060,14,13,0.540,16.125,861,1072,29.745,9.475,1.771,0.565,0.729
2234,29,929.121,1063.259,29.213,925,1060,9,8,0.427,10.817,925,1060,146.310,5.250,2.342,0.427,0.644
2235,63,1049.706,1067.325,44.042,1045,1060,9,16,0.408,16.492,1049,1076,75.964,8.157,1.988,0.503,0.674
2236,55,1327.300,1065.300,29.799,1323,1060,8,10,0.778,11.180,1325,1070,63.435,8.000,1.277,0.783,0.853
2237,39,595.218,1064.115,33.213,590,1061,12,9,0.444,12.649,590,1066,18.435,7.376,2.247,0.445,0.586
2238,55,1139.700,1063.518,36.971,1131,1061,15,6,0.506,15.811,1131,1062,161.565,6.000,3.104,0.322,0.775
2239,30,1185.067,1064.367,20.728,1182,1061,7,6,0.877,8.602,1182,1061,144.462,5.942,1.495,0.669,0.845
2240,56,1227.375,1066.214,30.870,1223,1061,8,11,0.738,11.180,1226,1061,100.305,8.000,1.463,0.683,0.818
2241,93,1347.070,1065.586,44.042,1338,1061,17,10,0.603,17.464,1338,1067,13.241,9.610,2.162,0.463,0.778
2242,93,1367.274,1067.091,37.456,1361,1061,12,12,0.833,13.892,1365,1061,120.256,10.847,1.400,0.714,0.853
2243,29,483.224,1066.914,25.799,480,1062,7,9,0.548,9.849,481,1062,113.962,5.778,2.090,0.478,0.674
2244,38,840.868,1069.763,32.385,837,1062,7,13,0.455,13.601,839,1075,72.897,5.491,3.221,0.310,0.710
2245,45,1120.789,1067.656,30.627,1117,1062,7,11,0.603,11.180,1120,1073,79.695,6.412,1.907,0.525,0.726
2246,25,1156.700,1063.820,24.728,1151,1062,11,4,0.514,11.402,1151,1063,164.745,3.846,3.522,0.284,0.794
2247,35,1197.443,1064.814,24.971,1193,1062,9,5,0.705,9.849,1193,1063,156.038,5.000,2.110,0.474,0.854
2248,47,1418.500,1066.074,26.971,1414,1062,8,9,0.812,12.042,1414,1062,131.634,6.957,1.807,0.554,0.870
2249,90,375.156,1070.389,46.284,368,1063,13,14,0.528,17.804,369,1077,51.843,8.692,2.393,0.418,0.766
2250,52,1217.635,1069.000,33.799,1214,1063,7,11,0.572,12.530,1214,1074,61.390,7.000,2.093,0.478,0.743
2251,120,1411.475,1070.925,44.870,1405,1063,15,13,0.749,15.524,1405,1076,14.931,13.000,1.091,0.916,0.851
2252,55,357.555,1068.682,32.042,352,1064,10,11,0.673,13.601,353,1064,126.027,7.526,2.068,0.484,0.786
2253,40,405.050,1068.250,26.385,400,1064,9,7,0.722,10.630,400,1071,41.186,7.000,1.598,0.626,0.825
2254,43,680.756,1067.081,42.284,671,1064,17,6,0.302,17.029,671,1065,176.634,6.000,2.651,0.377,0.548
2255,32,719.938,1070.094,28.385,717,1064,6,11,0.499,11.705,719,1075,70.017,5.301,2.610,0.383,0.646
2256,89,1267.680,1070.219,46.870,1262,1064,13,12,0.509,15.620,1262,1065,140.194,9.985,1.706,0.586,0.757
2257,128,996.016,1070.945,59.355,985,1065,20,12,0.457,20.248,985,1073,20.225,11.837,1.577,0.634,0.725
2258,41,1055.768,1069.988,26.971,1053,1065,6,10,0.708,10.770,1053,1075,68.199,6.000,1.974,0.507,0.804
2259,49,1100.602,1068.561,33.456,1095,1065,12,7,0.550,12.649,1095,1066,161.565,6.822,2.166,0.462,0.721
2260,87,1289.374,1072.121,38.627,1284,1065,10,14,0.733,16.125,1286,1065,119.745,9.171,1.836,0.545,0.841
2261,52,449.885,1071.962,34.042,445,1066,9,11,0.564,12.083,449,1066,114.444,8.246,1.549,0.646,0.738
2262,53,533.726,1070.462,36.627,528,1066,13,8,0.496,13.342,528,1069,167.005,7.761,1.606,0.623,0.711
2263,36,817.639,1069.333,27.213,812,1066,11,7,0.611,11.402,812,1067,164.745,6.499,1.918,0.521,0.742
2264,28,1190.107,1070.464,21.556,1187,1066,6,8,0.757,8.944,1188,1074,63.435,6.000,1.593,0.628,0.757
2265,28,435.393,1069.857,23.556,431,1067,9,5,0.634,9.849,431,1071,23.962,4.932,2.200,0.455,0.757
2266,65,491.638,1070.869,44.527,482,1067,18,10,0.412,19.698,482,1076,23.962,6.821,3.763,0.266,0.681
2267,30,603.733,1068.933,21.314,599,1067,9,4,0.830,9.220,599,1068,167.471,4.000,2.073,0.482,0.923
2268,41,739.817,1072.085,30.627,735,1067,8,9,0.549,9.849,739,1067,113.962,8.000,1.126,0.888,0.719
2269,26,1082.077,1071.000,20.142,1079,1068,6,7,0.805,7.616,1080,1068,113.199,5.578,1.378,0.726,0.812
2270,37,1140.176,1070.662,25.556,1135,1068,11,5,0.712,11.402,1135,1069,164.745,5.000,2.499,0.400,0.831
2271,49,1178.724,1071.173,33.213,1172,1068,13,7,0.558,13.928,1172,1070,158.962,5.093,3.096,0.323,0.790
2272,60,1206.417,1072.183,39.213,1199,1068,14,8,0.490,15.232,1199,1068,156.801,6.798,2.713,0.369,0.706
2273,39,601.449,1073.295,33.799,595,1069,13,7,0.429,14.765,595,1069,151.699,5.571,3.116,0.321,0.650
2274,25,688.820,1072.820,23.556,686,1069,6,9,0.566,10.296,687,1078,60.945,4.438,2.911,0.343,0.704
2275,41,702.476,1071.378,31.799,695,1069,13,5,0.510,13.601,695,1069,162.897,5.000,3.072,0.325,0.752
2276,31,846.403,1073.177,24.971,843,1069,8,8,0.625,9.434,844,1069,122.005,6.364,1.704,0.587,0.721
2277,25,873.100,1071.500,19.314,870,1069,7,5,0.842,8.602,870,1074,35.538,5.000,1.597,0.626,0.862
2278,46,962.043,1073.348,26.971,958,1069,8,9,0.795,11.402,959,1078,52.125,6.261,2.011,0.497,0.852
2279,25,1033.980,1071.220,22.142,1030,1069,8,5,0.641,8.944,1030,1074,26.565,4.439,2.286,0.437,0.758
2280,26,1073.692,1071.462,18.971,1070,1069,7,5,0.908,7.616,1070,1070,156.801,5.000,1.586,0.630,0.839
2281,32,713.906,1074.469,27.213,711,1070,7,9,0.543,9.487,711,1070,108.435,6.791,1.686,0.593,0.703
2282,47,1279.543,1073.628,26.385,1275,1070,9,8,0.848,10.296,1275,1076,29.055,7.603,1.524,0.656,0.825
2283,26,352.577,1073.615,25.799,348,1071,8,6,0.491,8.544,348,1072,159.444,6.000,1.599,0.626,0.675
2284,28,382.714,1074.321,21.556,380,1071,6,8,0.757,8.944,380,1071,116.565,6.000,1.478,0.677,0.789
2285,35,521.757,1074.157,22.971,517,1071,9,6,0.834,9.849,517,1073,156.038,5.687,1.839,0.544,0.833
2286,34,667.000,1074.853,27.213,663,1071,7,8,0.577,10.630,663,1071,131.186,6.548,1.635,0.611,0.747
2287,37,797.770,1074.365,26.971,793,1071,10,7,0.639,11.180,793,1072,153.435,6.091,2.166,0.462,0.733
2288,27,917.389,1074.833,20.485,914,1072,7,5,0.809,8.602,914,1077,35.538,4.932,1.699,0.589,0.871
2289,26,1042.885,1074.538,22.142,1039,1072,9,5,0.666,9.849,1039,1077,23.962,5.000,2.324,0.430,0.732
2290,25,1105.860,1074.820,20.971,1103,1072,7,7,0.714,8.602,1103,1078,35.538,4.950,2.047,0.488,0.758
2291,41,1138.598,1075.451,29.799,1133,1072,12,7,0.580,12.369,1133,1073,165.964,5.821,2.538,0.394,0.707
2292,27,783.611,1075.648,25.799,778,1073,10,6,0.510,11.180,778,1073,153.435,5.547,2.434,0.411,0.635
2293,26,1090.423,1075.269,18.728,1087,1073,7,5,0.932,8.062,1087,1073,150.255,5.000,1.724,0.580,0.881
