 ,Area,X,Y,Perim.,BX,BY,Width,Height,Circ.,Feret,FeretX,FeretY,FeretAngle,MinFeret,AR,Round,Solidity
1,75,1024.487,37.087,46.770,1015,33,18,9,0.431,18.111,1015,37,173.660,9.000,2.253,0.444,0.636
2,45,950.589,44.256,33.799,944,40,12,7,0.495,12.166,944,46,9.462,7.000,1.646,0.607,0.720
3,29,1180.052,46.259,27.213,1177,41,6,10,0.492,10.440,1178,41,106.699,5.657,2.018,0.496,0.637
4,49,947.929,50.847,31.213,944,47,9,9,0.632,10.817,944,47,123.690,8.433,1.260,0.794,0.766
5,26,1019.231,58.923,21.799,1016,55,7,7,0.688,9.220,1016,55,130.601,5.400,2.026,0.494,0.743
6,44,1117.500,59.795,32.042,1113,56,11,8,0.539,11.402,1113,62,15.255,7.766,1.532,0.653,0.710
7,45,1107.700,64.544,29.799,1104,60,9,9,0.637,10.000,1105,60,143.130,8.878,1.125,0.889,0.744
8,41,1024.768,67.183,28.385,1021,62,7,10,0.639,10.770,1023,72,68.199,7.000,1.548,0.646,0.752
9,25,906.660,67.780,28.385,903,65,7,7,0.390,9.220,903,71,40.601,6.364,1.591,0.629,0.667
10,55,1108.882,74.518,36.627,1102,70,13,8,0.515,14.318,1102,78,24.775,7.845,2.010,0.498,0.728
11,66,1124.485,78.015,38.870,1120,72,10,11,0.549,12.207,1120,74,145.008,9.683,1.374,0.728,0.737
12,38,1143.816,89.632,32.870,1140,84,8,10,0.442,10.817,1140,84,123.690,8.000,1.497,0.668,0.594
13,48,1134.479,91.229,36.870,1130,87,9,10,0.444,12.042,1130,96,41.634,8.798,1.534,0.652,0.667
14,34,1179.206,107.529,30.627,1174,103,9,8,0.455,9.849,1174,106,156.038,7.600,1.219,0.821,0.660
15,30,1067.267,108.800,22.385,1063,105,8,7,0.752,9.434,1063,111,32.005,4.950,2.051,0.487,0.822
16,33,1176.318,113.621,23.799,1172,110,9,7,0.732,10.630,1172,110,138.814,5.199,2.363,0.423,0.786
17,48,1191.667,114.125,34.971,1185,111,12,8,0.493,12.649,1185,115,161.565,7.906,1.728,0.579,0.662
18,27,1170.574,116.278,23.213,1166,112,8,8,0.630,10.630,1166,112,131.186,4.950,2.665,0.375,0.701
19,45,1147.300,117.656,32.284,1143,113,9,11,0.543,14.213,1143,113,129.289,6.364,2.449,0.408,0.726
20,39,1228.679,116.859,27.556,1223,114,11,6,0.645,11.180,1223,116,169.695,5.657,2.123,0.471,0.772
21,35,1044.129,121.157,34.385,1041,117,7,10,0.372,11.662,1041,127,59.036,7.000,1.732,0.577,0.648
22,46,1165.370,121.109,37.113,1159,117,11,11,0.420,12.530,1160,117,118.610,8.598,2.036,0.491,0.590
23,27,1233.981,122.056,25.556,1228,119,11,5,0.519,11.402,1228,123,15.255,4.990,2.884,0.347,0.701
24,35,1105.157,129.786,26.971,1102,126,8,9,0.605,10.296,1104,135,60.945,6.574,1.911,0.523,0.673
25,35,1172.014,129.957,27.556,1167,127,9,7,0.579,11.402,1167,127,142.125,6.499,2.004,0.499,0.761
26,38,1125.395,132.368,31.213,1119,129,11,7,0.490,11.662,1119,130,149.036,7.000,1.598,0.626,0.673
27,28,1155.571,138.214,31.456,1151,132,9,12,0.356,14.422,1152,144,56.310,3.800,5.064,0.197,0.651
28,49,1115.827,136.051,41.456,1108,133,14,8,0.358,15.652,1108,134,153.435,7.016,2.868,0.349,0.594
29,36,1232.944,142.722,32.385,1230,136,6,13,0.431,13.038,1231,136,94.399,5.432,2.557,0.391,0.643
30,36,1064.833,149.667,33.213,1060,146,11,8,0.410,11.705,1060,152,19.983,8.000,1.637,0.611,0.590
31,43,1180.035,149.593,39.698,1174,146,12,7,0.343,13.416,1174,152,26.565,7.000,1.897,0.527,0.566
32,25,1250.380,156.460,22.142,1248,152,5,9,0.641,9.220,1249,152,102.529,4.768,2.263,0.442,0.735
33,25,1184.780,158.460,28.142,1178,156,12,4,0.397,12.166,1178,159,9.462,4.000,4.316,0.232,0.667
34,30,1240.700,162.367,29.314,1238,156,4,13,0.439,13.153,1240,169,81.254,4.000,3.988,0.251,0.759
35,46,1231.109,161.826,31.456,1226,157,10,10,0.584,11.662,1228,167,59.036,7.488,1.762,0.567,0.692
36,56,1170.339,163.286,40.284,1163,158,15,10,0.434,16.155,1163,166,21.801,6.923,3.114,0.321,0.640
37,37,576.068,170.419,37.113,570,165,13,11,0.338,16.401,570,166,142.431,4.515,5.087,0.197,0.578
38,29,1202.948,168.328,28.971,1198,165,10,7,0.434,10.770,1198,170,21.801,6.800,1.969,0.508,0.592
39,45,1233.100,171.611,30.627,1229,166,8,10,0.603,10.770,1232,166,111.801,7.761,1.307,0.765,0.738
40,36,1225.056,172.528,27.213,1222,167,6,10,0.611,10.770,1223,177,68.199,6.000,2.175,0.460,0.727
41,41,1164.793,173.256,33.456,1159,168,10,10,0.460,12.207,1159,177,34.992,7.603,1.853,0.540,0.603
42,51,1170.853,176.206,34.870,1165,171,13,10,0.527,15.264,1165,181,31.608,6.183,2.849,0.351,0.703
43,25,1269.900,174.180,22.971,1266,172,8,5,0.595,9.434,1266,172,147.995,5.000,1.850,0.541,0.758
44,32,1278.312,179.250,23.556,1275,175,7,8,0.725,10.630,1275,183,48.814,5.657,2.283,0.438,0.790
45,28,1290.929,180.750,26.971,1288,176,6,8,0.484,8.944,1290,176,116.565,6.000,1.206,0.829,0.727
46,27,1284.352,180.759,19.899,1281,178,6,6,0.857,7.810,1281,179,140.194,6.000,1.206,0.829,0.871
47,39,1213.705,184.115,29.213,1209,180,8,9,0.574,11.314,1209,181,135.000,6.934,1.544,0.648,0.743
48,26,1172.577,184.846,20.728,1170,181,5,8,0.760,9.434,1170,181,122.005,4.715,2.383,0.420,0.825
49,44,1318.955,187.864,42.627,1312,182,11,10,0.304,11.705,1312,190,19.983,9.899,1.091,0.916,0.518
50,34,1298.559,190.176,34.042,1293,185,10,10,0.369,12.806,1293,187,141.340,7.488,2.153,0.464,0.548
51,37,1103.311,190.851,27.213,1099,186,9,9,0.628,10.817,1099,195,33.690,6.326,2.135,0.468,0.740
52,28,1215.929,194.643,22.971,1213,190,6,9,0.667,9.487,1215,190,108.435,4.945,2.241,0.446,0.737
53,27,1255.833,193.130,22.142,1253,190,8,6,0.692,8.944,1253,196,26.565,5.814,1.437,0.696,0.771
54,36,1281.250,194.194,25.213,1277,191,9,7,0.712,9.849,1277,196,23.962,6.548,1.863,0.537,0.742
55,26,1145.731,197.538,20.485,1144,193,4,8,0.779,8.944,1144,193,116.565,4.000,2.163,0.462,0.929
56,31,826.565,197.210,26.142,821,194,11,5,0.570,11.705,821,195,160.017,4.851,3.020,0.331,0.756
57,28,1306.964,197.107,22.971,1303,194,8,6,0.667,8.602,1304,194,144.462,5.821,1.612,0.620,0.737
58,27,883.056,198.537,22.971,880,195,7,7,0.643,8.602,881,202,54.462,6.668,1.520,0.658,0.692
59,96,1294.396,202.542,54.284,1288,195,12,13,0.409,15.811,1291,195,124.695,12.000,1.280,0.782,0.730
60,78,1254.359,200.346,55.941,1247,196,15,12,0.313,16.401,1249,207,37.569,11.907,1.757,0.569,0.595
61,29,1102.707,200.741,25.799,1099,197,9,7,0.548,10.296,1099,204,29.055,6.102,1.563,0.640,0.690
62,35,1313.986,203.243,24.728,1311,199,6,9,0.719,9.849,1312,199,113.962,6.000,1.676,0.597,0.787
63,30,1321.467,202.933,23.799,1318,199,7,8,0.666,8.944,1318,199,116.565,6.864,1.278,0.783,0.706
64,43,445.733,204.942,40.627,442,200,7,11,0.327,12.083,443,200,114.444,7.000,1.675,0.597,0.652
65,65,872.331,205.531,49.213,864,201,18,8,0.337,18.682,864,204,164.476,6.698,3.662,0.273,0.660
66,115,1213.691,212.022,62.426,1205,202,16,17,0.371,20.616,1205,216,39.094,13.035,1.685,0.594,0.627
67,52,741.250,207.750,29.799,736,203,10,9,0.736,10.770,736,210,21.801,8.433,1.172,0.853,0.794
68,80,923.788,210.325,50.527,916,203,15,12,0.394,15.620,920,203,129.806,10.912,1.444,0.692,0.667
69,30,858.400,206.100,23.314,853,204,10,4,0.694,10.440,853,205,163.301,4.000,2.737,0.365,0.857
70,37,1332.500,207.986,38.870,1327,204,11,9,0.308,11.705,1327,207,160.017,8.974,1.847,0.542,0.481
71,33,1242.015,209.439,28.042,1237,206,10,7,0.527,11.180,1237,206,153.435,5.907,2.446,0.409,0.667
72,31,751.081,210.726,30.971,746,207,11,7,0.406,11.705,746,212,19.983,6.517,2.377,0.421,0.569
73,30,959.400,209.800,30.385,953,207,12,7,0.408,12.369,953,208,165.964,5.749,3.285,0.304,0.561
74,27,1322.907,209.870,26.142,1317,207,9,6,0.496,9.849,1317,211,23.962,6.000,1.851,0.540,0.675
75,26,1222.462,212.269,24.385,1220,208,5,9,0.549,9.220,1222,208,102.529,4.603,2.410,0.415,0.712
76,48,1283.562,214.375,41.698,1278,208,10,13,0.347,14.422,1279,208,123.690,6.708,2.674,0.374,0.608
77,59,1276.551,216.229,38.042,1272,209,10,12,0.512,13.416,1275,209,116.565,9.010,1.723,0.580,0.728
78,57,727.991,213.307,37.556,720,210,16,6,0.508,16.763,720,216,17.354,5.578,3.803,0.263,0.792
79,96,690.677,216.688,48.527,684,211,15,10,0.512,15.524,684,215,165.069,10.000,1.543,0.648,0.814
80,83,949.211,215.898,38.627,943,211,13,10,0.699,14.866,944,211,137.726,8.497,1.915,0.522,0.834
81,25,1059.180,214.780,23.314,1056,211,8,6,0.578,9.434,1056,211,147.995,5.547,2.041,0.490,0.725
82,33,936.409,215.136,24.728,931,213,11,4,0.678,11.705,931,213,160.017,4.000,3.234,0.309,0.880
83,49,1331.378,219.908,38.870,1326,214,10,10,0.408,11.402,1327,223,52.125,9.610,1.336,0.748,0.690
84,99,965.652,221.177,51.698,956,215,20,12,0.465,21.190,956,220,160.710,8.222,2.857,0.350,0.739
85,101,1210.183,223.530,45.113,1204,217,15,13,0.624,17.205,1205,217,144.462,10.817,1.567,0.638,0.771
86,32,1234.625,220.781,22.385,1231,217,8,7,0.803,8.544,1231,223,20.556,6.641,1.360,0.736,0.800
87,61,945.664,223.434,30.385,941,218,9,10,0.830,12.207,942,218,124.992,8.321,1.533,0.652,0.871
88,58,1010.586,227.431,41.698,1004,221,12,12,0.419,13.892,1004,224,149.744,9.192,1.972,0.507,0.617
89,81,692.438,226.031,49.113,682,222,20,9,0.422,20.100,682,226,5.711,8.569,2.164,0.462,0.681
90,117,761.030,238.722,69.556,758,223,5,32,0.304,32.140,760,223,95.356,5.000,7.915,0.126,0.863
91,27,1052.167,226.685,23.213,1048,223,8,8,0.630,10.630,1048,223,131.186,4.243,3.102,0.322,0.771
92,40,982.925,227.300,29.799,977,224,11,6,0.566,11.705,977,225,160.017,6.000,2.323,0.430,0.721
93,35,1274.243,228.357,27.213,1270,224,9,8,0.594,10.000,1273,224,126.870,7.071,1.480,0.676,0.753
94,51,798.578,230.167,26.971,795,225,7,10,0.881,10.770,797,225,111.801,6.957,1.609,0.621,0.887
95,69,705.399,230.196,48.042,697,226,19,8,0.376,20.248,697,233,20.225,5.883,4.565,0.219,0.719
96,42,1337.762,231.429,36.042,1333,226,11,10,0.406,12.806,1336,226,128.660,7.653,2.118,0.472,0.627
97,98,1435.480,235.714,48.142,1432,226,6,20,0.531,20.396,1434,246,78.690,6.000,3.620,0.276,0.887
98,35,1215.843,231.786,28.971,1212,228,7,9,0.524,10.000,1212,229,126.870,7.000,1.149,0.870,0.707
99,32,1131.906,232.344,22.627,1128,229,8,7,0.785,8.246,1128,231,165.964,6.791,1.324,0.755,0.771
100,25,1268.580,234.580,21.556,1266,231,6,8,0.676,8.944,1267,239,63.435,4.919,2.384,0.419,0.725
101,87,1363.190,235.443,57.355,1355,231,18,12,0.332,18.439,1355,232,167.471,11.508,1.540,0.650,0.608
102,30,686.667,236.133,22.971,683,232,7,8,0.714,8.544,685,240,69.444,6.261,1.418,0.705,0.732
103,25,1274.020,235.620,20.971,1271,232,7,7,0.714,9.220,1271,239,40.601,4.715,2.144,0.466,0.758
104,56,678.536,239.589,39.698,674,233,10,11,0.447,12.083,674,244,65.556,10.000,1.174,0.852,0.679
105,117,1023.936,242.979,57.355,1013,237,22,13,0.447,23.770,1013,240,157.751,8.193,3.311,0.302,0.783
106,31,1258.661,241.500,23.556,1256,237,5,9,0.702,10.296,1256,246,60.945,5.000,2.177,0.459,0.827
107,52,1318.750,241.135,45.113,1310,237,17,7,0.321,17.720,1310,239,163.610,7.000,3.234,0.309,0.556
108,30,1219.233,241.600,20.142,1216,238,6,7,0.929,8.602,1217,238,125.538,5.657,1.533,0.652,0.882
109,41,1372.159,241.037,32.627,1366,238,13,6,0.484,13.601,1366,243,17.103,5.853,2.771,0.361,0.667
110,25,1399.940,240.820,18.971,1396,238,7,6,0.873,7.280,1396,240,164.055,5.814,1.246,0.802,0.806
111,27,1138.796,242.796,24.385,1135,239,8,8,0.571,11.314,1135,239,135.000,4.802,2.953,0.339,0.667
112,34,651.706,243.088,35.799,645,240,15,6,0.333,15.297,645,244,11.310,4.603,4.847,0.206,0.607
113,36,668.667,245.139,27.213,665,242,9,7,0.611,9.487,665,243,161.565,6.871,1.535,0.652,0.750
114,27,1215.093,245.722,20.971,1212,242,6,7,0.772,8.062,1213,242,119.745,6.000,1.352,0.740,0.806
115,25,1344.380,246.380,21.556,1341,243,7,6,0.676,8.485,1342,243,135.000,5.578,1.864,0.537,0.758
116,28,1381.286,249.464,28.728,1379,244,5,11,0.426,12.083,1379,255,65.556,5.000,2.072,0.483,0.683
117,31,641.758,251.629,23.899,639,247,6,8,0.682,9.434,640,247,122.005,6.000,1.833,0.546,0.795
118,51,655.716,252.618,45.113,647,247,18,11,0.315,19.416,648,258,34.509,4.267,6.137,0.163,0.662
119,91,803.390,253.863,36.627,798,247,10,13,0.852,13.601,802,247,107.103,10.000,1.301,0.769,0.879
120,29,1284.328,249.879,22.971,1280,247,8,6,0.691,8.544,1280,250,20.556,6.000,1.385,0.722,0.806
121,51,1358.676,252.245,40.042,1352,248,14,8,0.400,14.318,1352,254,12.095,6.868,2.454,0.407,0.626
122,42,1323.500,253.214,32.284,1320,249,7,10,0.506,10.770,1321,249,111.801,7.000,1.605,0.623,0.712
123,68,1056.853,258.544,44.284,1051,250,10,15,0.436,15.524,1056,250,104.931,9.839,1.461,0.684,0.735
124,35,1193.271,255.671,27.556,1191,250,5,11,0.579,11.402,1192,250,105.255,4.768,2.845,0.352,0.761
125,51,1277.775,254.363,37.698,1272,250,11,9,0.451,13.038,1272,251,147.529,7.653,1.643,0.609,0.734
126,30,1369.000,254.633,24.971,1366,250,6,8,0.605,8.944,1367,250,116.565,6.000,1.665,0.601,0.741
127,42,1375.810,254.786,32.627,1373,250,7,10,0.496,11.662,1373,250,120.964,7.000,1.746,0.573,0.718
128,37,1048.014,255.068,28.042,1043,252,10,7,0.591,10.198,1043,256,11.310,7.000,1.608,0.622,0.718
129,38,762.000,261.605,29.314,760,256,4,12,0.556,12.649,760,268,71.565,4.000,3.345,0.299,0.854
130,41,1339.305,259.573,30.627,1335,256,11,8,0.549,12.530,1335,263,28.610,6.466,2.260,0.442,0.689
131,43,1352.128,259.244,31.799,1346,256,11,7,0.534,12.530,1346,262,28.610,6.641,2.205,0.453,0.754
132,42,1064.190,262.024,26.385,1061,257,7,10,0.758,10.050,1063,257,95.711,6.472,1.546,0.647,0.808
133,41,1261.183,265.744,36.627,1258,259,8,13,0.384,13.928,1259,259,111.038,6.993,2.637,0.379,0.582
134,32,1331.344,265.875,26.142,1329,261,5,11,0.588,11.180,1330,272,79.695,5.000,2.867,0.349,0.762
135,55,1070.118,267.136,32.284,1065,262,10,11,0.663,12.083,1068,262,114.444,8.485,1.261,0.793,0.759
136,41,1164.720,267.549,39.698,1159,263,12,10,0.327,14.422,1159,271,33.690,9.153,1.467,0.682,0.509
137,35,1386.900,269.671,32.042,1383,265,7,10,0.428,12.207,1383,265,124.992,6.864,1.795,0.557,0.648
138,29,605.948,271.741,24.385,603,268,6,7,0.613,8.602,603,275,54.462,6.000,1.275,0.784,0.773
139,56,1299.375,275.214,40.527,1293,270,12,11,0.428,13.892,1293,270,149.744,10.118,1.636,0.611,0.622
140,30,1289.600,274.800,23.556,1286,271,7,8,0.679,9.434,1288,271,122.005,6.499,1.740,0.575,0.732
141,42,556.024,277.024,36.627,552,272,9,9,0.393,12.728,552,281,45.000,8.310,1.566,0.639,0.627
142,49,1162.541,277.173,34.870,1158,272,10,10,0.506,11.662,1158,281,30.964,9.758,1.169,0.856,0.667
143,28,1398.179,274.464,23.899,1393,272,9,5,0.616,9.849,1393,276,23.962,5.000,2.414,0.414,0.778
144,50,1345.420,276.000,32.627,1339,273,11,7,0.590,13.038,1339,273,147.529,7.000,1.809,0.553,0.800
145,38,1281.316,280.158,34.042,1278,274,8,10,0.412,11.180,1278,284,63.435,8.000,1.501,0.666,0.598
146,25,1180.020,278.460,23.899,1176,277,10,4,0.550,10.440,1176,281,16.699,4.000,3.188,0.314,0.794
147,26,1389.885,282.731,24.385,1385,279,9,7,0.549,11.402,1385,286,37.875,4.481,3.410,0.293,0.684
148,60,1099.900,285.067,37.456,1095,280,9,11,0.537,12.806,1096,290,51.340,8.654,1.671,0.598,0.759
149,83,1435.380,287.898,39.899,1432,280,6,16,0.655,16.763,1433,296,72.646,6.000,2.954,0.339,0.933
150,77,650.071,285.513,31.799,645,281,11,9,0.957,12.207,645,282,145.008,9.000,1.319,0.758,0.928
151,30,1093.067,283.800,20.728,1089,281,7,6,0.877,7.616,1089,284,23.199,6.000,1.105,0.905,0.882
152,30,1289.500,287.233,26.728,1288,282,4,11,0.528,11.402,1288,293,74.745,4.000,3.046,0.328,0.822
153,44,1160.636,288.545,34.042,1157,284,8,11,0.477,12.083,1159,295,65.556,7.428,1.908,0.524,0.715
154,36,1338.111,288.917,28.385,1334,284,7,9,0.561,10.000,1335,292,53.130,7.000,1.371,0.729,0.735
155,38,1302.395,290.105,28.627,1298,285,9,9,0.583,12.728,1298,285,135.000,5.622,2.739,0.365,0.760
156,82,992.707,296.512,44.728,989,286,6,19,0.515,19.416,990,305,78.111,6.000,3.942,0.254,0.859
157,30,1266.133,290.000,22.971,1263,286,7,7,0.714,8.602,1263,287,144.462,6.200,1.542,0.648,0.759
158,63,1106.563,291.802,39.113,1100,287,13,9,0.518,13.342,1100,293,12.995,8.538,1.744,0.573,0.746
159,25,1251.180,289.820,18.728,1248,287,7,5,0.896,8.602,1248,287,144.462,4.743,1.930,0.518,0.877
160,44,1346.045,290.909,34.042,1342,287,10,9,0.477,10.770,1342,288,158.199,8.728,1.270,0.788,0.677
161,34,591.676,293.471,31.456,586,288,11,10,0.432,14.213,586,297,39.289,4.178,4.619,0.216,0.667
162,53,1165.802,295.387,44.627,1160,288,10,12,0.334,15.000,1160,300,53.130,10.000,1.564,0.639,0.576
163,47,1402.840,292.117,30.627,1397,288,11,8,0.630,11.705,1397,293,19.983,7.276,1.712,0.584,0.752
164,68,1299.971,300.221,51.598,1295,292,11,16,0.321,17.088,1298,292,110.556,9.947,2.158,0.463,0.586
165,108,1116.657,299.806,55.941,1107,295,18,12,0.434,18.111,1107,298,6.340,11.879,1.395,0.717,0.774
166,61,1192.090,303.762,45.213,1185,295,11,15,0.375,16.643,1185,309,57.265,8.805,2.073,0.482,0.595
167,62,578.855,301.839,50.426,572,296,14,12,0.306,15.232,572,304,23.199,10.151,1.556,0.643,0.559
168,26,1234.269,299.000,17.556,1231,296,6,6,1.000,6.708,1233,296,116.565,5.814,1.121,0.892,0.867
169,44,1435.682,301.545,26.728,1432,297,6,10,0.774,10.770,1434,297,111.801,6.000,1.937,0.516,0.898
170,37,1356.527,303.743,31.213,1353,298,7,11,0.477,12.530,1354,298,118.610,5.199,3.060,0.327,0.705
171,27,1184.352,302.056,24.971,1180,299,8,8,0.544,10.000,1181,299,126.870,4.950,2.458,0.407,0.684
172,35,1375.300,301.986,26.142,1370,299,11,5,0.644,11.402,1370,301,164.745,5.000,2.404,0.416,0.814
173,94,1126.840,308.436,46.527,1120,300,13,15,0.546,15.297,1126,300,101.310,11.869,1.225,0.816,0.726
174,142,982.155,309.718,53.598,973,302,17,16,0.621,18.028,973,312,19.440,13.316,1.421,0.704,0.798
175,42,1385.143,309.143,30.870,1381,304,9,9,0.554,11.402,1382,304,127.875,7.778,1.521,0.658,0.730
176,27,571.611,308.981,21.799,569,305,6,8,0.714,8.246,570,313,75.964,6.000,1.401,0.714,0.771
177,63,1373.183,307.786,38.042,1365,305,16,6,0.547,16.125,1365,307,172.875,6.000,2.736,0.365,0.768
178,34,1239.059,309.706,28.385,1234,307,9,6,0.530,9.220,1234,308,167.471,6.000,1.346,0.743,0.756
179,40,1435.625,312.675,26.142,1432,308,6,9,0.736,9.849,1434,308,113.962,6.000,1.600,0.625,0.851
180,32,1204.781,313.844,26.728,1200,309,8,8,0.563,11.314,1200,317,45.000,6.658,2.055,0.487,0.696
181,32,1174.031,314.375,23.799,1171,310,7,8,0.710,8.602,1173,310,125.538,6.261,1.514,0.660,0.790
182,42,1333.571,313.214,32.627,1327,310,13,7,0.496,13.928,1327,317,21.038,5.336,3.199,0.313,0.730
183,42,564.143,316.238,29.456,560,312,9,9,0.608,11.402,560,320,37.875,7.071,1.813,0.551,0.757
184,149,1138.768,320.305,63.497,1129,312,20,17,0.464,22.361,1129,316,153.435,11.314,2.302,0.434,0.760
185,25,1312.260,316.660,28.971,1308,312,7,10,0.374,10.198,1312,322,78.690,6.325,2.064,0.484,0.526
186,55,1368.791,316.482,37.698,1364,312,10,10,0.486,14.142,1364,322,45.000,7.717,1.892,0.529,0.743
187,31,1318.629,322.694,27.799,1316,317,6,11,0.504,11.705,1317,317,109.983,4.670,3.165,0.316,0.705
188,78,1435.205,324.590,43.799,1431,317,7,16,0.511,16.763,1433,317,107.354,7.000,2.454,0.407,0.821
189,26,1378.154,321.038,23.556,1375,318,6,8,0.589,8.944,1375,318,116.565,6.000,1.460,0.685,0.732
190,75,1181.487,325.847,49.355,1173,319,15,12,0.387,18.601,1173,319,143.746,8.944,2.348,0.426,0.670
191,70,553.614,326.543,43.355,546,321,15,13,0.468,18.601,546,333,36.254,7.071,3.057,0.327,0.737
192,33,1226.045,326.227,28.971,1222,322,8,9,0.494,10.817,1222,331,56.310,7.056,1.615,0.619,0.673
193,25,1232.780,326.780,22.142,1231,323,5,9,0.641,9.220,1232,332,77.471,5.000,2.170,0.461,0.758
194,87,757.236,333.201,42.728,754,324,6,18,0.599,18.439,756,342,77.471,6.000,3.223,0.310,0.902
195,111,764.644,336.167,48.627,761,325,9,20,0.590,20.396,762,325,101.310,9.000,2.185,0.458,0.864
196,130,1152.300,333.162,57.255,1143,325,17,17,0.498,18.385,1143,330,157.620,12.021,1.477,0.677,0.747
197,51,1001.441,328.951,27.899,997,326,9,6,0.823,10.817,997,326,146.310,6.000,1.564,0.639,0.953
198,58,1336.172,334.121,41.456,1330,328,11,13,0.424,14.318,1335,328,114.775,9.475,2.092,0.478,0.607
199,28,1311.643,334.679,30.627,1309,329,6,11,0.375,11.402,1310,329,105.255,5.821,2.224,0.450,0.609
200,50,1328.300,334.700,33.698,1323,329,11,11,0.553,14.213,1323,329,140.711,6.364,2.800,0.357,0.730
201,80,991.388,338.350,42.142,985,330,11,13,0.566,16.401,985,343,52.431,10.525,1.656,0.604,0.751
202,78,709.231,337.679,35.213,705,331,9,13,0.790,13.342,708,331,102.995,8.222,1.739,0.575,0.852
203,140,1095.157,336.750,57.213,1086,331,18,11,0.537,20.125,1086,332,153.435,11.000,1.710,0.585,0.838
204,26,1381.769,334.808,19.556,1378,332,7,5,0.854,7.616,1378,336,23.199,5.000,1.580,0.633,0.852
205,93,1003.758,338.683,48.971,996,333,19,9,0.487,19.698,997,333,156.038,9.000,2.741,0.365,0.738
206,103,1073.461,335.490,52.142,1062,333,23,5,0.476,23.537,1062,338,12.265,5.000,4.729,0.211,0.945
207,104,536.837,344.346,60.912,528,334,20,20,0.352,26.907,528,353,41.987,7.778,4.903,0.204,0.693
208,42,1414.405,339.310,34.627,1411,334,8,10,0.440,11.180,1413,334,116.565,7.727,1.662,0.602,0.618
209,28,1369.321,339.143,24.142,1366,335,6,9,0.604,10.296,1367,344,60.945,4.919,2.639,0.379,0.737
210,32,1355.844,340.219,30.627,1352,337,9,9,0.429,12.728,1352,346,45.000,6.833,2.274,0.440,0.634
211,93,1078.113,340.823,49.899,1068,338,21,6,0.469,21.840,1068,344,15.945,5.481,4.688,0.213,0.873
212,80,1162.562,345.500,44.527,1157,338,12,15,0.507,17.692,1157,338,132.709,7.184,3.007,0.333,0.758
213,86,974.326,341.430,44.485,965,339,19,5,0.546,19.647,965,344,14.744,5.000,3.951,0.253,0.950
214,84,1342.417,346.976,57.355,1333,339,17,13,0.321,17.464,1333,349,23.629,11.877,1.947,0.514,0.540
215,127,960.697,345.209,58.971,952,340,19,10,0.459,20.616,952,341,157.166,10.000,1.915,0.522,0.791
216,44,1011.045,344.636,27.314,1006,342,11,5,0.741,11.705,1006,347,19.983,5.000,2.405,0.416,0.889
217,142,750.183,350.542,66.142,736,343,24,11,0.408,26.401,736,354,24.624,11.000,3.180,0.314,0.732
218,48,1000.396,345.812,25.314,996,343,9,6,0.941,10.296,996,348,29.055,6.000,1.552,0.644,0.950
219,47,1222.436,348.096,28.142,1219,343,7,10,0.746,11.180,1220,343,116.565,6.456,1.962,0.510,0.825
220,30,1278.333,347.767,29.799,1275,343,8,9,0.425,10.000,1275,343,143.130,7.603,1.429,0.700,0.588
221,101,983.619,346.500,53.314,972,344,23,5,0.447,23.537,972,349,12.265,5.000,4.979,0.201,0.910
222,27,1379.241,345.648,22.485,1374,344,9,4,0.671,9.849,1374,344,156.038,4.000,2.479,0.403,0.900
223,40,1384.500,350.975,37.799,1379,344,10,11,0.352,12.530,1381,355,61.390,9.545,1.524,0.656,0.523
224,31,1410.500,347.016,26.971,1405,344,11,6,0.536,12.083,1405,344,155.556,4.802,3.180,0.314,0.713
225,42,1214.595,349.119,29.213,1211,345,7,9,0.618,10.000,1211,346,126.870,7.000,1.213,0.825,0.764
226,56,766.179,350.339,30.142,761,346,11,7,0.775,11.705,761,349,160.017,7.000,1.844,0.542,0.882
227,55,1301.209,349.736,36.870,1294,346,15,7,0.508,15.297,1294,351,11.310,6.306,2.948,0.339,0.719
228,44,1397.636,349.023,32.385,1393,346,10,8,0.527,12.207,1393,353,34.992,7.442,1.864,0.537,0.715
229,38,1408.000,352.553,26.728,1405,347,6,10,0.668,11.662,1405,347,120.964,5.571,2.312,0.432,0.817
230,77,913.578,350.162,43.071,905,348,18,5,0.522,18.682,905,353,15.524,5.000,4.189,0.239,0.922
231,31,1366.532,352.016,21.556,1364,348,6,8,0.838,8.246,1366,348,104.036,6.000,1.461,0.684,0.816
232,25,1420.140,350.300,19.556,1416,348,8,5,0.821,8.246,1416,351,14.036,4.851,1.831,0.546,0.806
233,54,898.407,351.463,29.071,893,349,11,5,0.803,12.083,893,354,24.444,5.000,2.192,0.456,0.991
234,150,862.140,352.813,76.142,844,350,35,6,0.325,35.228,844,354,6.520,5.396,7.680,0.130,0.852
235,32,1401.938,354.125,22.142,1398,351,8,6,0.820,9.434,1398,352,147.995,5.821,1.682,0.595,0.842
236,29,474.845,359.362,29.213,472,353,6,11,0.427,11.180,473,353,100.305,5.853,2.176,0.460,0.630
237,34,1225.441,356.588,27.213,1220,353,10,7,0.577,10.198,1220,357,168.690,6.822,1.666,0.600,0.667
238,25,1335.580,355.940,24.385,1332,353,7,6,0.528,8.062,1332,353,150.255,6.000,1.043,0.959,0.676
239,71,1416.951,358.514,43.213,1412,354,12,11,0.478,13.454,1414,364,41.987,11.000,1.117,0.895,0.686
240,34,1396.059,359.088,25.799,1391,356,9,6,0.642,9.220,1391,359,167.471,6.000,1.556,0.643,0.791
241,61,540.959,359.221,36.728,534,357,15,6,0.568,15.811,534,363,18.435,6.000,3.356,0.298,0.819
242,39,1385.936,363.372,27.799,1383,358,7,10,0.634,11.180,1384,368,63.435,6.181,2.124,0.471,0.729
243,28,1409.536,361.214,20.385,1406,358,7,6,0.847,8.062,1406,360,150.255,5.657,1.455,0.687,0.836
244,53,1425.198,363.557,36.870,1421,359,9,11,0.490,12.207,1423,370,55.008,9.000,1.257,0.796,0.679
245,103,994.335,373.112,59.213,991,362,9,22,0.369,22.361,991,384,79.695,9.000,2.698,0.371,0.682
246,29,1237.259,367.293,23.213,1234,363,7,8,0.676,8.544,1235,371,69.444,6.499,1.479,0.676,0.734
247,38,1366.368,366.158,27.799,1361,363,10,7,0.618,10.440,1361,365,163.301,7.000,1.482,0.675,0.731
248,44,1397.773,366.091,36.042,1391,363,13,6,0.426,13.928,1391,368,21.038,5.572,2.944,0.340,0.698
249,39,1417.141,369.910,32.627,1411,366,10,10,0.460,12.042,1411,367,131.634,7.593,1.846,0.542,0.569
250,41,530.549,374.012,33.899,529,367,3,15,0.448,15.133,529,367,97.595,3.000,4.891,0.204,0.943
251,46,501.630,374.913,36.870,496,369,12,11,0.425,15.556,497,380,45.000,6.410,3.102,0.322,0.626
252,41,1321.427,376.378,34.971,1318,369,8,12,0.421,13.601,1318,369,126.027,7.400,2.350,0.426,0.621
253,30,1384.167,372.100,27.213,1379,369,9,6,0.509,10.296,1379,375,29.055,6.000,2.068,0.483,0.659
254,32,535.531,377.000,30.485,534,370,3,14,0.433,14.142,535,370,98.130,3.000,4.598,0.217,0.877
255,32,759.094,374.812,23.314,757,370,4,10,0.740,10.198,758,370,101.310,4.000,2.457,0.407,0.889
256,40,1426.100,375.500,28.971,1421,372,10,7,0.599,11.402,1422,372,142.125,6.450,2.061,0.485,0.714
257,36,1356.111,377.972,34.627,1352,374,7,10,0.377,11.180,1352,374,116.565,7.000,1.579,0.633,0.649
258,30,1393.967,378.633,22.385,1390,375,8,7,0.752,10.630,1390,375,138.814,4.685,2.661,0.376,0.811
259,55,1386.591,381.264,33.799,1382,376,8,10,0.605,10.817,1383,377,123.690,8.000,1.140,0.877,0.803
260,33,1296.470,383.742,29.799,1294,377,5,12,0.467,12.649,1295,377,108.435,5.000,2.888,0.346,0.710
261,29,1303.397,379.500,24.385,1299,377,10,6,0.613,11.180,1299,382,26.565,5.310,2.479,0.403,0.734
262,44,693.091,382.136,23.899,690,378,6,8,0.968,10.000,690,386,53.130,6.000,1.395,0.717,0.967
263,84,1434.357,385.083,37.556,1428,379,10,12,0.748,13.454,1428,382,138.013,10.000,1.435,0.697,0.853
264,58,1290.017,391.638,38.627,1285,384,11,13,0.488,14.318,1289,384,114.775,8.773,1.948,0.513,0.627
265,46,537.065,393.043,39.314,535,385,4,18,0.374,18.111,536,385,96.340,4.000,5.720,0.175,0.780
266,123,992.874,398.931,64.971,989,385,7,29,0.366,29.155,991,385,95.906,7.000,5.131,0.195,0.791
267,50,1353.620,390.960,32.042,1350,385,8,11,0.612,11.180,1352,385,100.305,7.778,1.303,0.767,0.781
268,33,1345.652,390.439,22.971,1343,386,6,9,0.786,9.487,1344,395,71.565,6.000,1.591,0.628,0.815
269,90,1378.900,395.189,51.598,1373,388,12,14,0.425,15.811,1374,388,124.695,11.885,1.370,0.730,0.714
270,44,743.091,394.250,24.385,739,390,8,8,0.930,9.434,739,397,32.005,7.071,1.429,0.700,0.880
271,65,896.408,394.669,28.971,892,390,9,9,0.973,11.402,892,391,142.125,8.875,1.289,0.776,0.915
272,34,1261.529,394.500,25.799,1257,391,9,8,0.642,12.042,1257,391,138.366,5.270,2.838,0.352,0.747
273,28,1271.500,394.750,22.142,1267,392,9,5,0.718,9.487,1267,393,161.565,4.707,2.140,0.467,0.800
274,50,1406.120,395.120,35.799,1400,392,14,7,0.490,14.866,1400,397,19.654,6.247,3.118,0.321,0.714
275,115,1434.761,400.961,50.042,1429,392,10,18,0.577,18.682,1433,392,105.524,9.597,2.426,0.412,0.782
276,64,484.328,402.969,36.284,479,396,10,13,0.611,15.264,481,409,58.392,7.717,2.235,0.447,0.771
277,51,1342.402,401.500,35.456,1337,396,11,11,0.510,13.454,1338,396,138.013,7.426,2.275,0.439,0.658
278,54,1366.741,399.241,38.971,1359,396,15,6,0.447,16.155,1359,396,158.199,5.096,4.009,0.249,0.761
279,26,1393.962,399.423,20.142,1391,396,6,6,0.805,7.211,1393,396,123.690,6.000,1.194,0.837,0.839
280,32,1355.812,402.656,31.799,1352,397,9,9,0.398,10.296,1355,397,119.055,7.814,1.364,0.733,0.557
281,48,1421.125,401.229,35.698,1416,397,12,10,0.473,13.892,1416,406,30.256,6.626,2.774,0.360,0.676
282,39,1275.449,403.731,37.698,1271,398,10,10,0.345,13.454,1271,398,131.987,8.043,1.841,0.543,0.578
283,89,1207.781,406.163,46.527,1202,399,12,15,0.517,15.133,1206,399,97.595,12.000,1.280,0.781,0.712
284,37,1260.095,401.959,32.971,1254,399,12,5,0.428,13.000,1254,399,157.380,4.859,3.188,0.314,0.718
285,46,491.609,405.826,30.627,487,400,9,11,0.616,13.601,487,411,53.973,5.824,2.792,0.358,0.786
286,39,1426.500,405.218,27.799,1422,401,8,9,0.634,10.000,1422,403,143.130,7.845,1.448,0.691,0.750
287,28,1363.036,407.321,25.556,1359,402,7,9,0.539,9.487,1361,411,71.565,6.379,1.603,0.624,0.659
288,49,1372.153,405.949,30.385,1367,402,10,7,0.667,10.817,1367,408,33.690,6.647,1.752,0.571,0.810
289,69,813.732,412.283,30.627,809,407,9,11,0.924,11.402,812,407,105.255,8.497,1.361,0.735,0.885
290,32,477.781,413.125,26.627,474,408,8,10,0.567,11.180,474,418,63.435,5.458,2.658,0.376,0.736
291,65,998.777,419.208,46.142,997,408,4,21,0.384,21.095,998,408,95.440,4.000,5.324,0.188,0.878
292,89,1344.197,413.646,45.698,1336,408,17,12,0.536,18.788,1336,411,154.799,9.839,2.091,0.478,0.739
293,40,1261.400,413.950,36.284,1256,409,11,10,0.382,12.207,1259,409,124.992,7.071,2.121,0.471,0.571
294,66,1373.803,413.712,51.598,1365,410,17,8,0.312,18.028,1365,412,160.560,8.000,2.388,0.419,0.595
295,84,1434.929,417.095,40.627,1431,410,8,14,0.640,15.232,1432,410,113.199,8.000,1.910,0.524,0.828
296,30,485.700,416.633,24.385,482,412,7,9,0.634,11.402,482,421,52.125,4.685,3.128,0.320,0.759
297,54,1213.000,416.481,28.042,1208,412,9,10,0.863,10.198,1211,412,101.310,8.321,1.281,0.781,0.831
298,30,1358.000,416.200,22.971,1354,413,8,7,0.714,10.000,1354,419,36.870,4.950,2.231,0.448,0.779
299,48,1419.354,417.208,38.284,1416,413,10,11,0.412,13.601,1417,424,53.973,8.843,1.688,0.592,0.653
300,58,1246.000,417.966,40.284,1241,414,11,8,0.449,11.402,1241,415,164.745,8.000,1.210,0.827,0.779
301,65,993.438,424.377,38.728,991,415,5,17,0.545,17.117,993,415,96.710,5.000,3.231,0.310,0.890
302,34,1362.765,419.441,36.870,1358,416,10,9,0.314,12.207,1358,423,34.992,6.364,2.021,0.495,0.586
303,36,1424.778,420.694,29.213,1421,416,7,10,0.530,10.440,1425,426,73.301,7.000,1.595,0.627,0.692
304,29,1331.259,420.776,22.142,1328,417,6,8,0.743,8.602,1328,418,125.538,5.491,1.721,0.581,0.795
305,39,1115.090,421.833,22.142,1111,419,8,6,1.000,8.544,1111,423,20.556,6.000,1.269,0.788,0.918
306,59,1218.229,424.771,31.213,1213,420,10,10,0.761,11.180,1213,423,153.435,8.497,1.120,0.893,0.808
307,31,480.597,425.726,27.556,477,421,7,9,0.513,10.630,477,430,48.814,5.578,2.154,0.464,0.681
308,48,1392.604,425.021,26.385,1389,421,8,8,0.866,9.434,1389,428,32.005,8.000,1.128,0.886,0.873
309,36,465.944,426.389,30.385,463,422,6,12,0.490,12.166,465,422,99.462,6.000,2.016,0.496,0.699
310,34,760.441,429.647,28.485,759,423,3,13,0.527,13.153,759,423,98.746,3.000,3.947,0.253,0.944
311,35,1231.214,427.271,26.971,1228,423,8,9,0.605,9.899,1229,432,45.000,7.211,1.509,0.663,0.700
312,25,322.780,428.340,23.556,320,424,5,9,0.566,9.849,320,424,113.962,4.768,2.336,0.428,0.694
313,37,1377.122,432.284,36.042,1374,424,7,13,0.358,14.318,1374,424,114.775,6.871,2.775,0.360,0.592
314,87,1401.592,428.454,49.941,1394,424,15,10,0.438,17.000,1394,434,28.072,10.000,1.831,0.546,0.719
315,61,1310.008,429.811,47.698,1304,426,13,8,0.337,13.416,1305,433,26.565,8.000,1.506,0.664,0.705
316,62,1385.871,430.871,44.870,1380,426,13,10,0.387,14.422,1381,426,146.310,10.000,1.356,0.738,0.642
317,41,1239.354,431.646,30.042,1235,427,8,10,0.571,10.770,1238,427,111.801,7.778,1.678,0.596,0.678
318,43,1353.616,431.988,31.213,1350,427,8,10,0.555,11.180,1350,427,116.565,7.841,1.538,0.650,0.699
319,59,1409.737,434.585,36.284,1403,429,12,11,0.563,13.892,1403,439,30.256,9.058,1.941,0.515,0.724
320,58,1421.569,434.793,33.213,1416,429,10,10,0.661,12.207,1416,438,34.992,8.433,1.617,0.619,0.806
321,131,999.691,443.851,61.799,997,430,7,27,0.431,27.166,998,430,96.340,7.000,4.252,0.235,0.870
322,103,1297.150,434.917,41.698,1290,430,13,12,0.744,15.264,1290,430,148.392,11.276,1.302,0.768,0.866
323,33,1345.894,434.652,27.213,1342,431,7,8,0.560,9.434,1342,431,122.005,6.957,1.443,0.693,0.767
324,71,1289.937,441.415,38.284,1284,436,11,12,0.609,12.649,1287,448,71.565,10.505,1.126,0.888,0.768
325,35,1320.871,442.671,30.042,1317,438,8,10,0.487,10.440,1318,438,106.699,7.761,1.506,0.664,0.648
326,49,1418.643,443.031,36.042,1414,438,9,9,0.474,12.728,1414,438,135.000,7.967,1.329,0.752,0.721
327,107,539.023,454.603,66.385,537,439,5,30,0.305,30.150,538,439,95.711,5.000,7.403,0.135,0.811
328,34,1343.147,444.735,28.627,1340,440,6,10,0.521,10.770,1342,450,68.199,6.000,1.949,0.513,0.716
329,27,1300.574,446.352,25.213,1297,442,7,8,0.534,8.602,1297,445,144.462,6.740,1.310,0.763,0.675
330,30,1358.933,446.567,32.627,1353,442,12,8,0.354,13.892,1353,449,30.256,4.919,3.717,0.269,0.612
331,43,1385.640,445.291,36.627,1380,442,11,6,0.403,12.530,1380,448,28.610,6.000,1.776,0.563,0.741
332,71,1434.880,447.331,32.142,1431,442,8,11,0.864,12.083,1433,442,114.444,8.000,1.454,0.688,0.904
333,60,1268.800,449.767,40.870,1263,444,11,10,0.451,11.705,1263,452,19.983,9.899,1.328,0.753,0.678
334,66,872.712,451.970,30.627,868,447,10,10,0.884,12.207,869,447,124.992,7.778,1.678,0.596,0.886
335,25,1349.300,449.860,22.971,1345,447,8,7,0.595,8.602,1347,447,125.538,5.814,1.570,0.637,0.658
336,33,1287.015,451.167,27.556,1281,448,11,6,0.546,12.083,1281,453,24.444,4.682,3.427,0.292,0.725
337,29,1399.017,450.431,27.799,1394,448,10,6,0.472,11.662,1394,454,30.964,4.945,2.900,0.345,0.652
338,30,1364.167,451.667,26.385,1359,449,11,5,0.542,11.180,1359,451,169.695,5.000,2.843,0.352,0.714
339,46,1376.739,453.891,28.971,1374,449,6,11,0.689,12.083,1375,460,65.556,6.000,2.221,0.450,0.852
340,27,1421.685,452.907,21.556,1418,450,8,6,0.730,9.434,1418,450,147.995,4.800,2.332,0.429,0.806
341,36,1098.028,456.611,23.556,1095,452,6,9,0.815,9.487,1096,461,71.565,5.425,1.926,0.519,0.828
342,73,1295.267,459.829,41.456,1288,454,12,11,0.534,13.038,1288,461,32.471,11.000,1.208,0.828,0.741
343,88,1366.705,461.727,51.698,1358,454,15,12,0.414,17.205,1358,465,35.538,10.262,1.817,0.550,0.721
344,68,1404.794,458.441,43.113,1397,454,16,9,0.460,16.279,1397,455,169.380,8.489,2.079,0.481,0.708
345,91,1393.445,463.533,60.426,1386,456,16,14,0.313,16.643,1388,456,147.265,11.981,1.640,0.610,0.611
346,136,1001.007,470.044,58.385,998,458,8,25,0.501,25.179,998,458,96.843,8.000,3.132,0.319,0.855
347,100,1329.550,464.690,56.426,1323,458,14,13,0.395,16.125,1323,460,150.255,11.314,1.326,0.754,0.738
348,37,766.365,466.986,32.485,765,459,3,15,0.441,15.133,765,459,97.595,3.000,4.805,0.208,0.914
349,38,1417.526,463.211,37.456,1412,459,12,10,0.340,12.166,1412,464,9.462,8.404,1.799,0.556,0.510
350,33,1341.439,463.318,29.799,1337,460,10,6,0.467,10.440,1337,464,16.699,6.000,1.869,0.535,0.660
351,49,927.398,465.316,25.556,924,461,8,8,0.943,9.434,924,469,32.005,8.000,1.052,0.950,0.907
352,35,1377.471,463.386,23.314,1373,461,9,5,0.809,9.487,1373,462,161.565,5.000,2.085,0.480,0.875
353,112,1019.161,471.036,45.456,1015,462,9,17,0.681,17.464,1015,462,113.629,9.000,1.753,0.571,0.868
354,31,1274.952,465.081,24.385,1270,462,9,6,0.655,9.220,1270,465,12.529,6.000,1.476,0.677,0.721
355,30,1287.100,465.700,22.385,1283,462,7,7,0.752,8.602,1283,463,144.462,6.261,1.274,0.785,0.779
356,59,1408.415,467.432,35.456,1402,462,11,11,0.590,11.705,1402,468,160.017,10.052,1.408,0.710,0.720
357,70,1318.843,469.243,48.770,1311,464,15,10,0.370,16.155,1311,466,158.199,9.153,2.104,0.475,0.660
358,75,1010.740,469.953,32.971,1006,465,9,11,0.867,12.530,1008,465,118.610,9.000,1.358,0.736,0.898
359,44,1421.114,469.045,35.456,1416,465,9,8,0.440,11.402,1416,472,37.875,7.071,1.682,0.595,0.765
360,78,613.564,473.269,37.213,609,466,9,13,0.708,14.765,610,466,118.301,9.000,1.426,0.701,0.834
361,36,1376.667,470.500,28.627,1372,466,9,10,0.552,13.454,1372,476,48.013,4.950,3.340,0.299,0.758
362,44,1266.932,474.977,37.113,1262,469,9,12,0.401,14.422,1263,469,123.690,7.143,2.349,0.426,0.620
363,38,539.711,476.184,29.314,538,470,4,13,0.556,13.342,538,470,102.995,4.000,3.552,0.282,0.854
364,78,1329.603,475.962,54.184,1320,470,18,12,0.334,19.313,1320,477,21.251,11.077,1.998,0.500,0.584
365,26,1399.923,474.115,24.971,1397,470,5,9,0.524,9.220,1398,470,102.529,4.932,2.200,0.455,0.703
366,37,1391.770,474.959,34.870,1386,471,11,8,0.382,11.705,1386,472,160.017,7.692,1.876,0.533,0.583
367,90,1242.589,480.289,45.456,1237,472,10,15,0.547,15.811,1242,472,108.435,9.803,1.774,0.564,0.773
368,42,1406.452,476.452,39.698,1402,472,9,9,0.335,12.042,1403,472,131.634,8.768,1.310,0.764,0.632
369,27,1414.056,476.907,22.728,1411,472,5,9,0.657,9.220,1414,472,102.529,5.000,1.987,0.503,0.771
370,97,907.325,479.943,35.456,902,474,11,12,0.970,12.806,903,475,128.660,10.607,1.172,0.853,0.911
371,54,969.407,477.963,33.799,964,474,13,7,0.594,13.153,964,477,171.254,7.000,1.886,0.530,0.750
372,116,451.147,494.336,63.113,446,482,11,26,0.366,27.514,447,508,70.907,6.957,5.214,0.192,0.739
373,150,760.107,495.460,60.042,754,482,10,25,0.523,25.179,760,482,96.843,10.000,2.511,0.398,0.809
374,88,1434.795,490.136,43.799,1431,483,8,15,0.576,16.553,1431,498,64.983,8.000,2.173,0.460,0.811
375,87,541.132,495.040,50.627,538,484,7,22,0.427,22.091,539,506,84.806,7.000,3.235,0.309,0.767
376,32,1294.500,489.375,26.385,1291,484,7,9,0.578,9.487,1292,493,71.565,6.261,1.671,0.599,0.711
377,51,1412.912,487.304,38.971,1406,485,17,6,0.422,18.028,1406,491,19.440,6.000,3.637,0.275,0.729
378,26,1426.577,489.385,26.728,1421,485,9,7,0.457,10.296,1421,490,29.055,5.814,2.015,0.496,0.619
379,35,1383.357,489.700,37.799,1375,487,13,8,0.308,14.318,1375,488,155.225,7.374,2.375,0.421,0.500
380,29,1393.983,491.397,22.971,1390,487,7,8,0.691,10.630,1390,495,48.814,4.950,2.544,0.393,0.784
381,26,443.346,493.154,31.213,439,488,8,9,0.335,11.402,440,497,52.125,5.580,2.372,0.422,0.591
382,46,1245.739,492.109,26.142,1242,488,7,9,0.846,10.630,1242,488,131.186,6.499,1.662,0.602,0.885
383,28,1287.786,491.679,21.556,1285,488,6,7,0.757,8.485,1285,489,135.000,5.692,1.541,0.649,0.824
384,47,1401.457,494.606,32.971,1399,488,7,12,0.543,12.649,1399,488,108.435,7.000,1.742,0.574,0.746
385,28,1416.321,491.714,21.556,1413,489,8,5,0.757,8.544,1413,489,159.444,5.000,1.721,0.581,0.824
386,26,1356.846,493.115,24.971,1353,490,7,7,0.524,9.220,1354,490,130.601,5.942,1.762,0.567,0.684
387,26,1344.615,494.115,18.728,1342,491,6,6,0.932,7.810,1342,491,140.194,5.814,1.288,0.776,0.867
388,26,1376.346,493.654,20.728,1373,491,6,6,0.760,7.810,1373,496,39.806,6.000,1.218,0.821,0.825
389,56,1314.411,495.000,43.213,1305,492,16,7,0.377,16.763,1305,497,17.354,7.000,2.974,0.336,0.659
390,45,1409.833,497.078,28.971,1407,492,6,11,0.674,11.705,1408,503,70.017,6.000,1.979,0.505,0.811
391,82,1421.512,497.610,42.527,1414,493,16,9,0.570,17.088,1414,500,20.556,8.825,2.311,0.433,0.763
392,66,1334.167,499.955,40.527,1327,495,14,11,0.505,14.866,1327,501,19.654,10.249,1.779,0.562,0.657
393,31,1390.016,499.081,26.142,1384,497,11,4,0.570,11.180,1384,498,169.695,4.000,3.113,0.321,0.775
394,45,1277.856,503.500,32.870,1273,499,10,9,0.523,11.662,1273,506,30.964,8.237,1.476,0.678,0.657
395,32,1383.625,505.250,31.213,1380,499,7,11,0.413,12.083,1382,499,114.444,5.571,2.822,0.354,0.621
396,78,1224.051,507.577,37.799,1220,502,9,13,0.686,13.928,1223,515,68.962,9.000,1.564,0.639,0.812
397,56,1318.661,506.964,39.456,1314,502,9,9,0.452,12.728,1314,511,45.000,8.489,1.456,0.687,0.800
398,29,1368.017,507.190,23.556,1366,502,5,9,0.657,9.487,1367,502,108.435,5.000,1.985,0.504,0.795
399,25,1361.660,506.500,20.971,1359,503,6,7,0.714,8.062,1359,503,119.745,5.578,1.739,0.575,0.769
400,65,1417.500,506.069,40.284,1410,503,15,7,0.503,15.524,1410,507,14.931,7.000,2.325,0.430,0.747
401,42,535.000,512.786,27.314,533,507,4,12,0.707,12.166,534,507,99.462,4.000,2.871,0.348,0.933
402,38,1425.079,512.447,27.799,1422,507,6,10,0.618,10.770,1422,517,68.199,6.000,1.975,0.506,0.784
403,101,1337.292,513.322,53.355,1329,508,16,12,0.446,16.763,1329,510,162.646,11.377,1.793,0.558,0.724
404,142,443.289,523.261,76.527,438,509,11,31,0.305,32.573,439,540,72.121,7.060,6.106,0.164,0.712
405,112,1214.438,517.795,43.456,1209,509,11,16,0.745,18.358,1210,525,60.642,9.839,1.927,0.519,0.875
406,46,1262.087,515.870,38.284,1258,510,8,13,0.394,14.765,1258,510,118.301,6.647,2.360,0.424,0.634
407,53,1242.934,518.255,31.556,1240,511,6,13,0.669,13.342,1242,511,102.995,6.000,2.342,0.427,0.855
408,73,1291.240,517.856,52.184,1286,511,10,16,0.337,17.088,1288,527,69.444,8.974,2.166,0.462,0.629
409,65,1359.300,515.146,32.971,1353,511,12,8,0.751,13.416,1353,518,26.565,7.005,2.008,0.498,0.850
410,27,281.241,517.056,26.385,279,512,5,9,0.487,10.296,279,521,60.945,5.000,2.442,0.409,0.659
411,56,1370.643,515.054,34.385,1366,512,12,8,0.595,12.369,1366,512,165.964,8.000,1.549,0.646,0.794
412,46,1406.630,517.043,38.284,1401,512,11,9,0.394,11.402,1401,514,164.745,8.400,1.301,0.769,0.652
413,51,786.716,519.637,25.556,783,515,7,9,0.981,9.849,785,515,113.962,7.000,1.324,0.755,0.919
414,119,1061.903,521.559,40.042,1056,515,12,13,0.933,14.866,1057,527,47.726,11.628,1.266,0.790,0.915
415,43,752.663,520.826,24.385,748,517,9,7,0.909,10.296,748,518,150.945,6.934,1.566,0.639,0.860
416,36,1300.222,521.361,36.870,1296,517,10,8,0.333,11.662,1296,518,149.036,7.938,1.399,0.715,0.522
417,42,1362.905,521.190,26.142,1358,518,9,6,0.772,9.487,1358,521,161.565,6.000,1.583,0.632,0.866
418,27,1381.611,522.870,26.142,1377,518,8,8,0.496,10.630,1377,526,41.186,5.657,2.570,0.389,0.667
419,48,1426.688,522.917,33.799,1422,518,8,11,0.528,13.601,1422,518,126.027,7.155,2.033,0.492,0.750
420,129,535.097,536.857,72.042,531,520,7,32,0.312,32.140,534,520,95.356,7.000,6.341,0.158,0.761
421,27,1313.537,522.574,21.314,1311,520,7,6,0.747,8.602,1311,525,35.538,6.000,1.343,0.744,0.794
422,69,1419.964,525.659,40.042,1413,520,12,11,0.541,15.000,1413,522,143.130,8.586,2.022,0.495,0.734
423,47,620.287,525.543,25.556,617,521,7,9,0.904,9.487,619,530,71.565,7.000,1.337,0.748,0.879
424,31,1389.726,526.081,22.971,1385,523,9,6,0.738,9.220,1385,528,12.529,5.821,1.737,0.576,0.765
425,67,995.067,534.485,40.728,993,525,5,18,0.508,18.248,994,525,99.462,5.000,3.999,0.250,0.876
426,36,1363.056,527.361,22.728,1359,525,9,5,0.876,9.487,1359,525,161.565,5.000,1.656,0.604,0.911
427,27,1302.574,528.685,20.971,1298,526,8,6,0.772,8.944,1298,527,153.435,5.060,1.972,0.507,0.771
428,80,540.587,540.925,57.314,539,527,4,27,0.306,27.074,540,527,94.236,4.000,7.645,0.131,0.865
429,50,1353.020,533.460,32.385,1349,529,9,10,0.599,11.314,1350,539,45.000,9.000,1.194,0.837,0.730
430,64,1198.719,535.031,30.971,1194,531,10,9,0.838,12.042,1194,539,41.634,8.746,1.428,0.700,0.877
431,41,1301.695,536.085,38.284,1295,532,13,8,0.352,13.153,1295,534,171.254,7.399,1.901,0.526,0.569
432,46,1267.957,539.587,36.042,1264,534,8,10,0.445,10.198,1268,534,101.310,8.000,1.226,0.815,0.713
433,87,1243.603,546.339,52.971,1241,535,5,24,0.390,24.083,1243,535,94.764,5.000,4.815,0.208,0.853
434,34,1292.735,539.471,23.556,1289,536,8,7,0.770,9.220,1289,536,139.399,6.499,1.551,0.645,0.791
435,63,1224.865,541.214,29.556,1221,537,9,9,0.906,10.817,1221,537,123.690,9.000,1.036,0.965,0.913
436,119,1395.483,545.097,65.012,1386,538,22,13,0.354,22.561,1386,546,12.804,10.564,2.652,0.377,0.626
437,114,1260.325,548.219,47.213,1256,540,9,17,0.643,18.788,1256,540,115.201,8.558,2.464,0.406,0.860
438,142,436.387,555.289,71.113,431,541,10,27,0.353,27.514,432,567,70.907,8.786,4.031,0.248,0.740
439,51,995.657,551.127,35.314,993,544,5,15,0.514,15.297,994,544,101.310,5.000,4.008,0.250,0.810
440,78,1189.526,549.744,34.042,1185,544,10,11,0.846,12.083,1186,544,114.444,10.000,1.159,0.863,0.881
441,64,1221.781,551.453,30.284,1217,546,10,11,0.877,11.180,1221,557,79.695,8.944,1.188,0.842,0.848
442,26,1300.654,549.231,20.385,1297,546,7,6,0.786,8.062,1297,547,150.255,5.657,1.556,0.643,0.812
443,67,1406.843,551.978,46.527,1401,547,12,12,0.389,14.213,1401,548,140.711,9.683,1.637,0.611,0.691
444,26,465.000,550.500,17.314,462,548,6,5,1.000,6.708,462,549,153.435,5.000,1.184,0.845,0.929
445,49,1331.786,552.255,43.941,1323,548,15,7,0.319,15.133,1323,552,172.405,7.000,2.218,0.451,0.653
446,29,1295.431,553.948,22.728,1293,550,5,9,0.705,9.487,1294,550,108.435,5.000,2.278,0.439,0.806
447,31,1345.403,553.403,22.142,1342,550,7,7,0.795,9.899,1342,557,45.000,5.270,2.040,0.490,0.849
448,34,1400.353,555.824,28.627,1397,551,6,10,0.521,10.198,1399,551,101.310,5.883,2.036,0.491,0.694
449,105,535.595,565.452,53.899,533,553,5,24,0.454,24.331,534,553,99.462,5.000,4.841,0.207,0.933
450,44,1352.727,557.636,40.042,1347,553,11,9,0.345,12.083,1347,556,155.556,9.000,1.167,0.857,0.607
451,34,1370.059,556.206,23.556,1365,553,9,6,0.770,9.487,1365,555,161.565,6.000,1.564,0.639,0.810
452,92,542.022,564.522,50.627,539,555,8,22,0.451,22.091,540,555,95.194,8.000,2.926,0.342,0.773
453,96,1331.760,560.354,57.012,1323,555,17,12,0.371,17.464,1323,556,166.759,11.659,1.667,0.600,0.660
454,31,1178.113,561.597,21.314,1176,557,4,9,0.858,9.487,1177,566,71.565,4.000,2.156,0.464,0.939
455,43,1261.733,563.128,26.728,1259,558,6,10,0.756,11.180,1259,558,116.565,5.883,2.052,0.487,0.851
456,90,1291.922,563.867,51.941,1285,558,13,12,0.419,13.601,1285,561,162.897,11.538,1.130,0.885,0.744
457,56,1342.768,564.625,34.870,1338,559,9,12,0.579,13.000,1341,571,67.380,8.549,1.381,0.724,0.742
458,50,1302.600,568.780,40.870,1298,562,10,13,0.376,15.811,1299,575,55.305,8.374,2.554,0.392,0.549
459,25,665.260,566.460,19.899,663,563,4,8,0.793,8.544,664,563,110.556,4.000,1.864,0.537,0.926
460,134,1265.067,577.216,59.456,1261,565,8,23,0.476,23.537,1262,588,77.735,8.000,3.205,0.312,0.805
461,50,1278.480,569.800,33.799,1274,565,9,10,0.550,11.662,1277,565,120.964,8.910,1.332,0.751,0.699
462,45,1336.878,573.144,35.799,1334,566,6,15,0.441,15.133,1337,566,97.595,5.975,3.520,0.284,0.657
463,54,434.685,574.315,31.314,432,568,5,13,0.692,13.342,433,568,102.995,5.000,2.705,0.370,0.908
464,130,1248.777,575.323,50.870,1239,568,17,12,0.631,17.889,1239,579,26.565,12.000,1.454,0.688,0.839
465,49,1291.316,572.867,32.627,1285,569,12,8,0.578,12.649,1285,572,161.565,6.226,2.378,0.420,0.737
466,33,1314.258,571.773,25.314,1309,570,11,4,0.647,11.402,1309,573,15.255,4.000,2.776,0.360,0.868
467,26,1348.923,571.731,26.385,1344,570,10,4,0.469,10.770,1344,570,158.199,4.000,2.878,0.347,0.722
468,48,1223.042,577.958,27.799,1218,574,11,7,0.781,11.402,1218,576,164.745,6.641,1.968,0.508,0.821
469,25,1276.020,576.660,22.142,1271,574,9,5,0.641,9.220,1271,576,167.471,5.000,1.880,0.532,0.735
470,133,952.395,581.553,69.556,937,576,29,8,0.345,29.275,937,580,172.147,8.000,5.074,0.197,0.739
471,148,1056.649,580.784,76.142,1040,578,35,5,0.321,35.228,1040,583,6.520,5.000,7.683,0.130,0.889
472,32,1399.156,581.938,25.556,1394,578,9,7,0.616,11.402,1394,585,37.875,5.310,2.671,0.374,0.744
473,112,893.009,585.866,55.213,885,580,18,10,0.462,20.591,885,580,150.945,10.000,2.103,0.475,0.792
474,41,1210.378,583.061,24.485,1206,580,8,6,0.859,9.434,1206,581,147.995,6.000,1.446,0.692,0.921
475,116,1221.690,585.629,60.627,1215,581,22,13,0.397,24.166,1215,592,24.444,13.000,2.168,0.461,0.624
476,53,1244.726,586.557,39.556,1241,581,7,15,0.426,15.811,1241,581,108.435,7.000,2.944,0.340,0.693
477,27,1421.907,583.500,26.142,1417,582,11,4,0.496,11.180,1417,583,169.695,4.000,3.489,0.287,0.701
478,73,1368.240,592.459,53.355,1362,584,14,15,0.322,15.652,1362,589,153.435,10.932,1.551,0.645,0.549
479,47,1434.606,587.628,25.071,1431,584,7,7,0.940,9.899,1431,591,45.000,7.000,1.090,0.917,0.979
480,73,1267.089,593.952,42.627,1263,588,9,13,0.505,15.000,1263,589,126.870,9.000,1.425,0.702,0.709
481,30,1314.000,595.267,22.971,1310,591,7,8,0.714,10.000,1310,599,53.130,4.950,2.024,0.494,0.822
482,34,1425.794,594.176,30.042,1422,591,8,7,0.473,9.434,1422,592,147.995,7.000,1.146,0.873,0.739
483,30,1400.200,594.767,21.556,1396,592,8,6,0.811,9.434,1396,592,147.995,5.578,1.934,0.517,0.800
484,125,1433.308,599.716,55.113,1426,592,13,14,0.517,18.439,1426,606,49.399,13.000,1.411,0.709,0.784
485,96,1180.760,600.240,50.770,1174,593,13,16,0.468,18.601,1175,594,126.254,10.672,1.917,0.522,0.714
486,29,1351.190,597.948,23.799,1348,594,6,9,0.643,9.220,1350,594,102.529,5.883,1.637,0.611,0.725
487,26,1417.808,598.385,23.899,1416,594,5,8,0.572,9.434,1416,594,122.005,5.000,2.173,0.460,0.765
488,83,769.090,605.681,52.728,767,595,4,23,0.375,23.345,767,595,99.866,4.000,5.835,0.171,0.933
489,26,1277.846,599.038,22.971,1274,596,9,6,0.619,10.817,1274,602,33.690,4.472,2.915,0.343,0.754
490,60,1245.433,607.633,48.728,1243,597,4,22,0.318,22.204,1244,597,97.765,4.000,6.908,0.145,0.811
491,103,1266.917,606.578,48.627,1263,599,13,16,0.547,17.088,1263,599,110.556,13.000,1.611,0.621,0.713
492,31,1409.274,603.565,24.385,1406,600,7,7,0.655,8.602,1406,607,35.538,6.306,1.452,0.689,0.775
493,47,1003.160,610.202,33.556,1001,603,5,14,0.525,14.318,1001,603,102.095,5.000,3.054,0.327,0.817
494,82,1308.134,608.939,53.355,1299,603,15,11,0.362,15.811,1299,608,161.565,10.672,1.548,0.646,0.698
495,25,1361.660,608.700,21.314,1360,604,4,9,0.692,9.055,1361,604,96.340,4.000,2.403,0.416,0.833
496,30,1395.333,608.033,22.971,1393,604,6,8,0.714,8.544,1393,612,69.444,6.000,1.283,0.779,0.822
497,36,1388.917,609.000,28.971,1384,605,8,10,0.539,10.630,1384,607,131.186,7.603,1.273,0.786,0.679
498,51,1179.775,612.520,31.213,1176,606,8,12,0.658,13.416,1177,606,116.565,5.814,2.672,0.374,0.836
499,32,1403.344,610.750,26.385,1400,606,8,8,0.578,8.602,1400,613,54.462,7.766,1.201,0.832,0.681
500,54,569.926,614.426,31.799,566,608,7,13,0.671,13.601,568,608,107.103,6.261,2.532,0.395,0.850
501,34,1324.529,612.618,25.556,1321,608,8,8,0.654,10.630,1322,608,131.186,6.091,2.109,0.474,0.764
502,33,1317.197,613.106,26.142,1315,609,5,9,0.607,10.296,1315,618,60.945,5.000,2.279,0.439,0.815
503,93,1375.220,618.704,53.456,1366,612,15,12,0.409,17.205,1366,622,35.538,11.377,1.512,0.661,0.694
504,31,541.855,621.532,34.485,540,613,3,16,0.328,16.031,541,613,93.576,3.000,6.491,0.154,0.785
505,89,1414.152,618.556,58.669,1407,613,15,14,0.325,17.029,1408,613,130.236,11.840,1.596,0.627,0.627
506,55,1275.609,618.536,29.556,1272,614,7,10,0.791,10.817,1273,624,56.310,7.000,1.495,0.669,0.873
507,36,1363.417,617.167,22.142,1360,614,8,6,0.923,8.944,1360,620,26.565,6.000,1.427,0.701,0.878
508,44,1384.886,618.386,38.870,1381,614,9,11,0.366,12.083,1384,625,65.556,8.666,1.435,0.697,0.611
509,39,1404.808,618.987,27.213,1401,614,9,9,0.662,11.402,1401,615,142.125,5.657,2.324,0.430,0.772
510,33,389.621,618.409,24.728,385,615,9,6,0.678,10.817,385,621,33.690,5.692,1.933,0.517,0.815
511,25,1306.100,617.700,22.971,1302,615,9,6,0.595,9.487,1302,619,18.435,5.814,2.005,0.499,0.658
512,51,1283.206,621.578,31.213,1280,616,7,12,0.658,12.166,1283,616,99.462,7.000,2.032,0.492,0.761
513,67,477.694,622.201,30.142,474,617,8,10,0.927,11.662,475,617,120.964,8.000,1.370,0.730,0.931
514,87,1003.868,629.155,47.556,1001,618,7,20,0.483,20.616,1002,618,104.036,6.405,4.092,0.244,0.821
515,51,1313.049,623.069,36.042,1308,619,12,10,0.493,15.620,1308,619,140.194,7.400,2.379,0.420,0.703
516,43,1427.058,624.407,38.042,1420,619,11,11,0.373,12.806,1420,622,141.340,8.352,1.424,0.702,0.577
517,73,1201.774,626.034,33.456,1197,620,10,12,0.820,12.369,1199,620,104.036,8.875,1.421,0.704,0.859
518,84,1246.667,633.881,56.142,1244,620,5,26,0.335,26.173,1245,620,96.582,4.755,6.696,0.149,0.808
519,30,1401.433,624.400,20.142,1398,621,7,6,0.929,8.602,1398,622,144.462,5.657,1.626,0.615,0.882
520,52,1237.654,626.500,26.971,1233,622,8,9,0.898,10.296,1236,622,119.055,8.000,1.280,0.781,0.897
521,37,1409.878,627.392,30.385,1406,623,7,10,0.504,10.440,1410,633,73.301,7.000,1.183,0.845,0.698
522,104,1227.144,630.529,39.456,1222,624,12,13,0.839,14.422,1223,637,56.310,11.044,1.420,0.704,0.863
523,43,1301.779,629.477,29.213,1298,625,8,10,0.633,10.440,1299,625,106.699,7.727,1.500,0.667,0.735
524,76,1392.711,629.684,40.284,1385,625,14,9,0.589,15.232,1385,633,23.199,9.000,1.886,0.530,0.724
525,34,1367.824,630.735,22.971,1364,627,8,7,0.810,8.246,1364,630,165.964,7.000,1.157,0.864,0.773
526,71,869.190,633.303,31.799,865,628,9,11,0.882,12.207,865,638,55.008,8.497,1.492,0.670,0.893
527,74,1308.041,634.324,46.527,1301,628,15,12,0.430,17.029,1301,640,40.236,8.268,2.659,0.376,0.685
528,27,1347.204,632.167,22.971,1344,628,6,9,0.643,10.296,1344,637,60.945,4.743,2.261,0.442,0.771
529,94,787.532,635.734,43.113,780,629,15,13,0.636,18.601,780,640,36.254,8.135,2.706,0.370,0.817
530,27,1404.204,631.574,20.728,1401,629,8,5,0.790,8.944,1401,629,153.435,5.000,1.730,0.578,0.844
531,29,1420.603,633.086,23.556,1416,630,8,6,0.657,8.944,1416,635,26.565,5.940,1.650,0.606,0.784
532,58,912.069,636.190,29.213,908,631,8,11,0.854,12.530,909,631,118.610,7.071,1.684,0.594,0.892
533,34,526.176,634.882,20.728,523,632,7,6,0.994,8.062,523,637,29.745,6.000,1.132,0.884,0.907
534,59,1393.449,638.568,43.113,1388,633,11,12,0.399,14.213,1388,634,129.289,7.603,2.232,0.448,0.641
535,44,1427.795,640.091,32.042,1425,634,6,12,0.539,12.649,1425,634,108.435,6.000,2.363,0.423,0.721
536,26,1420.500,638.192,26.385,1414,636,11,5,0.469,11.402,1414,637,164.745,4.608,2.933,0.341,0.667
537,36,977.972,643.306,21.556,975,639,6,8,0.974,8.544,976,647,69.444,6.000,1.308,0.764,0.889
538,103,1005.568,648.189,51.799,1002,639,7,22,0.482,22.204,1004,661,82.235,7.000,3.389,0.295,0.821
539,82,1345.049,649.378,48.284,1339,640,12,15,0.442,15.811,1342,640,108.435,11.375,1.302,0.768,0.624
540,32,1365.875,643.375,23.556,1363,640,6,8,0.725,9.434,1363,640,122.005,5.883,1.659,0.603,0.821
541,52,1291.212,646.077,35.456,1285,641,10,11,0.520,12.083,1290,641,114.444,9.597,1.250,0.800,0.693
542,92,887.989,650.217,35.698,882,644,12,12,0.907,13.601,883,645,126.027,9.192,1.465,0.683,0.893
543,102,999.029,659.069,63.314,997,645,4,30,0.320,30.067,998,645,93.814,4.000,7.036,0.142,0.932
544,150,641.913,653.000,47.113,635,646,15,15,0.849,16.155,640,661,68.199,13.590,1.088,0.919,0.896
545,34,1399.559,652.088,23.799,1396,648,8,8,0.754,10.000,1396,648,126.870,5.622,2.164,0.462,0.773
546,25,1312.940,652.740,24.627,1310,649,6,9,0.518,9.487,1311,658,71.565,5.261,2.178,0.459,0.658
547,26,1386.731,654.385,19.314,1384,651,6,6,0.876,7.810,1385,651,129.806,5.814,1.334,0.750,0.852
548,41,1409.646,656.085,24.971,1405,653,8,7,0.826,10.630,1405,653,138.814,7.000,1.566,0.638,0.863
549,25,1427.220,656.340,20.142,1423,653,7,6,0.774,7.616,1423,657,23.199,5.800,1.471,0.680,0.769
550,41,704.939,660.402,24.971,702,656,6,9,0.826,9.849,703,665,66.038,6.000,1.754,0.570,0.863
551,37,770.446,660.770,25.314,768,656,5,10,0.726,10.440,769,656,106.699,5.000,2.286,0.437,0.851
552,63,1421.627,661.357,35.698,1415,656,13,11,0.621,14.765,1415,657,151.699,7.071,2.514,0.398,0.759
553,32,1401.875,660.875,26.385,1398,657,8,8,0.578,11.314,1398,665,45.000,4.998,2.885,0.347,0.727
554,70,434.343,665.543,36.142,430,658,7,14,0.673,14.560,433,658,105.945,7.000,2.433,0.411,0.870
555,129,675.391,665.872,43.456,670,658,11,16,0.858,17.088,673,658,110.556,10.752,1.610,0.621,0.905
556,97,1072.232,663.706,43.113,1066,658,13,11,0.656,13.892,1066,659,149.744,11.000,1.158,0.863,0.826
557,88,1312.023,664.602,57.355,1304,660,15,11,0.336,17.493,1304,661,149.036,11.000,1.698,0.589,0.642
558,89,1348.500,666.848,53.113,1341,660,13,13,0.396,16.401,1341,663,142.431,10.499,1.595,0.627,0.715
559,147,492.609,667.833,44.870,486,661,14,14,0.918,15.264,488,661,121.608,13.718,1.096,0.913,0.913
560,28,1408.821,663.464,21.314,1405,661,8,5,0.775,9.434,1405,666,32.005,5.000,1.527,0.655,0.848
561,32,1414.750,665.781,22.142,1411,663,8,6,0.820,9.434,1411,668,32.005,6.000,1.550,0.645,0.853
562,78,1363.013,669.115,49.355,1356,664,14,10,0.402,16.643,1356,665,147.265,9.192,1.898,0.527,0.746
563,104,770.856,680.808,59.314,768,667,5,27,0.371,27.295,769,667,98.427,5.000,6.451,0.155,0.874
564,42,1421.000,670.690,25.314,1417,668,9,6,0.824,9.849,1417,672,23.962,6.000,1.270,0.787,0.894
565,106,436.689,683.179,53.799,432,673,9,22,0.460,23.409,433,673,109.983,7.069,4.141,0.241,0.825
566,33,1396.955,678.015,24.971,1393,674,8,8,0.665,10.000,1394,682,53.130,6.261,1.622,0.616,0.717
567,32,541.875,682.719,34.971,540,675,4,15,0.329,15.297,540,675,101.310,3.423,6.064,0.165,0.688
568,96,1005.771,689.417,62.142,1004,675,4,29,0.312,29.155,1004,675,95.906,4.000,7.270,0.138,0.893
569,38,1410.500,680.737,26.971,1408,675,5,11,0.656,11.045,1410,675,95.194,5.000,2.021,0.495,0.826
570,28,1000.250,681.286,23.314,998,676,4,10,0.647,10.440,999,676,106.699,4.000,2.358,0.424,0.848
571,28,331.500,679.071,26.971,325,677,11,6,0.484,11.705,325,677,160.017,4.759,3.050,0.328,0.709
572,85,1387.347,685.712,54.184,1381,677,12,17,0.364,17.263,1386,677,100.008,10.733,1.668,0.600,0.614
573,36,1361.639,683.250,29.799,1358,678,7,10,0.509,10.770,1360,688,68.199,7.000,1.536,0.651,0.692
574,76,717.789,683.316,32.385,712,679,11,9,0.911,12.207,713,687,34.992,8.974,1.340,0.746,0.899
575,48,1332.000,683.875,35.698,1326,679,12,9,0.473,12.649,1326,683,161.565,7.761,2.062,0.485,0.667
576,29,1353.052,683.879,24.971,1349,679,7,9,0.584,10.296,1350,688,60.945,5.824,2.300,0.435,0.667
577,70,1435.100,685.943,37.799,1430,679,8,13,0.616,14.422,1430,691,56.310,8.000,1.947,0.514,0.828
578,25,1306.940,683.700,18.728,1303,681,7,5,0.896,7.616,1303,685,23.199,5.000,1.435,0.697,0.847
579,48,934.417,687.625,25.556,930,684,9,7,0.924,9.849,930,686,156.038,7.000,1.193,0.839,0.897
580,37,1322.230,688.851,30.971,1317,685,8,10,0.485,12.806,1317,685,128.660,6.859,2.297,0.435,0.667
581,30,1400.633,687.667,22.385,1396,685,9,5,0.752,9.220,1396,689,12.529,5.000,1.850,0.541,0.789
582,27,1423.981,688.981,20.971,1420,686,7,6,0.772,7.616,1420,688,156.801,6.000,1.277,0.783,0.783
583,28,1331.321,690.571,24.971,1327,687,7,8,0.564,9.220,1327,688,130.601,6.000,1.639,0.610,0.691
584,74,1409.784,694.608,44.042,1406,687,9,15,0.479,15.811,1406,687,108.435,9.000,1.850,0.541,0.701
585,66,1296.273,694.167,49.941,1288,688,17,12,0.333,19.723,1288,700,30.466,7.031,3.866,0.259,0.614
586,32,1311.625,689.594,25.314,1306,688,11,4,0.628,11.180,1306,690,10.305,4.000,2.977,0.336,0.865
587,28,1344.071,691.607,24.142,1342,688,6,9,0.604,10.000,1342,697,53.130,6.000,2.067,0.484,0.691
588,61,1394.598,695.090,38.870,1390,688,11,13,0.507,15.811,1391,688,124.695,7.653,2.591,0.386,0.713
589,41,1260.305,695.085,24.728,1257,691,7,8,0.843,10.000,1257,699,53.130,6.306,1.589,0.629,0.872
590,58,1315.879,697.586,44.042,1311,692,10,11,0.376,14.142,1311,693,135.000,10.000,1.199,0.834,0.592
591,36,1386.167,696.222,24.728,1383,692,8,7,0.740,10.000,1383,692,143.130,6.708,1.482,0.675,0.857
592,51,1301.049,698.559,36.627,1295,693,12,9,0.478,14.213,1295,702,39.289,7.155,2.476,0.404,0.675
593,85,1422.782,700.347,53.941,1416,693,13,14,0.367,17.804,1417,693,128.157,10.286,2.061,0.485,0.649
594,87,1435.098,699.787,40.142,1431,693,8,14,0.678,15.232,1432,693,113.199,7.877,2.178,0.459,0.866
595,66,541.576,703.742,48.142,539,694,5,22,0.358,22.091,541,716,84.806,5.000,4.983,0.201,0.790
596,50,1370.100,699.520,30.627,1365,694,10,9,0.670,10.817,1368,694,123.690,8.485,1.087,0.920,0.787
597,67,440.709,704.425,38.142,438,696,6,15,0.579,16.155,438,696,111.801,6.000,3.006,0.333,0.859
598,63,1122.135,701.659,31.456,1117,696,10,11,0.800,12.530,1119,707,61.390,7.603,1.759,0.568,0.851
599,41,1326.915,698.378,30.728,1320,696,13,5,0.546,13.342,1320,699,12.995,4.577,3.465,0.289,0.796
600,32,1403.688,701.875,26.385,1401,697,6,10,0.578,10.198,1403,697,101.310,6.000,2.048,0.488,0.703
601,52,1308.981,704.577,34.042,1304,699,10,9,0.564,10.440,1304,703,163.301,9.000,1.163,0.859,0.754
602,79,771.272,711.462,56.142,769,700,4,26,0.315,26.077,770,700,94.399,4.000,6.466,0.155,0.859
603,25,1077.180,702.660,20.142,1074,700,7,6,0.774,9.220,1074,706,40.601,4.438,2.313,0.432,0.833
604,104,1258.481,708.288,45.799,1254,700,9,17,0.623,17.889,1254,716,63.435,8.344,2.372,0.422,0.846
605,71,1385.063,704.190,47.355,1377,700,16,11,0.398,17.088,1377,706,20.556,10.047,1.970,0.508,0.640
606,33,1270.742,705.439,30.971,1264,702,13,6,0.432,13.928,1264,707,21.038,5.060,3.368,0.297,0.667
607,25,1326.300,705.780,29.556,1320,703,11,6,0.360,11.705,1320,707,19.983,5.687,2.580,0.388,0.575
608,71,1350.401,708.176,41.113,1342,704,16,9,0.528,16.763,1342,707,162.646,7.860,2.560,0.391,0.717
609,26,1366.962,707.577,21.556,1364,704,6,7,0.703,8.062,1365,711,60.255,5.883,1.576,0.635,0.754
610,29,1411.776,708.017,25.213,1408,704,8,8,0.573,9.434,1410,704,122.005,5.600,1.957,0.511,0.682
611,88,1007.011,718.057,55.314,1005,705,4,26,0.361,26.306,1005,705,98.746,4.000,6.551,0.153,0.931
612,38,1375.789,709.079,28.627,1371,706,10,7,0.583,10.770,1371,707,158.199,6.261,2.075,0.482,0.731
613,30,1403.967,710.033,22.142,1400,707,9,5,0.769,9.487,1400,708,161.565,5.000,2.138,0.468,0.845
614,44,1320.977,712.205,31.799,1315,708,13,7,0.547,13.928,1315,709,158.962,5.757,3.047,0.328,0.715
615,91,1434.489,715.247,41.799,1429,708,9,14,0.655,14.866,1433,708,109.654,9.000,1.750,0.571,0.847
616,39,1427.167,713.321,26.971,1424,709,7,10,0.674,11.662,1425,719,59.036,6.174,2.259,0.443,0.765
617,33,1296.742,716.530,28.385,1292,713,9,7,0.515,10.817,1292,713,146.310,6.641,1.674,0.597,0.680
618,54,1353.296,716.944,36.627,1346,713,13,8,0.506,13.601,1346,719,17.103,7.891,2.076,0.482,0.671
619,25,1406.580,716.020,19.556,1404,713,6,7,0.821,7.280,1405,713,105.945,5.800,1.298,0.770,0.806
620,43,1379.291,718.570,27.213,1375,714,9,8,0.730,10.000,1376,714,143.130,7.428,1.328,0.753,0.796
621,49,1343.745,720.684,43.113,1337,716,12,10,0.331,13.000,1337,719,157.380,8.485,2.011,0.497,0.566
622,38,541.105,725.895,36.142,539,717,4,16,0.366,16.125,540,717,97.125,4.000,5.135,0.195,0.731
623,146,1255.795,725.610,50.385,1249,717,12,17,0.723,19.209,1249,733,51.340,11.139,1.742,0.574,0.880
624,50,1324.240,721.740,31.799,1318,718,12,7,0.621,12.166,1318,720,170.538,6.791,1.929,0.518,0.769
625,28,1415.393,721.857,20.971,1412,718,7,7,0.800,8.602,1412,719,144.462,5.367,1.757,0.569,0.800
626,43,1425.570,725.174,38.870,1420,718,10,12,0.358,13.892,1420,718,120.256,7.778,1.824,0.548,0.614
627,42,1186.738,722.786,23.556,1183,719,8,7,0.951,8.602,1185,719,125.538,7.000,1.125,0.889,0.894
628,63,437.595,729.675,37.799,434,721,7,16,0.554,16.279,436,721,100.620,7.000,2.519,0.397,0.768
629,39,1332.526,725.628,29.213,1329,721,8,11,0.574,11.705,1330,732,70.017,6.658,2.055,0.487,0.690
630,145,1372.210,728.769,60.184,1365,721,16,17,0.503,20.000,1365,737,36.870,13.825,1.521,0.657,0.753
631,47,1386.096,725.691,28.385,1382,721,8,10,0.733,11.402,1382,722,127.875,7.000,1.890,0.529,0.764
632,72,1301.708,726.431,39.698,1296,722,11,10,0.574,13.038,1296,730,32.471,9.656,1.348,0.742,0.800
633,101,1409.490,730.579,47.456,1402,723,14,15,0.564,18.028,1403,723,123.690,10.817,1.774,0.564,0.727
634,52,1361.135,728.519,32.627,1355,724,11,9,0.614,13.038,1355,732,32.471,7.778,2.057,0.486,0.732
635,57,1396.798,729.237,34.627,1390,724,12,9,0.597,13.000,1390,731,22.620,8.353,1.717,0.583,0.760
636,64,1321.844,730.656,39.456,1315,726,14,9,0.517,14.866,1315,735,19.654,8.041,1.645,0.608,0.736
637,35,1349.214,728.414,31.799,1344,726,11,7,0.435,13.038,1344,733,32.471,6.040,2.630,0.380,0.648
638,28,1381.750,731.071,20.142,1379,728,6,7,0.867,8.602,1379,735,54.462,5.547,1.611,0.621,0.862
639,69,1419.268,734.891,36.042,1415,729,9,12,0.667,14.422,1415,741,56.310,7.845,2.033,0.492,0.821
640,31,789.145,734.565,20.142,786,731,6,7,0.960,8.602,787,738,54.462,5.657,1.610,0.621,0.899
641,60,1002.367,738.233,38.142,999,732,6,16,0.518,16.492,1000,732,104.036,6.000,2.800,0.357,0.805
642,150,1009.320,746.253,68.284,1006,732,9,30,0.404,30.150,1007,732,95.711,9.000,3.436,0.291,0.800
643,136,1392.919,739.331,60.184,1383,732,20,15,0.472,22.361,1383,735,153.435,11.628,2.258,0.443,0.697
644,94,1408.117,740.904,49.598,1400,733,14,16,0.480,19.416,1401,733,124.509,9.664,2.624,0.381,0.712
645,34,1358.941,736.294,25.556,1353,734,11,5,0.654,11.402,1353,738,15.255,5.000,2.235,0.447,0.819
646,53,1375.783,737.953,29.799,1371,734,10,8,0.750,11.180,1371,735,153.435,8.000,1.314,0.761,0.809
647,56,1325.089,739.571,36.042,1319,735,11,9,0.542,11.705,1319,738,160.017,8.825,1.430,0.699,0.742
648,85,573.688,742.065,34.627,569,736,10,12,0.891,12.649,572,736,108.435,9.656,1.352,0.740,0.890
649,44,1282.886,740.114,30.971,1278,736,9,8,0.576,10.817,1278,743,33.690,7.799,1.685,0.594,0.765
650,27,342.056,739.426,27.556,336,737,12,5,0.447,12.369,336,737,165.964,4.123,3.881,0.258,0.692
651,46,1294.239,741.261,32.971,1288,738,13,6,0.532,13.928,1288,743,21.038,5.491,2.662,0.376,0.800
652,34,1333.912,740.912,24.142,1331,738,8,7,0.733,10.000,1331,745,36.870,6.934,1.465,0.682,0.810
653,132,1433.227,744.864,55.799,1423,738,15,15,0.533,19.209,1423,741,141.340,14.802,1.483,0.674,0.748
654,105,809.195,749.814,40.042,804,742,10,15,0.823,15.811,806,742,108.435,10.000,1.501,0.666,0.879
655,38,1392.842,746.789,24.971,1389,743,7,8,0.766,9.434,1391,751,57.995,7.000,1.249,0.801,0.826
656,123,1136.573,751.785,53.355,1130,746,14,13,0.543,17.692,1131,758,42.709,12.500,1.156,0.865,0.804
657,31,1417.145,751.339,31.213,1414,746,8,10,0.400,10.770,1414,756,68.199,7.042,1.651,0.606,0.602
658,27,1343.981,751.500,20.971,1341,748,7,7,0.772,7.280,1342,748,105.945,6.499,1.227,0.815,0.761
659,37,1407.014,752.068,27.799,1403,748,7,8,0.602,9.434,1404,748,122.005,6.864,1.479,0.676,0.763
660,120,1244.150,759.250,53.456,1238,749,11,21,0.528,22.361,1238,769,63.435,7.906,3.362,0.297,0.825
661,125,1331.676,756.972,61.113,1319,749,21,13,0.421,22.825,1320,761,28.811,12.712,2.395,0.418,0.625
662,92,1003.728,764.707,54.728,1001,752,5,25,0.386,25.179,1003,752,96.843,5.000,5.386,0.186,0.880
663,28,1298.179,753.893,23.899,1294,752,10,4,0.616,10.440,1294,752,163.301,4.000,3.022,0.331,0.824
664,115,1353.665,758.509,57.698,1348,752,13,16,0.434,17.493,1352,768,59.036,13.000,1.342,0.745,0.742
665,34,1366.647,758.000,36.870,1364,752,6,13,0.314,13.601,1366,765,72.897,5.423,2.856,0.350,0.567
666,49,274.745,758.133,31.556,271,753,9,10,0.618,10.817,271,753,123.690,8.806,1.207,0.829,0.760
667,45,675.122,758.589,24.385,672,754,7,9,0.951,9.849,673,754,113.962,6.791,1.492,0.670,0.874
668,58,1372.621,761.914,38.870,1369,756,9,12,0.482,13.892,1370,768,59.744,8.246,1.725,0.580,0.707
669,79,1414.930,763.930,43.698,1410,756,9,16,0.520,16.279,1411,756,100.620,9.000,1.893,0.528,0.731
670,52,703.269,761.442,25.799,699,757,8,9,0.982,10.296,701,757,119.055,7.071,1.431,0.699,0.912
671,45,1344.211,760.722,26.971,1340,757,8,8,0.777,10.000,1341,757,126.870,7.589,1.290,0.775,0.841
672,69,1402.123,761.630,38.870,1395,757,14,9,0.574,15.232,1395,764,23.199,7.663,2.314,0.432,0.762
673,82,1249.988,766.695,45.698,1245,760,11,14,0.493,16.125,1247,774,60.255,8.575,1.964,0.509,0.759
674,101,1326.797,766.946,57.941,1317,762,20,10,0.378,21.190,1317,762,160.710,9.839,2.409,0.415,0.729
675,55,1362.209,767.645,31.456,1357,763,11,9,0.699,12.207,1358,764,145.008,7.603,1.964,0.509,0.786
676,51,1349.324,770.147,42.527,1343,764,12,13,0.354,14.213,1343,767,140.711,8.466,1.991,0.502,0.554
677,37,1408.986,770.284,28.971,1406,764,7,11,0.554,11.705,1408,764,109.983,6.434,2.091,0.478,0.725
678,26,278.385,768.231,22.971,275,765,6,7,0.619,8.602,275,765,125.538,5.571,1.743,0.574,0.754
679,146,817.925,772.178,45.113,811,765,14,15,0.901,15.811,815,765,108.435,12.969,1.193,0.838,0.904
680,35,1258.329,771.500,29.556,1256,765,5,12,0.503,12.369,1256,777,75.964,4.876,3.438,0.291,0.753
681,37,1267.095,770.527,25.556,1264,767,8,7,0.712,9.434,1264,767,147.995,7.000,1.245,0.803,0.804
682,41,1372.817,771.988,35.456,1366,767,14,9,0.410,15.652,1366,775,26.565,5.488,3.690,0.271,0.626
683,37,1290.851,772.311,27.556,1287,768,9,8,0.612,11.402,1287,769,142.125,6.786,1.932,0.517,0.733
684,127,1237.185,779.437,55.113,1231,770,15,19,0.525,20.125,1232,788,63.435,9.892,2.530,0.395,0.741
685,112,1033.777,778.268,50.770,1027,772,13,13,0.546,13.928,1027,780,21.038,12.854,1.101,0.908,0.827
686,100,1345.280,783.360,56.184,1340,773,11,19,0.398,19.925,1340,792,72.474,11.000,1.861,0.537,0.690
687,43,1385.477,778.640,31.799,1382,773,7,11,0.534,11.705,1384,773,109.983,7.000,2.168,0.461,0.699
688,50,1308.120,778.100,39.698,1304,774,10,12,0.399,13.416,1306,786,63.435,9.762,1.282,0.780,0.621
689,26,1392.500,776.346,23.799,1389,774,8,6,0.577,8.602,1390,780,35.538,6.000,1.454,0.688,0.722
690,26,1266.615,778.731,22.385,1263,775,7,8,0.652,10.000,1264,783,53.130,4.243,2.670,0.374,0.788
691,27,1378.648,779.500,25.799,1376,775,5,10,0.510,10.198,1378,785,78.690,5.000,2.345,0.426,0.692
692,80,1245.100,783.800,47.113,1240,776,12,14,0.453,14.560,1243,776,105.945,11.157,1.463,0.684,0.669
693,32,1334.500,780.312,30.971,1330,777,11,6,0.419,11.705,1330,783,19.983,6.000,1.937,0.516,0.646
694,128,1004.031,791.727,60.627,999,778,9,25,0.438,25.495,1003,778,101.310,8.822,3.307,0.302,0.771
695,25,1370.060,782.940,24.971,1367,778,6,10,0.504,10.770,1368,778,111.801,4.919,2.871,0.348,0.633
696,66,1411.606,786.227,42.042,1406,779,12,13,0.469,15.264,1407,792,58.392,8.066,2.083,0.480,0.684
697,26,506.500,782.000,18.485,503,780,7,4,0.956,8.062,503,784,29.745,4.000,1.761,0.568,0.963
698,97,772.521,790.232,47.556,770,780,6,21,0.539,21.213,771,780,98.130,6.000,3.770,0.265,0.898
699,131,1399.004,788.286,68.669,1390,781,16,17,0.349,21.260,1390,783,138.814,14.533,1.552,0.644,0.621
700,74,801.243,787.554,32.627,796,782,10,11,0.874,12.207,798,792,55.008,9.192,1.304,0.767,0.881
701,39,1333.782,786.397,28.728,1328,783,11,6,0.594,11.705,1328,785,160.017,6.000,2.416,0.414,0.780
702,31,1383.081,788.661,23.799,1380,784,6,9,0.688,9.220,1382,784,102.529,5.491,1.987,0.503,0.756
703,133,472.049,799.305,66.426,465,786,15,26,0.379,28.636,466,786,114.775,7.117,5.039,0.198,0.741
704,47,1232.479,792.266,28.971,1228,788,10,7,0.704,10.770,1228,795,21.801,7.000,1.602,0.624,0.832
705,37,1245.716,792.392,31.556,1239,789,12,6,0.467,13.000,1239,794,22.620,6.000,2.739,0.365,0.667
706,102,1350.480,799.775,63.255,1344,790,11,20,0.320,20.881,1349,790,106.699,10.417,2.465,0.406,0.660
707,32,1334.562,793.312,26.971,1331,791,9,6,0.553,9.487,1331,791,161.565,6.000,1.539,0.650,0.736
708,35,1393.129,795.243,28.728,1391,791,5,11,0.533,11.705,1392,802,70.017,5.000,2.579,0.388,0.814
709,32,1411.438,795.031,24.142,1407,792,8,6,0.690,8.944,1407,794,153.435,6.000,1.794,0.557,0.790
710,28,1386.643,795.964,21.556,1384,793,6,7,0.757,9.220,1384,800,49.399,5.657,1.760,0.568,0.848
711,46,1011.022,800.413,29.314,1009,794,5,12,0.673,12.369,1010,794,104.036,5.000,2.822,0.354,0.885
712,45,1322.922,797.922,32.627,1317,795,13,6,0.531,13.342,1317,799,12.995,6.000,2.510,0.398,0.738
713,48,1338.833,801.208,34.627,1334,795,11,10,0.503,11.662,1337,795,120.964,8.485,1.673,0.598,0.676
714,87,1227.718,801.845,38.627,1222,796,11,13,0.733,15.000,1224,808,53.130,8.535,1.865,0.536,0.849
715,25,1291.340,799.660,23.799,1288,797,8,6,0.555,8.544,1288,798,159.444,6.000,1.657,0.604,0.676
716,36,1358.167,801.333,23.556,1355,797,7,8,0.815,9.899,1355,798,135.000,6.364,1.617,0.618,0.847
717,31,1409.823,801.468,30.042,1405,798,10,8,0.432,10.050,1405,802,174.289,7.031,1.692,0.591,0.574
718,52,1330.827,805.846,38.042,1327,799,9,14,0.452,14.866,1327,813,70.346,8.420,2.069,0.483,0.623
719,38,1246.553,803.579,28.385,1243,800,9,8,0.593,10.000,1244,808,36.870,8.000,1.253,0.798,0.697
720,59,1419.585,805.500,46.870,1410,801,16,8,0.337,16.279,1410,808,10.620,7.670,2.237,0.447,0.621
721,97,779.448,807.479,53.314,770,802,21,8,0.429,21.541,771,802,158.199,8.000,3.792,0.264,0.735
722,25,1367.980,804.980,23.556,1363,803,9,4,0.566,9.849,1363,803,156.038,4.000,2.566,0.390,0.758
723,48,1385.646,806.167,29.799,1381,803,11,8,0.679,11.402,1381,808,15.255,8.000,1.504,0.665,0.768
724,76,1230.355,814.145,43.213,1227,804,7,17,0.511,17.464,1228,821,76.759,7.000,2.426,0.412,0.796
725,26,371.423,808.923,28.385,366,806,12,5,0.406,12.369,366,807,165.964,4.447,3.753,0.266,0.584
726,137,612.843,808.763,69.314,597,806,31,5,0.358,31.401,597,811,9.162,5.000,6.789,0.147,0.907
727,36,1310.583,809.806,31.213,1304,806,12,7,0.464,13.416,1304,807,153.435,5.060,3.757,0.266,0.667
728,29,1346.190,809.983,26.385,1343,806,7,9,0.523,9.487,1344,815,71.565,6.791,1.576,0.634,0.630
729,36,1391.056,810.417,25.799,1386,806,9,8,0.680,12.042,1386,814,41.634,4.950,2.798,0.357,0.800
730,66,1407.621,811.576,36.870,1402,806,13,10,0.610,14.318,1402,807,155.225,7.920,1.812,0.552,0.781
731,129,505.740,810.717,68.142,489,807,30,6,0.349,30.414,489,812,9.462,6.000,6.030,0.166,0.878
732,37,1012.122,811.257,23.314,1009,807,6,8,0.855,9.434,1010,807,122.005,5.883,1.661,0.602,0.881
733,125,1220.916,816.964,54.184,1214,807,12,18,0.535,18.439,1221,807,102.529,11.455,1.832,0.546,0.801
734,40,1239.475,812.325,31.799,1235,807,9,9,0.497,10.817,1235,810,146.310,8.379,1.222,0.818,0.656
735,37,1336.257,810.932,29.213,1331,807,9,8,0.545,10.817,1331,814,33.690,6.872,1.966,0.509,0.712
736,49,1258.684,811.786,26.142,1255,808,8,8,0.901,9.899,1256,816,45.000,8.000,1.092,0.916,0.875
737,41,1249.866,813.427,30.042,1246,809,8,9,0.571,10.000,1247,818,53.130,8.000,1.166,0.858,0.732
738,28,1419.464,810.929,23.314,1414,809,10,4,0.647,10.770,1414,809,158.199,4.000,3.018,0.331,0.862
739,26,342.308,813.346,21.556,338,811,8,5,0.703,8.544,338,813,159.444,4.932,1.892,0.529,0.788
740,41,1306.768,814.793,36.627,1302,811,12,7,0.384,12.369,1302,813,165.964,7.000,1.788,0.559,0.672
741,29,1352.466,814.052,22.142,1349,811,8,6,0.743,10.000,1349,817,36.870,5.367,2.099,0.476,0.829
742,140,581.821,814.743,72.971,565,812,33,5,0.330,33.242,565,817,6.911,5.000,7.304,0.137,0.892
743,95,608.921,814.479,46.485,599,812,20,5,0.552,20.616,599,817,14.036,5.000,3.994,0.250,0.974
744,63,761.103,813.881,40.485,753,812,17,4,0.483,17.464,753,812,166.759,4.000,4.406,0.227,0.926
745,110,1070.827,817.127,60.385,1063,812,15,10,0.379,17.205,1063,812,144.462,10.000,1.391,0.719,0.827
746,28,1361.321,814.821,22.971,1357,812,9,5,0.667,9.487,1357,814,161.565,5.000,1.851,0.540,0.757
747,49,367.643,819.092,43.698,360,813,16,11,0.322,18.868,360,824,32.005,6.102,4.249,0.235,0.587
748,32,1393.281,816.719,22.385,1390,813,7,8,0.803,8.246,1393,821,75.964,6.871,1.153,0.867,0.771
749,60,1415.083,817.750,39.698,1409,813,12,12,0.478,12.649,1409,819,18.435,10.286,1.352,0.740,0.663
750,39,1324.731,818.987,30.627,1321,814,8,10,0.522,12.207,1322,824,55.008,7.562,1.562,0.640,0.678
751,36,1372.583,818.667,29.799,1369,814,7,9,0.509,10.296,1370,823,60.945,6.600,1.664,0.601,0.727
752,62,1401.452,820.129,38.627,1396,815,13,11,0.522,13.038,1396,820,175.601,10.052,1.483,0.674,0.685
753,28,429.143,819.321,24.971,425,816,7,8,0.564,8.944,427,816,116.565,6.364,1.529,0.654,0.659
754,78,1012.590,824.179,43.556,1009,816,6,18,0.517,18.248,1011,816,99.462,6.000,3.535,0.283,0.872
755,33,1019.712,818.894,21.899,1016,816,8,5,0.865,9.434,1016,816,147.995,5.000,1.889,0.529,0.917
756,66,1201.333,819.212,42.728,1191,817,20,4,0.454,20.224,1191,818,171.469,4.000,4.994,0.200,0.910
757,62,1252.306,820.516,38.627,1245,817,16,8,0.522,16.492,1245,822,14.036,6.472,3.449,0.290,0.729
758,33,1269.318,820.470,22.485,1266,818,7,5,0.820,8.602,1266,818,144.462,5.000,1.316,0.760,0.943
759,27,1381.611,821.907,23.213,1378,818,7,8,0.630,8.602,1378,824,35.538,6.128,1.611,0.621,0.711
760,49,1285.235,821.316,38.385,1276,819,16,5,0.418,16.763,1276,819,162.646,5.000,3.902,0.256,0.748
761,27,1300.796,823.796,25.799,1297,820,9,7,0.510,10.817,1297,820,146.310,5.209,2.619,0.382,0.651
762,66,539.727,829.076,38.728,537,821,5,17,0.553,17.263,538,821,100.008,5.000,3.775,0.265,0.874
763,48,1201.625,824.729,28.142,1196,822,12,5,0.762,12.369,1196,823,165.964,5.000,2.516,0.397,0.897
764,43,1227.500,831.128,35.799,1223,824,9,11,0.422,12.530,1226,824,118.610,8.486,1.535,0.651,0.647
765,50,1322.700,829.300,38.870,1317,825,11,9,0.416,11.402,1319,825,127.875,8.050,1.198,0.835,0.667
766,34,1298.324,828.853,24.385,1294,826,9,6,0.719,9.487,1294,826,161.565,5.754,1.845,0.542,0.791
767,43,1399.058,829.593,28.971,1395,826,9,9,0.644,12.042,1395,835,41.634,6.254,2.154,0.464,0.782
768,25,1368.580,830.380,21.556,1366,827,5,7,0.676,7.810,1366,833,50.194,5.000,1.399,0.715,0.794
769,26,288.000,831.077,31.799,282,828,13,5,0.323,13.153,282,831,171.254,5.000,2.705,0.370,0.584
770,71,481.824,834.120,49.113,476,828,12,11,0.370,13.601,479,828,126.027,11.000,1.238,0.808,0.710
771,26,1360.077,830.885,27.213,1356,828,9,6,0.441,10.817,1356,834,33.690,5.692,2.434,0.411,0.619
772,94,1429.489,833.362,61.698,1422,829,16,13,0.310,18.439,1424,842,40.601,12.741,1.815,0.551,0.618
773,28,1275.000,836.214,25.556,1270,832,9,7,0.539,10.296,1270,838,29.055,5.488,2.154,0.464,0.683
774,39,1419.013,837.500,32.627,1416,832,7,11,0.460,11.180,1417,832,100.305,6.505,2.083,0.480,0.690
775,111,1294.707,839.491,53.113,1285,833,16,12,0.494,17.464,1285,841,23.629,11.963,1.509,0.663,0.758
776,34,1391.294,837.353,30.627,1387,833,9,9,0.455,12.042,1387,833,138.366,6.565,2.104,0.475,0.660
777,27,1398.833,837.352,25.213,1396,833,7,9,0.534,10.000,1397,842,53.130,5.814,2.115,0.473,0.643
778,25,964.340,838.340,18.142,961,835,6,6,0.954,7.211,963,835,123.690,5.657,1.291,0.775,0.862
779,29,1308.534,837.638,22.385,1304,835,9,6,0.727,10.296,1304,835,150.945,4.457,2.756,0.363,0.806
780,45,1325.211,839.322,39.113,1319,835,13,10,0.370,13.601,1321,836,143.973,8.222,1.760,0.568,0.545
781,41,1384.646,838.866,27.213,1380,835,9,9,0.696,10.817,1380,836,146.310,6.517,1.783,0.561,0.745
782,108,1224.676,848.565,59.598,1220,836,11,22,0.382,23.409,1222,836,109.983,9.478,2.735,0.366,0.681
783,44,1251.045,839.182,36.971,1247,836,9,7,0.405,10.817,1247,842,33.690,7.000,1.264,0.791,0.765
784,102,1434.814,843.990,50.728,1429,836,9,17,0.498,19.235,1429,836,117.897,9.000,2.617,0.382,0.750
785,81,1215.648,845.340,52.426,1209,837,12,15,0.370,16.553,1211,852,64.983,10.399,1.775,0.563,0.648
786,114,695.596,845.596,40.627,690,838,11,14,0.868,14.866,695,838,109.654,10.436,1.419,0.705,0.908
787,60,1283.150,843.867,47.113,1275,839,14,11,0.340,15.811,1275,841,145.305,8.254,2.411,0.415,0.638
788,29,1302.845,843.707,26.627,1298,839,9,9,0.514,11.402,1298,848,52.125,4.950,2.832,0.353,0.682
789,85,1238.112,846.053,53.941,1230,840,15,11,0.367,16.125,1230,843,150.255,10.371,1.627,0.615,0.700
790,25,1365.340,844.460,21.556,1362,841,8,6,0.676,8.544,1362,842,159.444,4.919,1.972,0.507,0.735
791,122,502.689,853.500,64.912,495,842,16,23,0.364,24.698,498,842,111.371,9.604,3.853,0.260,0.670
792,59,1309.263,848.381,37.698,1304,843,11,10,0.522,12.207,1305,853,55.008,9.206,1.472,0.679,0.702
793,46,367.087,847.174,32.385,362,844,12,7,0.551,13.416,362,850,26.565,6.800,2.322,0.431,0.773
794,115,1007.952,859.622,68.142,1005,845,5,31,0.311,31.401,1005,845,99.162,5.000,7.165,0.140,0.855
795,77,1198.916,852.279,37.698,1193,845,11,14,0.681,14.560,1197,859,74.055,8.043,2.006,0.499,0.806
796,26,1263.654,848.308,22.971,1259,846,9,6,0.619,10.296,1259,846,150.945,4.472,2.888,0.346,0.722
797,34,1386.382,849.324,23.799,1382,846,8,6,0.754,8.544,1382,848,159.444,6.000,1.413,0.708,0.840
798,61,1361.123,850.484,31.799,1355,847,12,8,0.758,12.369,1355,848,165.964,7.761,1.702,0.588,0.819
799,34,1248.706,850.559,30.971,1243,848,12,6,0.445,13.000,1243,854,22.620,5.376,2.664,0.375,0.680
800,119,1387.845,857.483,52.770,1378,850,18,13,0.537,20.248,1378,862,32.905,10.111,2.217,0.451,0.768
801,33,1325.076,855.773,25.799,1322,851,6,9,0.623,9.487,1324,860,71.565,6.000,1.871,0.534,0.717
802,61,1348.828,854.828,44.527,1341,851,14,9,0.387,15.652,1341,851,153.435,9.000,1.832,0.546,0.639
803,42,1295.000,855.333,29.799,1289,852,10,8,0.594,11.662,1289,853,149.036,7.211,1.638,0.610,0.724
804,83,1250.620,858.404,51.941,1240,853,19,10,0.387,19.925,1240,862,17.526,10.000,2.606,0.384,0.599
805,34,1313.500,855.824,26.142,1308,854,11,4,0.625,11.402,1308,857,15.255,4.000,3.117,0.321,0.850
806,75,1427.487,863.673,44.042,1421,854,11,16,0.486,17.000,1422,869,61.928,8.872,2.294,0.436,0.679
807,69,1435.138,859.645,35.556,1431,854,8,12,0.686,13.038,1432,855,122.471,8.000,1.589,0.629,0.821
808,42,1284.619,860.190,39.113,1279,855,10,11,0.345,13.038,1282,866,57.529,7.071,2.301,0.435,0.596
809,102,1362.520,859.392,57.941,1352,855,20,11,0.382,20.224,1352,860,171.469,11.000,2.473,0.404,0.604
810,85,1058.488,861.994,33.213,1054,856,9,12,0.968,12.369,1057,856,104.036,9.000,1.285,0.778,0.919
811,131,1192.927,866.134,70.083,1186,857,14,24,0.335,24.187,1192,857,97.125,13.864,1.633,0.613,0.609
812,34,1332.647,860.765,22.971,1329,857,7,8,0.810,9.434,1329,857,122.005,6.128,1.770,0.565,0.810
813,29,1222.121,861.603,28.142,1216,858,10,6,0.460,10.440,1216,862,16.699,6.000,2.071,0.483,0.652
814,27,1320.278,861.426,22.385,1317,858,6,8,0.677,9.434,1318,858,122.005,5.657,1.850,0.541,0.730
815,81,1405.784,861.895,47.456,1399,858,16,9,0.452,17.889,1399,867,26.565,9.000,2.161,0.463,0.761
816,27,1203.204,863.093,22.971,1200,859,6,9,0.643,9.849,1201,859,113.962,5.154,2.279,0.439,0.730
817,25,1273.700,862.940,18.142,1271,860,6,6,0.954,7.810,1271,866,39.806,5.657,1.448,0.690,0.862
818,60,1302.550,864.167,34.870,1296,860,12,8,0.620,13.416,1296,866,26.565,8.000,1.740,0.575,0.769
819,25,1345.740,862.300,26.627,1342,860,9,6,0.443,9.220,1342,863,12.529,6.000,1.583,0.632,0.633
820,49,1250.765,864.724,31.799,1245,861,13,7,0.609,13.153,1245,866,8.746,6.740,1.926,0.519,0.754
821,89,1390.669,865.725,45.456,1382,861,16,10,0.541,17.088,1382,868,20.556,9.099,2.144,0.466,0.754
822,60,512.967,868.150,35.456,508,862,11,11,0.600,13.038,508,865,147.529,8.746,1.591,0.629,0.769
823,33,1212.894,866.621,30.284,1208,863,9,8,0.452,10.000,1208,865,143.130,7.778,1.129,0.886,0.647
824,26,1367.462,868.192,20.728,1365,864,5,8,0.760,8.544,1366,864,110.556,4.903,1.979,0.505,0.788
825,29,1375.879,866.052,27.556,1369,864,12,4,0.480,12.369,1369,864,165.964,4.000,2.872,0.348,0.725
826,41,1316.061,869.671,32.385,1311,865,8,9,0.491,10.296,1313,874,60.945,8.000,1.276,0.784,0.689
827,30,1335.333,869.933,23.556,1332,865,6,8,0.679,9.434,1333,873,57.995,6.000,1.512,0.661,0.800
828,46,1343.696,871.652,39.113,1339,866,9,11,0.378,14.213,1339,866,129.289,7.649,1.898,0.527,0.643
829,110,1182.255,876.073,54.184,1175,867,14,17,0.471,18.385,1178,884,67.620,10.800,2.002,0.499,0.756
830,43,1296.942,870.756,40.042,1289,867,16,7,0.337,16.492,1289,874,14.036,6.468,2.957,0.338,0.597
831,97,580.325,874.046,40.527,574,868,13,13,0.742,13.928,576,868,111.038,11.628,1.273,0.786,0.826
832,54,1398.648,871.667,31.799,1393,868,12,7,0.671,13.416,1393,875,26.565,6.412,2.186,0.457,0.800
833,40,1325.700,872.675,31.213,1320,869,12,7,0.516,12.369,1320,871,165.964,6.063,2.708,0.369,0.702
834,69,1384.181,873.210,44.042,1376,869,16,8,0.447,16.279,1376,872,169.380,8.000,2.298,0.435,0.738
835,26,1425.038,873.846,20.142,1422,871,6,6,0.805,7.810,1422,876,39.806,6.000,1.265,0.791,0.812
836,82,1403.866,877.427,43.456,1397,872,14,11,0.546,17.029,1397,883,40.236,8.272,2.298,0.435,0.763
837,104,522.173,880.596,50.184,514,873,16,16,0.519,21.260,514,873,131.186,8.875,2.966,0.337,0.776
838,70,1368.229,880.886,48.042,1360,873,13,13,0.381,16.401,1361,886,52.431,10.293,1.910,0.524,0.606
839,55,1340.373,878.882,37.456,1334,874,12,9,0.493,12.649,1334,878,161.565,8.321,1.522,0.657,0.692
840,45,1321.767,877.811,28.385,1316,875,12,6,0.702,12.649,1316,876,161.565,5.942,2.499,0.400,0.818
841,37,1415.716,878.338,23.899,1412,875,7,7,0.814,9.899,1412,875,135.000,6.548,1.548,0.646,0.860
842,42,1392.429,879.429,27.556,1387,876,10,7,0.695,10.440,1387,880,16.699,7.000,1.637,0.611,0.778
843,46,1331.522,883.435,32.042,1328,877,7,11,0.563,11.705,1329,877,109.983,7.000,1.777,0.563,0.730
844,43,1423.500,880.570,23.556,1420,877,7,8,0.974,8.602,1420,878,144.462,7.000,1.089,0.918,0.887
845,27,1384.056,883.204,21.314,1382,879,4,9,0.747,9.220,1383,879,102.529,4.000,2.010,0.497,0.871
846,78,1410.615,886.410,38.627,1406,880,10,13,0.657,15.264,1408,880,121.608,9.066,1.836,0.545,0.817
847,87,1172.649,888.753,41.941,1166,881,12,15,0.622,15.297,1171,896,78.690,9.184,1.592,0.628,0.787
848,52,1264.654,886.000,37.213,1258,881,13,9,0.472,15.811,1258,881,145.305,6.498,2.724,0.367,0.717
849,94,1276.096,887.021,49.698,1267,881,16,14,0.478,20.616,1267,881,140.906,8.951,2.527,0.396,0.740
850,58,1378.500,886.828,34.627,1373,881,10,11,0.608,14.213,1374,881,129.289,7.318,2.288,0.437,0.744
851,43,1401.942,885.826,25.314,1398,882,8,7,0.843,9.899,1398,889,45.000,7.000,1.269,0.788,0.878
852,35,1299.814,885.986,26.627,1296,883,8,8,0.620,9.434,1298,891,57.995,7.603,1.201,0.832,0.737
853,27,1417.907,885.426,17.899,1415,883,6,5,1.000,7.211,1415,883,146.310,5.000,1.210,0.826,0.947
854,28,306.321,887.964,22.971,304,884,5,8,0.667,8.944,305,884,116.565,5.000,1.843,0.542,0.778
855,59,1234.534,889.110,40.042,1230,884,10,11,0.462,13.601,1230,895,53.973,8.485,1.947,0.514,0.690
856,74,1389.959,889.270,37.799,1385,884,12,11,0.651,14.422,1385,895,33.690,10.286,1.449,0.690,0.787
857,28,1342.286,888.036,26.627,1337,885,10,6,0.496,10.198,1337,887,168.690,5.942,2.013,0.497,0.651
858,46,532.935,892.522,28.627,529,887,9,10,0.705,10.817,531,887,123.690,6.658,1.909,0.524,0.793
859,67,1353.828,895.127,48.284,1345,887,15,14,0.361,17.804,1345,898,38.157,8.400,2.668,0.375,0.545
860,33,1293.621,893.076,32.385,1290,888,7,9,0.395,10.817,1290,888,123.690,7.000,1.660,0.602,0.600
861,26,1435.500,890.308,18.728,1432,888,7,5,0.932,7.280,1432,889,164.055,5.000,1.356,0.738,0.867
862,38,1009.789,894.711,25.899,1008,889,4,11,0.712,11.402,1008,889,105.255,4.000,2.699,0.370,0.938
863,41,1425.427,893.598,35.799,1421,889,10,10,0.402,13.454,1421,899,41.987,7.211,2.339,0.427,0.599
864,58,1321.259,898.707,39.698,1317,890,9,15,0.462,15.811,1319,905,71.565,8.374,1.908,0.524,0.641
865,88,1407.682,895.909,52.527,1400,890,19,10,0.401,19.235,1400,895,171.027,9.497,2.442,0.409,0.667
866,43,337.012,898.012,32.627,332,892,8,10,0.508,11.402,332,902,52.125,7.842,1.678,0.596,0.662
867,111,1162.347,899.977,48.426,1154,892,16,16,0.595,18.601,1157,908,53.746,10.243,2.351,0.425,0.755
868,26,1241.808,893.462,24.728,1236,892,11,3,0.534,11.180,1236,895,10.305,3.000,3.499,0.286,0.839
869,36,1299.972,896.194,25.799,1296,892,8,8,0.680,10.000,1297,900,53.130,6.600,1.692,0.591,0.750
870,121,1363.690,901.756,61.941,1357,893,19,15,0.396,20.248,1357,897,159.775,14.041,1.558,0.642,0.639
871,32,1368.062,895.281,20.728,1364,893,8,5,0.936,8.944,1364,893,153.435,5.000,1.832,0.546,0.901
872,64,1393.328,897.828,38.284,1386,893,13,9,0.549,14.318,1386,896,155.225,7.906,1.935,0.517,0.740
873,56,1434.732,897.786,31.799,1431,893,8,10,0.696,12.207,1431,893,124.992,7.891,1.413,0.708,0.842
874,72,1206.458,902.819,45.355,1201,895,11,14,0.440,15.232,1202,909,66.801,10.394,1.722,0.581,0.649
875,25,1277.860,897.740,19.556,1274,895,7,6,0.821,8.485,1274,895,135.000,5.367,1.620,0.617,0.794
876,100,544.330,905.190,50.426,536,896,17,17,0.494,23.345,536,897,136.736,6.364,4.460,0.224,0.813
877,109,1304.950,903.913,52.184,1297,896,16,14,0.503,16.279,1297,903,169.380,13.136,1.217,0.822,0.703
878,84,1433.690,906.381,49.698,1427,896,12,16,0.427,19.416,1428,896,124.509,9.701,2.111,0.474,0.697
879,25,418.380,899.340,18.142,415,897,7,5,0.954,7.616,415,898,156.801,5.000,1.455,0.687,0.862
880,41,1343.939,902.866,32.042,1339,898,10,8,0.502,12.207,1339,898,145.008,7.155,1.941,0.515,0.672
881,66,623.061,902.667,34.627,617,899,12,8,0.692,12.369,617,904,14.036,8.000,1.470,0.680,0.830
882,32,1328.500,902.312,23.556,1325,899,7,7,0.725,9.899,1325,906,45.000,6.261,1.625,0.615,0.810
883,55,1404.591,903.245,28.971,1400,899,9,8,0.823,10.630,1400,900,138.814,8.000,1.145,0.873,0.866
884,33,1224.621,903.742,24.971,1220,900,9,7,0.665,9.849,1220,903,156.038,6.641,1.587,0.630,0.750
885,40,1353.525,903.925,23.899,1350,900,7,7,0.880,9.220,1350,907,49.399,7.000,1.117,0.895,0.909
886,38,1417.053,903.947,33.213,1412,901,10,8,0.433,11.314,1414,909,45.000,7.071,1.753,0.570,0.644
887,103,1258.354,908.743,65.012,1249,902,19,11,0.306,21.471,1249,902,152.241,9.144,2.677,0.374,0.662
888,31,1286.306,905.823,22.971,1283,902,7,8,0.738,10.630,1283,910,48.814,4.950,2.519,0.397,0.816
889,43,1293.221,908.477,33.213,1289,903,8,10,0.490,10.440,1293,913,73.301,7.891,1.277,0.783,0.729
890,30,536.100,908.800,25.799,531,905,10,7,0.566,12.207,531,905,145.008,4.919,3.249,0.308,0.706
891,101,1378.054,912.203,53.355,1372,905,13,15,0.446,17.029,1372,918,40.236,11.068,1.598,0.626,0.697
892,42,1409.310,910.833,28.385,1406,905,6,11,0.655,11.402,1408,916,74.745,6.000,1.930,0.518,0.785
893,83,1214.018,912.187,39.113,1209,906,10,13,0.682,13.928,1212,906,111.038,10.000,1.361,0.735,0.818
894,47,1324.819,909.649,33.799,1318,906,13,7,0.517,14.318,1318,912,24.775,6.063,3.058,0.327,0.723
895,48,1423.750,908.521,28.385,1418,906,11,6,0.749,11.705,1418,910,19.983,6.000,1.897,0.527,0.865
896,60,1312.783,912.417,30.627,1308,907,9,11,0.804,11.402,1312,907,105.255,8.222,1.466,0.682,0.816
897,71,768.782,916.430,39.899,766,908,5,17,0.560,17.464,767,908,103.241,5.000,3.820,0.262,0.910
898,92,887.130,914.500,37.213,882,908,9,14,0.835,14.560,885,908,105.945,9.000,1.684,0.594,0.915
899,31,1177.145,910.113,29.556,1170,908,13,5,0.446,13.342,1170,908,167.005,4.279,4.288,0.233,0.705
900,28,1223.821,911.036,22.971,1220,908,9,6,0.667,10.296,1220,908,150.945,4.919,2.312,0.433,0.778
901,61,1353.074,911.680,36.627,1346,908,13,8,0.571,13.601,1346,913,17.103,8.000,1.352,0.739,0.767
902,34,1396.059,912.265,23.556,1393,908,6,9,0.770,9.220,1395,908,102.529,5.687,1.834,0.545,0.800
903,28,1402.071,910.571,18.728,1399,908,7,5,1.000,7.810,1399,908,140.194,5.000,1.406,0.711,0.903
904,27,1288.130,913.352,19.899,1285,910,6,6,0.857,7.810,1286,910,129.806,6.000,1.236,0.809,0.871
905,54,1388.519,915.019,32.042,1382,911,11,9,0.661,11.662,1382,914,149.036,8.272,1.498,0.668,0.735
906,30,1206.000,914.567,19.314,1203,912,6,6,1.000,7.211,1203,912,123.690,6.000,1.038,0.963,0.938
907,26,537.538,918.192,26.971,535,913,5,11,0.449,11.180,537,913,100.305,4.768,2.957,0.338,0.634
908,43,554.872,917.081,26.627,550,913,10,8,0.762,11.180,550,914,153.435,6.364,1.722,0.581,0.811
909,60,774.333,923.300,46.142,772,913,4,21,0.354,21.095,773,913,95.440,4.000,5.972,0.167,0.833
910,36,1235.194,915.833,30.385,1231,913,9,8,0.490,10.630,1232,921,41.186,6.872,1.837,0.544,0.679
911,42,1293.738,918.833,37.698,1289,913,10,12,0.371,15.620,1289,925,50.194,6.364,2.745,0.364,0.609
912,51,1415.794,917.892,31.213,1412,913,7,11,0.658,13.038,1412,913,122.471,7.000,2.034,0.492,0.829
913,73,1226.007,922.541,45.698,1221,914,9,17,0.439,17.720,1224,931,73.610,7.906,2.789,0.359,0.689
914,61,1257.369,920.533,36.971,1251,914,10,11,0.561,14.866,1251,925,47.726,8.600,1.961,0.510,0.772
915,65,1365.208,919.515,36.042,1360,914,10,11,0.629,12.728,1360,923,45.000,8.835,1.590,0.629,0.783
916,40,1399.225,919.750,26.385,1396,915,7,10,0.722,10.770,1397,925,68.199,6.800,1.792,0.558,0.784
917,53,1264.858,920.783,30.142,1261,916,8,10,0.733,12.207,1262,926,55.008,7.273,1.777,0.563,0.815
918,28,1178.643,921.571,22.142,1176,917,5,9,0.718,9.220,1178,917,102.529,5.000,1.868,0.535,0.812
919,65,1210.438,922.131,49.941,1204,917,13,12,0.327,13.928,1204,925,21.038,10.636,1.258,0.795,0.583
920,49,1409.827,922.704,28.627,1406,918,8,10,0.751,11.180,1407,918,116.565,7.778,1.549,0.646,0.810
921,50,564.120,924.920,32.284,559,919,11,11,0.603,13.038,559,921,147.529,5.657,2.658,0.376,0.763
922,38,734.895,923.132,22.971,731,920,8,7,0.905,9.434,731,925,32.005,6.364,1.585,0.631,0.884
923,41,1153.378,926.500,28.971,1150,920,7,11,0.614,11.705,1152,920,109.983,6.791,1.894,0.528,0.726
924,47,1300.947,925.415,32.385,1295,921,12,8,0.563,13.892,1295,922,149.744,6.086,2.868,0.349,0.712
925,64,1321.656,926.078,42.284,1316,922,14,9,0.450,14.560,1316,927,15.945,9.000,1.497,0.668,0.719
926,26,1402.769,924.923,19.314,1400,922,6,6,0.876,7.810,1400,928,50.194,6.000,1.386,0.722,0.852
927,51,1268.598,929.147,37.456,1263,924,10,11,0.457,12.806,1263,927,141.340,9.839,1.113,0.899,0.642
928,32,1416.500,928.219,23.799,1413,924,7,8,0.710,8.544,1415,924,110.556,6.364,1.316,0.760,0.780
929,73,1423.240,931.555,43.941,1418,924,11,14,0.475,15.620,1418,937,50.194,8.507,2.113,0.473,0.689
930,89,1297.624,932.028,47.698,1288,927,16,11,0.492,16.763,1288,930,162.646,10.286,1.617,0.619,0.721
931,26,561.308,931.346,18.728,559,928,5,7,0.932,7.616,560,935,66.801,5.000,1.622,0.616,0.867
932,127,1124.909,936.760,52.912,1116,928,19,18,0.570,21.633,1119,946,56.310,8.139,3.038,0.329,0.791
933,40,1239.975,932.475,30.627,1234,928,11,9,0.536,13.454,1234,937,41.987,4.950,2.913,0.343,0.741
934,54,1384.370,931.981,33.799,1378,928,14,7,0.594,14.866,1378,934,19.654,6.183,2.667,0.375,0.783
935,26,392.231,932.462,24.971,387,929,10,6,0.524,11.662,387,935,30.964,4.713,3.270,0.306,0.684
936,93,575.704,935.952,48.426,567,929,18,14,0.498,20.591,567,931,150.945,7.400,3.640,0.275,0.765
937,25,1361.860,932.260,18.485,1359,929,5,6,0.919,7.810,1359,935,50.194,5.000,1.442,0.694,0.926
938,96,1255.729,934.969,59.841,1247,930,17,11,0.337,17.263,1247,930,169.992,10.791,1.573,0.636,0.681
939,126,1308.746,938.246,62.669,1303,930,13,20,0.403,21.024,1304,950,64.654,12.690,1.736,0.576,0.708
940,50,1331.880,935.000,31.213,1327,930,9,10,0.645,10.817,1330,940,56.310,8.538,1.389,0.720,0.730
941,39,1344.218,935.167,30.627,1340,931,8,8,0.522,10.000,1340,931,126.870,7.891,1.173,0.853,0.729
942,41,1394.134,935.451,26.385,1391,931,7,9,0.740,9.487,1392,931,108.435,7.000,1.406,0.711,0.796
943,25,1181.860,935.780,19.556,1179,932,6,7,0.821,8.602,1179,932,125.538,5.578,1.752,0.571,0.794
944,32,1286.875,935.281,26.385,1282,933,10,6,0.578,10.770,1282,938,21.801,5.618,2.036,0.491,0.736
945,70,1319.600,942.171,46.770,1314,933,10,16,0.402,16.279,1319,949,79.380,9.687,1.890,0.529,0.636
946,65,1245.854,941.285,41.456,1241,934,11,12,0.475,15.620,1241,934,129.806,9.527,1.670,0.599,0.688
947,68,1387.412,941.676,42.627,1383,934,8,15,0.470,15.133,1389,934,97.595,8.000,1.946,0.514,0.708
948,42,508.833,937.905,30.142,503,935,12,6,0.581,13.416,503,941,26.565,5.233,3.149,0.318,0.778
949,27,1206.167,938.167,20.728,1203,935,7,6,0.790,9.220,1203,941,40.601,5.367,1.908,0.524,0.844
950,59,1219.347,939.720,40.042,1213,935,13,11,0.462,15.000,1214,936,143.130,7.985,2.463,0.406,0.618
951,46,1265.717,939.478,35.456,1261,935,11,8,0.460,11.402,1261,941,15.255,8.000,1.106,0.904,0.676
952,69,1336.659,941.746,38.042,1332,935,9,12,0.599,13.000,1333,947,67.380,9.000,1.670,0.599,0.758
953,32,1379.188,937.875,23.556,1375,935,9,5,0.725,9.487,1375,937,161.565,5.000,2.033,0.492,0.853
954,34,355.265,939.765,31.213,350,936,11,7,0.439,12.207,351,936,145.008,6.326,2.724,0.367,0.642
955,29,1017.914,943.293,30.142,1016,936,4,13,0.401,13.153,1017,936,98.746,4.000,4.335,0.231,0.716
956,30,1325.833,940.000,24.728,1323,936,6,7,0.617,9.220,1323,936,130.601,6.000,1.518,0.659,0.789
957,43,1362.267,939.337,32.627,1357,936,11,6,0.508,11.402,1357,941,15.255,6.000,1.939,0.516,0.761
958,27,1145.759,943.352,26.627,1142,938,7,10,0.479,10.770,1143,948,68.199,6.040,2.249,0.445,0.587
959,44,1344.568,944.250,26.385,1341,940,7,9,0.794,10.630,1341,949,48.814,7.000,1.302,0.768,0.822
960,99,1111.793,948.419,46.184,1104,941,14,15,0.583,15.524,1111,956,75.069,10.620,1.451,0.689,0.759
961,38,1378.474,945.105,27.556,1375,941,7,9,0.629,10.000,1376,950,53.130,7.000,1.322,0.756,0.760
962,45,1395.900,945.256,29.213,1392,941,8,10,0.663,11.662,1393,951,59.036,7.452,1.720,0.582,0.776
963,26,442.308,946.115,21.556,440,942,6,8,0.703,8.062,441,942,97.125,6.000,1.237,0.809,0.788
964,64,589.172,947.312,33.456,584,942,11,10,0.719,13.454,585,942,131.987,8.433,1.914,0.522,0.810
965,45,1124.278,947.389,30.385,1119,942,9,9,0.613,12.728,1119,951,45.000,7.496,1.923,0.520,0.783
966,29,1132.707,945.017,21.556,1129,942,8,6,0.784,8.944,1129,942,153.435,5.942,1.689,0.592,0.773
967,80,1259.075,948.350,43.698,1253,942,12,13,0.526,14.142,1254,943,135.000,10.286,1.759,0.568,0.717
968,37,1219.878,946.824,23.556,1216,943,8,7,0.838,9.434,1216,945,147.995,6.934,1.436,0.696,0.841
969,44,1328.409,947.750,25.314,1325,944,7,8,0.863,10.630,1325,944,131.186,6.740,1.501,0.666,0.907
970,57,1166.500,949.904,29.556,1161,946,10,8,0.820,10.817,1162,947,146.310,8.000,1.289,0.776,0.844
971,120,1434.092,955.367,50.870,1427,946,12,17,0.583,18.601,1427,962,53.746,11.327,1.958,0.511,0.755
972,45,1189.278,949.900,41.213,1180,947,18,6,0.333,18.111,1180,950,173.660,5.091,4.315,0.232,0.643
973,36,1384.639,950.306,28.385,1381,947,10,7,0.561,10.440,1381,948,163.301,6.731,1.613,0.620,0.699
974,123,1362.931,956.183,54.284,1356,948,13,19,0.525,21.024,1360,967,64.654,10.976,2.194,0.456,0.726
975,104,1373.990,957.423,64.184,1369,948,13,17,0.317,17.263,1371,948,100.008,12.988,1.291,0.775,0.678
976,84,739.036,953.988,34.385,734,949,10,11,0.893,13.038,736,960,57.529,10.000,1.297,0.771,0.903
977,112,1322.893,955.866,55.598,1313,949,18,14,0.455,18.439,1313,957,12.529,12.652,1.446,0.691,0.707
978,57,1336.430,955.009,40.042,1332,949,9,12,0.447,12.207,1333,951,124.992,8.931,1.329,0.753,0.671
979,115,604.952,958.526,60.083,594,950,23,17,0.400,27.019,595,950,141.009,6.800,5.429,0.184,0.742
980,32,1131.094,952.688,22.142,1128,950,7,7,0.820,8.062,1128,950,119.745,7.000,1.108,0.903,0.810
981,72,1102.694,955.806,34.284,1096,951,12,9,0.770,12.649,1096,955,161.565,9.000,1.279,0.782,0.837
982,41,1395.207,954.598,32.385,1390,951,9,7,0.491,9.849,1390,954,156.038,7.000,1.248,0.801,0.804
983,36,449.583,957.833,32.042,445,952,11,10,0.441,12.806,447,952,128.660,5.657,2.871,0.348,0.595
984,54,460.944,956.685,42.870,455,952,13,8,0.369,13.416,455,954,153.435,8.000,2.177,0.459,0.610
985,62,1217.177,956.355,34.870,1212,952,12,9,0.641,12.166,1212,955,170.538,9.000,1.323,0.756,0.734
986,66,1421.606,958.197,37.213,1417,952,9,12,0.599,12.649,1419,964,71.565,8.928,1.409,0.710,0.754
987,52,1117.942,957.385,28.971,1113,953,9,9,0.779,10.296,1113,956,150.945,8.485,1.173,0.853,0.819
988,30,1284.333,956.467,22.971,1280,953,9,6,0.714,9.220,1280,956,167.471,5.883,1.727,0.579,0.789
989,100,1408.770,959.040,57.355,1399,953,19,11,0.382,19.647,1399,964,14.744,9.675,2.503,0.399,0.660
990,62,381.226,958.871,47.598,376,954,11,11,0.344,14.213,376,954,140.711,10.577,1.352,0.740,0.633
991,46,1193.913,959.500,30.971,1189,954,8,11,0.603,11.180,1194,954,100.305,8.000,1.271,0.787,0.719
992,50,1255.500,959.220,41.113,1250,954,11,11,0.372,13.038,1251,954,122.471,7.778,2.076,0.482,0.649
993,97,1163.294,960.655,54.184,1155,955,16,13,0.415,17.088,1155,962,20.556,12.637,1.559,0.641,0.642
994,33,422.621,959.136,26.971,417,956,11,6,0.570,11.180,417,959,169.695,6.000,1.877,0.533,0.742
995,65,1386.638,962.669,37.456,1382,956,10,13,0.582,14.422,1382,968,56.310,8.322,2.230,0.448,0.734
996,84,1091.310,963.369,40.284,1085,957,13,12,0.650,15.620,1086,969,50.194,9.328,1.962,0.510,0.796
997,55,1202.845,962.936,33.799,1197,958,12,9,0.605,14.422,1197,966,33.690,6.934,2.488,0.402,0.764
998,102,1222.657,965.039,63.598,1212,958,21,13,0.317,21.095,1212,970,5.440,12.093,1.755,0.570,0.570
999,29,1109.500,962.362,24.971,1104,959,10,6,0.584,10.770,1104,964,21.801,4.919,2.896,0.345,0.716
1000,34,1173.618,962.265,22.142,1170,959,8,6,0.871,8.944,1170,965,26.565,6.000,1.594,0.627,0.861
1001,37,1275.959,962.824,24.971,1272,959,9,7,0.746,10.817,1272,966,33.690,6.128,2.037,0.491,0.813
1002,77,1393.422,966.253,43.698,1388,959,10,14,0.507,16.125,1389,973,60.255,9.391,1.808,0.553,0.723
1003,44,1316.045,963.182,31.799,1311,960,11,6,0.547,11.705,1311,960,160.017,6.000,2.152,0.465,0.733
1004,56,1341.268,969.054,42.042,1336,960,8,16,0.398,16.125,1341,976,82.875,8.000,2.515,0.398,0.671
1005,52,1150.923,965.962,30.042,1146,961,10,9,0.724,11.662,1146,970,30.964,7.778,1.597,0.626,0.806
1006,36,1330.056,964.250,24.385,1326,961,9,7,0.761,9.220,1326,964,12.529,7.000,1.306,0.766,0.774
1007,121,1294.384,972.839,70.669,1283,962,20,22,0.304,22.361,1283,971,153.435,15.741,1.887,0.530,0.523
1008,48,1190.771,967.000,33.456,1186,963,10,8,0.539,10.817,1186,964,146.310,7.495,1.539,0.650,0.744
1009,36,1411.444,966.083,25.799,1408,963,8,7,0.680,9.434,1408,968,32.005,7.000,1.375,0.727,0.750
1010,37,1249.662,969.608,32.385,1246,964,10,10,0.443,10.770,1246,973,21.801,9.179,1.133,0.882,0.607
1011,29,1378.362,967.707,21.556,1375,964,6,8,0.784,8.544,1377,964,110.556,5.814,1.636,0.611,0.795
1012,28,619.321,969.071,20.971,617,965,6,8,0.800,8.246,618,965,104.036,6.000,1.331,0.751,0.789
1013,95,1079.353,971.342,46.770,1071,965,17,12,0.546,17.117,1071,974,6.710,9.998,2.089,0.479,0.734
1014,27,1347.389,968.352,19.556,1345,965,6,7,0.887,7.810,1345,965,140.194,6.000,1.103,0.907,0.831
1015,39,1400.192,969.808,34.284,1396,965,8,10,0.417,12.207,1396,975,55.008,7.562,1.878,0.532,0.634
1016,40,1316.100,969.625,26.627,1311,966,9,8,0.709,9.849,1311,968,156.038,7.071,1.346,0.743,0.800
1017,36,1370.278,968.556,24.971,1366,966,9,6,0.726,10.000,1366,966,143.130,5.590,2.058,0.486,0.791
1018,39,427.782,971.782,30.971,424,967,10,9,0.511,12.207,424,967,145.008,6.859,2.059,0.486,0.629
1019,82,1155.902,972.878,38.627,1150,967,11,12,0.691,14.142,1150,977,45.000,10.028,1.451,0.689,0.808
1020,47,1205.330,970.500,34.870,1199,967,13,7,0.486,13.601,1199,968,162.897,6.788,2.299,0.435,0.707
1021,106,1225.245,974.481,60.527,1220,967,12,15,0.364,16.553,1222,967,115.017,12.000,1.150,0.870,0.709
1022,56,1303.893,974.321,32.870,1300,968,8,12,0.651,13.416,1300,968,116.565,7.649,1.887,0.530,0.783
1023,34,1356.118,970.853,21.556,1352,968,8,6,0.919,9.434,1352,968,147.995,5.814,1.748,0.572,0.872
1024,61,1408.697,974.336,39.213,1404,968,10,12,0.499,13.892,1404,968,120.256,9.459,1.571,0.637,0.709
1025,47,627.096,973.755,27.799,623,969,9,9,0.764,11.402,624,969,127.875,6.600,1.956,0.511,0.839
1026,36,1178.194,973.417,25.213,1174,969,9,8,0.712,10.817,1174,970,146.310,4.992,2.527,0.396,0.800
1027,33,1187.197,972.500,27.556,1182,969,10,6,0.546,11.662,1182,969,149.036,5.093,2.746,0.364,0.710
1028,56,1198.429,974.429,32.627,1193,969,11,10,0.661,12.207,1196,969,124.992,8.222,1.732,0.577,0.778
1029,37,1101.635,975.068,36.042,1096,970,11,8,0.358,11.705,1096,973,160.017,8.000,1.970,0.508,0.552
1030,32,1310.500,974.219,20.728,1308,970,5,8,0.936,8.246,1310,970,104.036,5.000,1.514,0.661,0.901
1031,75,1388.833,976.273,46.770,1382,970,14,13,0.431,17.029,1384,970,130.236,8.732,2.169,0.461,0.644
1032,25,1114.620,975.980,23.314,1113,971,3,10,0.578,10.198,1114,981,78.690,3.000,3.331,0.300,0.877
1033,33,1415.682,976.864,28.142,1413,971,5,10,0.524,10.440,1415,971,106.699,5.000,2.041,0.490,0.805
1034,71,1333.359,977.176,51.598,1323,972,17,10,0.335,17.117,1323,978,6.710,9.864,1.921,0.521,0.648
1035,138,1365.565,978.558,66.669,1357,972,18,16,0.390,20.591,1357,983,29.055,15.077,1.301,0.768,0.659
1036,66,1174.227,979.288,42.870,1168,973,14,11,0.451,14.422,1170,973,146.310,9.432,1.572,0.636,0.650
1037,118,1377.356,980.746,47.941,1370,973,16,13,0.645,16.492,1370,984,14.036,12.200,1.359,0.736,0.792
1038,34,1421.588,977.912,24.385,1419,973,6,9,0.719,9.487,1419,982,71.565,6.000,1.609,0.622,0.810
1039,103,1065.335,980.578,57.598,1057,974,16,13,0.390,17.029,1058,986,40.236,12.208,1.855,0.539,0.675
1040,28,1241.821,977.357,20.971,1238,974,7,7,0.800,8.602,1239,974,125.538,5.600,1.726,0.579,0.767
1041,52,1314.731,979.481,29.456,1310,974,9,10,0.753,11.402,1310,983,37.875,7.028,1.864,0.536,0.806
1042,54,1352.611,978.537,35.799,1346,974,12,8,0.529,13.000,1346,980,22.620,8.000,1.543,0.648,0.735
1043,84,1401.893,981.571,45.941,1396,974,11,15,0.500,15.811,1399,989,71.565,10.429,1.656,0.604,0.721
1044,100,640.110,982.560,51.598,632,975,16,17,0.472,20.809,633,975,125.218,9.192,2.499,0.400,0.714
1045,80,1013.750,985.000,45.556,1011,975,6,20,0.484,20.224,1012,975,98.531,5.373,4.385,0.228,0.829
1046,35,1089.929,977.786,26.627,1085,975,10,6,0.620,11.180,1085,981,26.565,5.754,2.015,0.496,0.761
1047,29,342.155,981.052,29.213,338,976,8,10,0.427,12.806,338,986,51.340,4.630,3.829,0.261,0.637
1048,50,1207.960,983.600,38.042,1203,976,10,13,0.434,14.318,1207,976,114.775,8.497,1.985,0.504,0.633
1049,36,1234.111,980.750,31.213,1230,976,10,8,0.464,10.198,1230,980,168.690,8.000,1.111,0.900,0.632
1050,27,1292.019,979.315,21.799,1288,977,8,5,0.714,8.944,1288,977,153.435,5.000,2.056,0.486,0.794
1051,35,1142.386,982.014,24.385,1139,978,7,8,0.740,9.220,1140,979,130.601,6.472,1.397,0.716,0.814
1052,25,333.380,983.740,30.042,328,979,11,8,0.348,13.038,328,986,32.471,4.472,3.734,0.268,0.538
1053,26,453.577,981.923,20.728,450,979,6,7,0.760,9.220,450,979,130.601,5.200,1.994,0.502,0.825
1054,48,1276.292,983.896,34.870,1272,979,9,10,0.496,11.180,1273,989,63.435,8.731,1.326,0.754,0.671
1055,37,1093.797,984.257,24.728,1090,980,7,7,0.760,9.220,1090,987,40.601,7.000,1.341,0.746,0.881
1056,43,1321.733,984.035,30.385,1316,980,11,7,0.585,12.530,1316,986,28.610,6.456,1.939,0.516,0.789
1057,133,1346.305,991.929,73.397,1339,980,15,24,0.310,27.295,1340,980,118.443,10.028,3.487,0.287,0.639
1058,38,498.500,984.895,29.213,493,981,11,7,0.560,11.402,493,987,15.255,6.128,2.283,0.438,0.691
1059,32,1108.562,985.875,30.627,1103,981,10,9,0.429,12.806,1103,981,141.340,5.270,3.200,0.313,0.621
1060,27,1214.981,983.130,20.728,1212,981,7,6,0.790,8.485,1213,987,45.000,6.000,1.543,0.648,0.857
1061,33,1328.803,986.682,27.799,1325,981,7,9,0.537,9.487,1326,990,71.565,6.871,1.255,0.797,0.733
1062,30,1335.933,985.467,22.728,1333,981,7,7,0.730,9.899,1333,981,135.000,5.824,1.803,0.555,0.822
1063,50,1386.960,985.980,30.385,1383,981,8,11,0.681,12.530,1385,992,61.390,7.031,1.994,0.502,0.820
1064,62,1413.661,986.887,40.627,1409,981,9,14,0.472,15.652,1409,981,116.565,8.683,2.246,0.445,0.653
1065,92,1050.946,988.554,45.941,1042,982,16,12,0.548,16.553,1042,990,25.017,9.258,2.002,0.500,0.773
1066,28,1287.321,984.250,26.385,1282,982,11,5,0.505,11.705,1282,987,19.983,4.603,3.092,0.323,0.691
1067,69,1421.674,988.225,39.456,1416,982,11,12,0.557,14.422,1417,994,56.310,8.575,2.055,0.487,0.738
1068,25,394.220,985.580,20.971,390,983,8,6,0.714,8.544,390,983,159.444,5.590,1.735,0.576,0.735
1069,36,1352.361,985.889,27.799,1347,983,11,6,0.585,11.705,1347,988,19.983,5.769,2.480,0.403,0.713
1070,63,1135.262,989.262,36.284,1128,984,13,10,0.601,14.765,1128,994,28.301,8.875,1.908,0.524,0.733
1071,35,1229.871,988.700,25.799,1227,984,7,9,0.661,10.000,1227,993,53.130,5.814,2.009,0.498,0.778
1072,34,1362.324,987.912,22.971,1359,984,7,8,0.810,8.602,1360,992,54.462,6.905,1.280,0.781,0.791
1073,63,1393.468,988.929,30.627,1388,984,10,10,0.844,12.207,1390,994,55.008,7.778,1.641,0.609,0.875
1074,51,651.853,988.951,30.971,646,985,12,7,0.668,12.649,646,992,18.435,7.000,1.470,0.680,0.797
1075,48,1312.667,989.188,31.213,1307,985,11,8,0.619,11.705,1307,987,160.017,8.000,1.475,0.678,0.744
1076,55,336.864,991.755,40.284,331,986,11,10,0.426,12.083,331,994,24.444,9.683,1.261,0.793,0.683
1077,31,1063.306,989.984,20.971,1060,987,7,7,0.886,8.062,1061,987,119.745,6.957,1.109,0.902,0.805
1078,25,545.900,990.620,18.728,543,988,6,6,0.896,7.211,543,988,146.310,6.000,1.040,0.962,0.833
1079,114,1323.430,994.307,52.770,1316,988,16,12,0.514,17.088,1316,996,20.556,11.806,1.456,0.687,0.763
1080,33,1355.470,990.439,21.314,1351,988,8,5,0.913,8.544,1351,991,20.556,5.000,1.483,0.674,0.930
1081,36,1377.083,990.278,25.556,1372,988,10,6,0.693,10.198,1372,988,168.690,6.000,1.361,0.735,0.809
1082,57,1402.395,992.307,35.799,1395,988,13,8,0.559,14.765,1395,995,28.301,7.672,2.172,0.460,0.750
1083,61,663.385,994.205,38.042,656,990,16,8,0.530,16.492,656,992,165.964,6.008,3.506,0.285,0.758
1084,37,1093.851,993.797,30.042,1089,990,10,9,0.515,12.207,1089,998,34.992,5.657,2.608,0.383,0.718
1085,39,1265.731,994.013,30.627,1262,990,8,9,0.522,10.000,1262,991,143.130,7.273,1.402,0.713,0.703
1086,60,1279.500,994.367,42.870,1272,990,13,11,0.410,16.401,1272,990,142.431,9.031,1.932,0.518,0.656
1087,36,1337.444,993.278,24.728,1333,990,9,6,0.740,10.817,1333,990,146.310,5.425,2.082,0.480,0.847
1088,148,1386.412,1000.453,63.841,1380,991,14,20,0.456,21.260,1380,1011,48.814,14.000,1.465,0.683,0.688
1089,82,912.854,1001.817,42.042,909,993,10,15,0.583,17.000,910,993,118.072,8.497,2.413,0.414,0.766
1090,32,1137.031,995.969,23.314,1133,993,8,6,0.740,9.434,1133,998,32.005,6.000,1.485,0.673,0.810
1091,45,1309.744,996.322,30.627,1304,993,10,7,0.603,10.770,1304,998,21.801,7.000,1.572,0.636,0.769
1092,43,609.826,999.616,37.456,606,994,8,11,0.385,13.601,606,1005,53.973,7.178,1.893,0.528,0.585
1093,67,1359.396,997.500,33.213,1353,994,13,8,0.763,13.601,1353,995,162.897,7.491,2.113,0.473,0.832
1094,57,1422.184,998.991,42.527,1416,994,13,10,0.396,13.342,1416,997,167.005,8.404,1.865,0.536,0.630
1095,30,675.333,999.700,21.556,672,996,7,7,0.811,8.602,672,997,144.462,5.814,1.567,0.638,0.800
1096,54,1165.815,999.000,35.213,1160,996,12,8,0.547,14.422,1160,1004,33.690,7.088,2.476,0.404,0.725
1097,90,1330.733,1001.878,42.284,1324,996,13,12,0.633,15.000,1327,1008,53.130,10.213,1.423,0.703,0.773
1098,52,1374.904,998.808,32.385,1369,996,12,6,0.623,13.000,1369,1002,22.620,6.000,2.370,0.422,0.825
1099,86,1397.337,1004.023,49.113,1393,996,9,17,0.448,18.028,1395,996,109.440,9.000,1.952,0.512,0.714
1100,111,1407.500,1005.590,61.255,1401,997,12,18,0.372,21.095,1402,997,121.430,10.044,2.322,0.431,0.689
1101,57,685.096,1004.061,34.042,680,999,11,9,0.618,14.213,680,999,140.711,7.603,2.126,0.470,0.781
1102,44,1021.886,1003.659,27.213,1018,999,7,10,0.747,10.770,1020,999,111.801,6.325,1.911,0.523,0.822
1103,49,1084.704,1004.561,30.042,1080,999,9,11,0.682,13.601,1080,1010,53.973,5.657,2.871,0.348,0.831
1104,25,1138.460,1003.580,18.728,1136,1000,5,7,0.896,7.616,1137,1007,66.801,5.000,1.527,0.655,0.847
1105,111,1317.788,1005.815,47.355,1310,1000,16,12,0.622,16.279,1310,1009,10.620,11.700,1.465,0.682,0.807
1106,25,1257.860,1004.180,17.899,1255,1001,5,6,0.981,7.211,1256,1007,56.310,5.000,1.330,0.752,0.926
1107,39,1306.141,1004.244,22.971,1302,1001,8,7,0.929,8.602,1303,1007,35.538,6.656,1.352,0.740,0.867
1108,42,1344.000,1006.286,32.385,1341,1001,7,12,0.503,12.369,1344,1013,75.964,7.000,1.676,0.597,0.694
1109,50,358.060,1005.640,30.971,352,1002,12,7,0.655,13.000,352,1009,22.620,6.247,2.423,0.413,0.794
1110,101,1010.094,1007.639,44.870,1002,1002,17,11,0.630,18.358,1002,1012,29.358,8.010,2.714,0.368,0.824
1111,32,1171.312,1004.750,22.971,1168,1002,7,7,0.762,8.602,1168,1002,125.538,7.000,1.135,0.881,0.810
1112,87,1375.121,1007.029,37.799,1370,1002,11,11,0.765,14.866,1370,1013,42.274,10.200,1.641,0.609,0.857
1113,81,1364.488,1008.512,44.627,1360,1003,9,13,0.511,14.318,1361,1003,114.775,9.000,1.251,0.799,0.779
1114,25,545.740,1006.580,18.485,543,1004,5,6,0.919,7.810,543,1004,129.806,5.000,1.329,0.753,0.926
1115,84,699.155,1010.238,41.213,692,1005,16,9,0.621,17.889,692,1005,153.435,7.242,2.764,0.362,0.840
1116,62,1164.210,1008.887,41.456,1158,1005,14,8,0.453,14.866,1158,1006,160.346,8.000,2.190,0.457,0.693
1117,86,1274.988,1011.267,43.698,1269,1005,13,12,0.566,14.765,1269,1015,28.301,10.636,1.696,0.590,0.735
1118,59,1416.619,1010.568,35.213,1412,1005,9,11,0.598,11.705,1415,1005,109.983,8.728,1.518,0.659,0.776
1119,25,556.540,1010.020,25.213,553,1006,8,9,0.494,10.817,554,1015,56.310,4.882,3.070,0.326,0.588
1120,28,1095.286,1007.857,23.556,1090,1006,10,5,0.634,10.440,1090,1006,163.301,5.000,2.460,0.407,0.789
1121,38,1264.947,1011.816,27.556,1261,1006,7,9,0.629,10.296,1263,1006,119.055,7.000,1.191,0.840,0.752
1122,41,1389.695,1009.598,23.556,1386,1006,7,8,0.928,8.602,1386,1012,35.538,7.000,1.135,0.881,0.872
1123,29,1196.086,1010.776,25.556,1192,1007,7,7,0.558,9.220,1192,1013,40.601,6.200,1.800,0.555,0.725
1124,92,1330.511,1014.511,45.698,1326,1007,9,16,0.554,17.088,1328,1023,69.444,9.000,1.782,0.561,0.783
1125,28,1300.643,1012.214,26.627,1297,1008,7,9,0.496,10.296,1297,1017,60.945,6.102,1.930,0.518,0.644
1126,33,689.864,1014.833,28.971,687,1009,6,10,0.494,10.770,688,1009,111.801,5.706,2.223,0.450,0.673
1127,30,1077.233,1014.167,28.385,1075,1009,5,11,0.468,11.402,1075,1009,105.255,5.000,2.911,0.344,0.659
1128,28,1115.357,1012.643,20.385,1112,1009,7,7,0.847,8.602,1113,1009,125.538,4.950,1.983,0.504,0.824
1129,35,385.186,1013.671,29.556,380,1010,12,6,0.503,12.166,380,1013,170.538,6.000,2.570,0.389,0.686
1130,25,1291.580,1012.020,22.728,1287,1010,10,4,0.608,10.198,1287,1011,168.690,3.946,2.925,0.342,0.781
1131,53,1306.066,1015.934,40.042,1302,1010,8,12,0.415,12.649,1305,1010,108.435,7.495,1.877,0.533,0.679
1132,110,1317.236,1015.664,54.527,1310,1010,16,11,0.465,18.358,1310,1020,29.358,11.000,1.680,0.595,0.741
1133,72,1174.153,1018.028,37.113,1168,1012,13,11,0.657,13.342,1168,1017,167.005,9.870,1.342,0.745,0.738
1134,25,1200.020,1015.860,22.971,1196,1012,7,7,0.595,8.062,1197,1019,60.255,6.364,1.422,0.703,0.685
1135,54,1338.815,1017.222,33.799,1335,1012,8,10,0.594,10.817,1337,1022,56.310,8.000,1.301,0.769,0.794
1136,121,1375.434,1019.698,58.184,1368,1012,13,16,0.449,17.804,1369,1014,128.157,12.748,1.480,0.676,0.733
1137,41,1385.280,1015.939,26.385,1381,1012,8,8,0.740,10.000,1382,1012,126.870,6.708,1.558,0.642,0.820
1138,88,1394.739,1019.625,54.426,1390,1012,10,16,0.373,16.279,1394,1012,100.620,10.000,1.856,0.539,0.727
1139,35,561.414,1017.614,28.042,558,1013,6,10,0.559,10.440,559,1013,106.699,6.000,1.937,0.516,0.693
1140,39,1008.628,1017.218,27.799,1003,1013,10,8,0.634,10.198,1003,1016,168.690,6.565,1.689,0.592,0.716
1141,26,378.385,1018.462,20.728,376,1014,5,8,0.760,8.246,377,1022,75.964,5.000,1.726,0.579,0.812
1142,72,1066.528,1018.028,41.456,1059,1014,15,10,0.526,15.297,1059,1018,11.310,8.731,2.290,0.437,0.716
1143,43,1239.570,1020.012,32.042,1236,1014,8,11,0.526,12.806,1236,1014,128.660,6.261,2.552,0.392,0.705
1144,88,1362.636,1019.920,52.184,1354,1014,18,11,0.406,18.682,1354,1019,164.476,8.974,2.440,0.410,0.680
1145,65,1405.238,1018.608,44.284,1399,1014,14,10,0.417,14.318,1399,1019,12.095,9.391,1.503,0.665,0.667
1146,39,370.346,1020.679,38.870,367,1015,7,10,0.324,11.180,368,1015,116.565,7.000,1.484,0.674,0.614
1147,32,1040.500,1019.250,22.142,1037,1015,7,7,0.820,8.602,1037,1022,54.462,6.934,1.167,0.857,0.821
1148,37,1189.338,1018.770,33.213,1183,1015,13,7,0.421,13.892,1183,1022,30.256,4.743,4.025,0.248,0.679
1149,35,706.643,1019.814,26.142,703,1016,9,7,0.644,9.849,703,1023,23.962,7.000,1.253,0.798,0.729
1150,67,1215.828,1024.500,46.770,1210,1016,10,15,0.385,17.000,1211,1016,118.072,8.629,1.989,0.503,0.612
1151,128,1270.734,1021.602,69.841,1260,1016,20,13,0.330,21.541,1260,1019,158.199,11.628,2.064,0.484,0.705
1152,27,514.056,1021.315,26.971,510,1017,10,7,0.466,11.662,510,1018,149.036,4.800,2.773,0.361,0.684
1153,52,1413.442,1020.904,33.213,1408,1017,11,8,0.592,12.530,1408,1024,28.610,6.641,2.223,0.450,0.788
1154,91,965.478,1023.016,44.627,957,1019,17,9,0.574,17.889,958,1028,26.565,7.649,2.868,0.349,0.802
1155,46,1017.804,1023.826,37.113,1013,1019,11,9,0.420,11.402,1013,1025,15.255,8.974,1.369,0.730,0.630
1156,117,1035.517,1027.312,64.426,1028,1019,14,16,0.354,17.692,1028,1022,137.291,13.316,1.256,0.796,0.652
1157,85,744.465,1025.418,42.870,737,1020,14,12,0.581,16.125,737,1021,150.255,9.803,2.145,0.466,0.759
1158,36,1108.306,1022.472,30.385,1102,1020,11,6,0.490,11.705,1102,1021,160.017,6.000,2.603,0.384,0.699
1159,71,1425.134,1024.754,44.870,1420,1020,10,11,0.443,13.454,1420,1020,138.013,9.923,1.084,0.923,0.747
1160,46,993.000,1024.065,35.556,986,1021,14,6,0.457,14.866,986,1022,160.346,6.000,2.421,0.413,0.687
1161,27,1180.463,1024.389,26.971,1175,1021,10,6,0.466,10.440,1175,1024,163.301,5.742,2.545,0.393,0.643
1162,51,1232.363,1027.225,38.042,1226,1021,11,11,0.443,15.556,1226,1032,45.000,7.324,2.528,0.396,0.667
1163,71,1334.275,1025.148,44.042,1324,1021,18,7,0.460,18.248,1324,1027,9.462,7.000,2.991,0.334,0.763
1164,50,1350.940,1024.760,36.042,1344,1021,12,8,0.484,13.601,1344,1021,143.973,7.589,2.142,0.467,0.676
1165,28,718.214,1024.000,19.899,714,1022,8,4,0.889,8.544,714,1023,159.444,4.000,1.977,0.506,0.933
1166,92,1315.804,1027.446,57.841,1309,1022,14,13,0.346,15.000,1309,1023,126.870,11.926,1.184,0.844,0.713
1167,104,947.692,1027.712,49.698,938,1023,19,11,0.529,19.105,938,1028,6.009,9.653,2.572,0.389,0.751
1168,33,1066.439,1026.045,26.971,1063,1023,8,8,0.570,10.630,1064,1031,48.814,5.657,2.010,0.497,0.776
1169,96,1149.906,1029.365,52.770,1143,1023,13,13,0.433,16.401,1146,1023,127.569,10.579,1.667,0.600,0.736
1170,50,1360.800,1027.180,27.799,1357,1023,8,9,0.813,9.434,1357,1030,32.005,8.000,1.080,0.926,0.833
1171,26,665.462,1026.769,23.799,661,1024,9,5,0.577,9.220,661,1026,167.471,4.707,2.368,0.422,0.722
1172,53,1188.934,1030.255,34.385,1186,1024,6,12,0.563,13.416,1186,1036,63.435,6.000,2.093,0.478,0.791
1173,143,1258.129,1030.290,74.184,1248,1024,20,13,0.327,20.396,1248,1031,11.310,12.988,1.631,0.613,0.713
1174,148,1412.635,1030.270,75.740,1403,1024,18,14,0.324,20.248,1403,1025,147.095,14.000,1.360,0.735,0.679
1175,90,760.511,1028.711,44.971,752,1025,18,7,0.559,19.313,752,1025,158.749,6.472,3.418,0.293,0.878
1176,81,1240.451,1031.870,38.627,1235,1025,10,12,0.682,15.620,1235,1037,50.194,9.803,1.561,0.641,0.862
1177,36,1345.944,1028.861,23.799,1343,1025,6,8,0.799,8.544,1344,1025,110.556,6.000,1.313,0.762,0.837
1178,54,1398.759,1031.667,43.941,1392,1025,12,12,0.351,15.000,1392,1037,53.130,8.485,1.768,0.565,0.624
1179,43,1173.058,1030.500,37.698,1168,1026,9,10,0.380,11.314,1168,1027,135.000,8.746,1.344,0.744,0.637
1180,34,1367.824,1029.353,23.556,1365,1026,7,8,0.770,8.944,1367,1034,63.435,6.517,1.494,0.670,0.819
1181,95,1304.721,1033.932,50.770,1297,1027,15,14,0.463,15.652,1302,1041,63.435,11.885,1.511,0.662,0.683
1182,116,928.112,1031.966,54.870,917,1028,22,10,0.484,22.091,917,1033,5.194,9.828,2.928,0.342,0.744
1183,70,1325.157,1033.329,38.284,1319,1028,11,11,0.600,13.038,1319,1035,32.471,10.429,1.308,0.765,0.757
1184,67,1334.560,1032.828,33.213,1330,1028,11,9,0.763,13.038,1330,1037,32.471,9.000,1.359,0.736,0.859
1185,51,1381.912,1032.167,31.213,1377,1028,11,9,0.658,11.705,1377,1029,160.017,8.713,1.141,0.876,0.729
1186,25,1391.140,1030.020,24.971,1387,1028,8,6,0.504,8.246,1387,1029,165.964,6.000,1.498,0.668,0.714
1187,138,777.022,1033.920,61.456,765,1029,23,9,0.459,23.537,765,1036,12.265,9.000,2.428,0.412,0.800
1188,27,996.019,1031.500,20.142,992,1029,8,5,0.836,8.944,992,1033,26.565,4.919,2.049,0.488,0.871
1189,25,1019.580,1031.620,20.971,1015,1029,8,6,0.714,8.544,1015,1030,159.444,5.657,1.557,0.642,0.746
1190,28,1196.143,1032.393,21.556,1193,1029,6,7,0.757,8.602,1194,1036,54.462,5.093,1.759,0.569,0.812
1191,32,1373.344,1033.125,25.213,1369,1029,9,7,0.633,9.055,1369,1034,173.660,7.000,1.266,0.790,0.744
1192,38,657.395,1037.974,37.456,655,1030,5,15,0.340,15.297,656,1045,78.690,5.000,3.600,0.278,0.580
1193,45,739.567,1033.633,31.213,735,1030,10,7,0.580,11.402,736,1030,142.125,7.000,1.549,0.646,0.738
1194,30,420.000,1035.500,28.627,416,1031,8,8,0.460,8.944,419,1031,116.565,7.056,1.542,0.648,0.619
1195,50,794.140,1034.420,27.799,789,1031,11,7,0.813,11.705,789,1032,160.017,7.000,1.935,0.517,0.840
1196,25,1292.140,1033.660,20.142,1288,1031,8,5,0.774,8.544,1288,1035,20.556,4.743,2.041,0.490,0.820
1197,64,807.703,1036.047,36.971,800,1032,15,7,0.588,16.553,800,1032,154.983,6.306,2.955,0.338,0.837
1198,73,1354.788,1035.774,44.627,1347,1032,16,8,0.461,16.125,1347,1035,7.125,7.424,1.946,0.514,0.745
1199,71,823.627,1037.782,36.142,816,1035,14,7,0.683,15.232,816,1035,156.801,7.000,2.592,0.386,0.887
1200,38,1128.842,1038.368,31.799,1124,1035,12,7,0.472,12.649,1124,1035,161.565,6.791,2.293,0.436,0.685
1201,29,1203.707,1037.948,22.385,1200,1035,7,7,0.727,8.602,1201,1035,125.538,6.364,1.595,0.627,0.773
1202,38,1249.632,1040.395,31.556,1245,1035,11,8,0.480,12.083,1245,1038,155.556,7.778,1.917,0.522,0.618
1203,51,1311.108,1039.284,32.385,1306,1035,11,8,0.611,13.038,1306,1043,32.471,7.340,1.986,0.504,0.773
1204,26,1362.500,1039.462,23.213,1359,1035,7,8,0.606,8.944,1360,1043,63.435,6.261,1.528,0.654,0.667
1205,60,1413.533,1039.717,39.698,1406,1035,15,9,0.478,15.524,1406,1036,165.069,7.761,2.138,0.468,0.690
1206,38,1435.211,1038.368,24.728,1432,1035,7,8,0.781,10.000,1432,1043,53.130,6.641,1.441,0.694,0.835
1207,39,1184.038,1039.833,26.385,1180,1036,8,7,0.704,8.602,1182,1036,125.538,7.000,1.209,0.827,0.821
1208,36,512.750,1041.028,32.042,507,1037,11,10,0.441,13.038,507,1040,147.529,6.313,2.202,0.454,0.585
1209,31,800.855,1041.048,24.385,797,1037,7,8,0.655,9.434,797,1045,57.995,6.325,1.605,0.623,0.747
1210,25,925.100,1039.060,25.556,920,1037,11,4,0.481,11.402,920,1037,164.745,4.000,2.910,0.344,0.735
1211,52,938.250,1040.942,36.971,932,1037,13,7,0.478,14.765,932,1037,151.699,7.000,2.453,0.408,0.738
1212,27,1145.685,1041.870,24.142,1143,1037,5,9,0.582,9.849,1144,1046,66.038,4.439,2.672,0.374,0.761
1213,55,1229.500,1041.464,36.870,1224,1037,12,10,0.508,13.038,1224,1046,32.471,8.429,1.729,0.578,0.643
1214,44,1261.932,1039.818,26.142,1257,1037,9,7,0.809,10.817,1257,1037,146.310,7.000,1.684,0.594,0.854
1215,27,1299.315,1042.537,26.971,1297,1037,6,10,0.466,10.198,1297,1047,78.690,6.000,2.066,0.484,0.635
1216,26,1318.577,1040.962,22.385,1315,1037,7,8,0.652,9.434,1316,1045,57.995,4.950,2.552,0.392,0.703
1217,50,1369.980,1043.140,35.456,1364,1037,11,10,0.500,13.038,1364,1044,32.471,7.603,1.591,0.628,0.699
1218,50,428.400,1044.760,38.284,424,1038,8,13,0.429,13.601,427,1038,107.103,7.649,2.183,0.458,0.629
1219,40,441.100,1040.750,31.213,435,1038,13,6,0.516,13.038,435,1039,175.601,5.954,2.263,0.442,0.727
1220,32,974.500,1040.188,28.385,969,1038,11,5,0.499,11.045,969,1040,174.806,5.000,2.315,0.432,0.753
1221,36,1015.889,1041.583,34.385,1010,1038,11,8,0.383,13.038,1010,1038,147.529,7.495,2.109,0.474,0.567
1222,56,1060.554,1042.946,30.385,1056,1038,10,9,0.762,12.728,1057,1038,135.000,8.050,1.689,0.592,0.836
1223,38,1154.263,1042.079,28.042,1150,1038,10,8,0.607,12.207,1150,1038,145.008,5.657,2.071,0.483,0.776
1224,42,1334.643,1040.762,24.142,1330,1038,9,6,0.906,9.849,1330,1043,23.962,6.000,1.610,0.621,0.894
1225,34,1384.912,1040.676,23.556,1381,1038,9,5,0.770,9.849,1381,1043,23.962,5.000,1.929,0.518,0.861
1226,31,1119.210,1041.984,22.385,1116,1039,7,7,0.777,8.602,1117,1039,125.538,6.708,1.174,0.851,0.775
1227,47,1271.691,1042.713,26.971,1267,1039,9,8,0.812,10.817,1267,1040,146.310,7.155,1.629,0.614,0.839
1228,41,1292.720,1042.939,27.799,1288,1039,9,8,0.667,10.630,1289,1039,131.186,7.428,1.618,0.618,0.745
1229,132,1331.485,1046.955,66.770,1320,1039,20,16,0.372,21.633,1321,1042,146.310,12.459,2.499,0.400,0.620
1230,28,911.143,1043.786,21.799,908,1040,7,8,0.740,8.944,909,1040,116.565,4.950,2.098,0.477,0.778
1231,37,1344.662,1043.203,25.799,1340,1040,10,6,0.699,10.770,1340,1041,158.199,5.692,2.185,0.458,0.787
1232,137,1357.033,1051.485,72.669,1350,1040,15,22,0.326,25.239,1351,1041,123.690,11.384,2.743,0.365,0.620
1233,27,1106.907,1044.204,24.385,1103,1041,8,6,0.571,8.944,1103,1047,26.565,6.000,1.509,0.663,0.740
1234,59,1422.754,1046.263,42.870,1417,1041,10,10,0.403,12.207,1419,1051,55.008,9.800,1.246,0.803,0.724
1235,38,1254.526,1046.132,39.213,1246,1042,15,7,0.311,15.811,1246,1048,18.435,6.417,3.370,0.297,0.543
1236,54,984.037,1045.926,32.627,978,1043,12,7,0.637,13.000,978,1044,157.380,6.833,2.310,0.433,0.777
1237,40,1376.775,1047.700,26.385,1374,1043,7,9,0.722,9.899,1374,1052,45.000,6.957,1.382,0.724,0.816
1238,27,401.944,1046.907,24.971,398,1044,9,6,0.544,9.849,398,1044,156.038,5.814,1.834,0.545,0.711
1239,35,723.700,1047.586,27.799,719,1044,10,7,0.569,10.770,719,1045,158.199,6.548,2.079,0.481,0.693
1240,29,1308.810,1046.983,23.556,1306,1044,6,8,0.657,8.944,1308,1052,63.435,6.000,1.503,0.665,0.784
1241,40,1054.500,1049.325,32.971,1048,1045,13,7,0.462,13.928,1048,1045,158.962,5.701,2.909,0.344,0.672
1242,36,1153.667,1050.389,27.799,1150,1045,8,9,0.585,12.042,1150,1045,131.634,5.657,2.281,0.438,0.735
1243,29,1187.362,1048.638,25.556,1183,1045,8,6,0.558,9.220,1183,1051,40.601,6.000,1.302,0.768,0.725
1244,110,1263.555,1051.273,50.184,1255,1045,16,13,0.549,17.889,1255,1055,26.565,10.733,1.854,0.539,0.772
1245,33,1278.500,1050.712,29.799,1276,1045,6,11,0.467,11.180,1277,1056,79.695,6.000,2.049,0.488,0.680
1246,26,1287.231,1047.808,21.799,1284,1045,7,6,0.688,7.280,1284,1046,164.055,5.692,1.384,0.723,0.776
1247,122,1385.992,1053.352,69.255,1378,1045,17,14,0.320,17.804,1382,1045,128.157,12.333,1.547,0.646,0.689
1248,25,390.220,1049.140,18.728,388,1046,5,7,0.896,7.616,388,1046,113.199,5.000,1.412,0.708,0.877
1249,41,1167.500,1049.793,29.799,1163,1046,9,8,0.580,10.000,1164,1053,36.870,8.000,1.220,0.820,0.701
1250,51,1089.147,1051.794,44.042,1081,1047,14,10,0.330,15.652,1081,1054,26.565,9.648,2.138,0.468,0.515
1251,92,1213.033,1052.957,60.527,1204,1047,17,11,0.316,18.385,1204,1057,22.380,11.000,1.564,0.639,0.630
1252,31,1301.758,1049.694,26.971,1298,1047,8,7,0.536,9.220,1299,1054,49.399,7.000,1.443,0.693,0.697
1253,67,1313.381,1054.306,38.870,1309,1047,9,14,0.557,15.652,1311,1061,63.435,7.649,2.366,0.423,0.753
1254,27,1343.463,1050.574,18.728,1341,1047,5,7,0.967,7.616,1342,1054,66.801,5.000,1.518,0.659,0.885
1255,49,1363.378,1052.051,27.799,1359,1047,8,10,0.797,10.770,1362,1047,111.801,7.891,1.406,0.711,0.810
1256,25,1032.860,1050.700,26.142,1027,1048,10,6,0.460,10.770,1027,1052,21.801,6.000,1.799,0.556,0.641
1257,50,1322.520,1051.660,33.213,1318,1048,11,7,0.570,12.083,1318,1049,155.556,6.905,1.667,0.600,0.769
1258,58,1349.638,1056.500,35.799,1346,1048,7,14,0.569,14.318,1347,1062,77.905,7.000,2.239,0.447,0.758
1259,83,1370.211,1055.102,41.456,1366,1048,10,14,0.607,14.318,1367,1048,102.095,9.751,1.792,0.558,0.779
1260,42,1137.667,1052.381,27.213,1132,1049,11,7,0.713,11.180,1132,1051,169.695,7.000,1.555,0.643,0.764
1261,44,1272.182,1053.773,26.385,1268,1049,8,9,0.794,10.000,1269,1058,53.130,7.519,1.286,0.778,0.815
1262,34,1398.059,1053.529,28.385,1395,1049,7,9,0.530,10.000,1396,1058,53.130,7.000,1.627,0.614,0.673
1263,37,1060.959,1055.014,31.213,1055,1051,10,8,0.477,10.770,1055,1055,158.199,7.747,1.060,0.944,0.685
1264,27,574.315,1055.167,25.213,570,1052,9,8,0.534,10.817,570,1053,146.310,4.882,2.706,0.370,0.635
1265,31,1304.823,1058.177,28.971,1302,1052,6,12,0.464,12.369,1303,1064,75.964,4.743,3.116,0.321,0.713
1266,38,570.553,1059.289,33.456,566,1054,9,10,0.427,13.454,566,1054,131.987,7.034,2.297,0.435,0.613
1267,42,981.500,1057.548,36.870,974,1054,12,8,0.388,13.416,974,1056,153.435,8.000,1.956,0.511,0.618
1268,68,1155.294,1058.985,47.941,1147,1054,15,9,0.372,16.155,1147,1061,21.801,8.485,2.038,0.491,0.638
1269,32,1287.500,1057.281,20.728,1284,1054,7,6,0.936,8.062,1284,1060,29.745,6.000,1.154,0.867,0.889
1270,131,1342.492,1063.187,57.841,1336,1054,14,18,0.492,20.248,1337,1055,122.905,11.344,2.110,0.474,0.716
1271,36,1403.333,1060.194,34.284,1399,1054,8,12,0.385,12.649,1401,1066,71.565,6.868,2.121,0.472,0.600
1272,25,449.860,1059.020,22.728,448,1055,4,9,0.608,9.487,448,1064,71.565,4.000,2.699,0.371,0.781
1273,27,1085.537,1057.611,20.971,1082,1055,8,6,0.772,8.246,1082,1056,165.964,6.000,1.309,0.764,0.783
1274,36,704.222,1058.194,37.213,697,1056,14,4,0.327,14.560,697,1056,164.055,4.000,4.259,0.235,0.655
1275,63,912.278,1063.865,45.698,906,1056,12,13,0.379,17.029,906,1069,49.764,8.438,2.385,0.419,0.618
1276,27,989.574,1059.426,27.556,987,1056,6,8,0.447,9.434,987,1056,122.005,6.000,1.428,0.700,0.675
1277,38,1014.553,1060.211,31.213,1011,1056,9,9,0.490,12.042,1011,1064,41.634,7.211,1.870,0.535,0.667
1278,62,1140.065,1060.016,47.698,1131,1056,15,11,0.342,18.028,1131,1057,146.310,8.437,2.319,0.431,0.614
1279,36,1319.611,1059.333,21.899,1316,1056,7,6,0.943,8.485,1316,1062,45.000,6.000,1.176,0.850,0.923
1280,43,1327.709,1058.756,28.142,1323,1056,10,7,0.682,10.296,1324,1061,29.055,7.000,1.162,0.861,0.796
1281,25,1424.820,1059.460,25.213,1421,1056,8,7,0.494,10.630,1421,1063,41.186,6.000,1.957,0.511,0.617
1282,26,1379.846,1059.615,20.142,1376,1057,8,5,0.805,8.944,1376,1057,153.435,5.000,1.646,0.608,0.812
1283,35,1024.643,1061.814,30.042,1019,1058,10,7,0.487,10.770,1019,1063,21.801,6.731,1.772,0.564,0.642
1284,52,819.365,1061.442,46.042,810,1059,20,5,0.308,20.224,810,1061,171.469,5.000,4.111,0.243,0.638
1285,25,963.380,1061.620,23.556,958,1059,9,5,0.566,10.296,958,1059,150.945,4.667,2.223,0.450,0.746
1286,27,1121.611,1061.907,21.556,1117,1059,9,5,0.730,9.220,1117,1061,167.471,5.000,1.807,0.553,0.771
1287,31,1199.887,1061.532,25.213,1196,1059,8,7,0.613,8.602,1199,1066,54.462,7.000,1.381,0.724,0.729
1288,28,1213.429,1061.036,20.728,1209,1059,8,5,0.819,8.944,1209,1059,153.435,5.000,1.806,0.554,0.862
1289,28,1333.393,1062.036,20.142,1331,1059,6,7,0.867,8.062,1332,1066,60.255,5.659,1.566,0.638,0.848
1290,34,862.853,1063.029,22.728,859,1060,7,7,0.827,8.602,860,1060,125.538,7.000,1.200,0.833,0.819
1291,84,943.619,1064.631,43.698,934,1060,16,10,0.553,17.464,934,1060,156.371,9.467,2.018,0.495,0.747
1292,53,1390.934,1063.972,36.284,1385,1060,11,10,0.506,13.601,1385,1060,143.973,7.778,1.926,0.519,0.688
1293,33,468.015,1065.076,24.385,464,1061,8,8,0.697,9.434,464,1063,147.995,6.685,1.414,0.707,0.750
1294,35,893.643,1065.129,32.627,889,1061,11,7,0.413,12.530,889,1062,151.390,6.871,2.329,0.429,0.625
1295,43,1132.314,1063.965,28.385,1127,1061,10,6,0.671,10.770,1127,1061,158.199,6.000,1.625,0.615,0.796
1296,39,1236.859,1065.577,33.799,1232,1061,10,8,0.429,11.662,1232,1061,149.036,7.920,1.479,0.676,0.624
1297,88,1288.386,1066.818,48.527,1282,1061,12,14,0.470,17.205,1282,1061,125.538,10.262,1.636,0.611,0.730
1298,32,932.312,1065.188,24.971,928,1062,10,6,0.645,10.770,928,1063,158.199,5.909,2.219,0.451,0.744
1299,31,1191.887,1064.790,26.142,1187,1062,11,5,0.570,12.083,1187,1062,155.556,5.000,2.804,0.357,0.785
1300,27,540.463,1064.389,25.899,536,1063,11,4,0.506,11.705,536,1067,19.983,4.000,3.676,0.272,0.806
1301,47,954.989,1066.989,31.799,951,1063,10,9,0.584,10.817,952,1070,33.690,9.000,1.214,0.824,0.686
1302,69,988.529,1068.036,40.284,983,1063,13,11,0.534,14.422,984,1073,33.690,10.786,1.260,0.794,0.697
1303,49,1152.418,1067.867,30.385,1148,1063,9,9,0.667,10.630,1150,1063,131.186,8.485,1.305,0.766,0.772
1304,52,1321.288,1067.538,38.870,1314,1063,11,10,0.432,13.601,1314,1064,143.973,9.003,1.631,0.613,0.675
1305,28,1360.786,1067.214,24.385,1357,1063,7,8,0.592,8.944,1360,1063,116.565,6.934,1.362,0.734,0.700
1306,60,1382.650,1067.067,42.870,1376,1063,15,8,0.410,15.524,1376,1067,165.069,8.000,1.878,0.533,0.628
1307,27,833.685,1066.796,18.728,830,1064,7,5,0.967,8.062,830,1069,29.745,5.000,1.415,0.706,0.885
1308,38,842.763,1068.579,25.556,840,1064,6,9,0.731,9.487,842,1064,108.435,5.918,1.813,0.551,0.809
1309,32,1004.344,1066.188,26.142,999,1064,11,4,0.588,11.402,999,1065,164.745,4.000,3.316,0.302,0.821
1310,29,1218.431,1068.948,27.799,1215,1064,7,10,0.472,11.662,1216,1064,120.964,6.040,2.608,0.383,0.617
1311,40,1329.550,1068.625,30.385,1326,1064,9,9,0.544,12.728,1326,1064,135.000,7.071,1.973,0.507,0.727
1312,49,481.480,1069.398,36.042,476,1065,12,10,0.474,13.000,476,1072,22.620,9.058,1.560,0.641,0.601
1313,44,543.614,1071.000,35.213,539,1065,9,11,0.446,14.213,539,1076,50.711,6.517,2.509,0.399,0.693
1314,45,1121.144,1069.833,28.971,1118,1065,7,9,0.674,10.296,1119,1074,60.945,7.000,1.479,0.676,0.811
1315,25,1139.180,1068.580,17.899,1136,1066,6,5,0.981,7.211,1136,1070,33.690,5.000,1.348,0.742,0.909
1316,28,1169.071,1069.714,20.142,1166,1066,6,7,0.867,8.602,1167,1066,125.538,5.093,1.711,0.584,0.824
1317,65,1354.808,1072.408,33.799,1351,1066,8,13,0.715,13.601,1353,1066,107.103,8.000,1.796,0.557,0.802
1318,36,755.000,1072.083,38.042,748,1068,14,7,0.313,14.318,748,1072,12.095,6.700,2.863,0.349,0.480
1319,41,1020.207,1071.768,36.627,1012,1068,14,7,0.384,14.560,1012,1073,15.945,7.000,2.393,0.418,0.594
1320,37,1184.770,1072.635,31.799,1178,1068,11,8,0.460,12.806,1178,1076,38.660,6.859,2.451,0.408,0.632
1321,29,1398.121,1072.017,27.213,1395,1068,7,9,0.492,10.817,1396,1077,56.310,6.040,2.250,0.444,0.644
1322,26,739.538,1073.077,24.385,735,1069,9,7,0.549,11.402,735,1069,142.125,4.737,3.033,0.330,0.693
1323,36,928.944,1073.944,29.213,926,1069,6,10,0.530,10.198,929,1069,101.310,6.000,1.775,0.563,0.742
1324,42,1158.690,1073.905,29.213,1154,1069,8,10,0.618,10.198,1160,1079,78.690,8.000,1.100,0.909,0.737
1325,35,1200.329,1072.643,24.385,1195,1069,9,7,0.740,9.220,1195,1073,12.529,7.000,1.203,0.831,0.778
1326,32,1315.938,1074.938,23.556,1312,1071,8,7,0.725,8.602,1312,1078,54.462,6.576,1.276,0.784,0.790
1327,45,1361.944,1075.633,25.556,1358,1071,8,8,0.866,9.434,1358,1079,32.005,8.000,1.133,0.883,0.849
1328,41,839.085,1075.963,34.627,833,1072,14,7,0.430,14.866,833,1073,160.346,6.128,2.796,0.358,0.667
1329,33,1027.621,1075.985,22.485,1023,1074,9,4,0.820,9.849,1023,1074,156.038,4.000,2.166,0.462,0.957
